split,input_text,target_text,prediction,sentence_cer,sentence_wer,exact_match,error_categories
test,Sofer simik ou ena pli boukou lalkol dn so disan so lizie flou li kwar li lor priorite pou li,Sofer simik ou ena plis buku lalkol dan so disang. So lizye flou li krwar li lor priorite pu li.,"Sofer simik ou ena plis buku lalkol dan so disang, so lizye flou. Li krwar li lor priorite pu li.",0.041666666666666664,0.2,False,punctuation_error;capitalization_error;spacing_error
test,Bour dife da loto la,Boure dife dan loto la.,Boure dife da loto la.,0.043478260869565216,0.2,False,capitalization_error;spacing_error
test,ESKI LEGAL SA DIMOUN TRAVAY 24/7 SIRTOU DAN SECTEUR MEDICAL SERVICE BIZIN OUVER 24/7 MAIS PAR ROTATION,ESKI LEGAL SA DIMUNN travail 24/7?? SIRTU DAN SECTEUR MEDICAL? SERVICE BIZIN OUVER 24/7 MAIS PAR ROTATION.,ESKI LEGAL SA DIMUNN travail 24/7 SURTOUT DAN SECTEUR MEDICAL SERVICE BIZIN OUVER 24/7 MAIS PAR ROTATION.,0.05660377358490566,0.17647058823529413,False,punctuation_error;capitalization_error;spacing_error
test,Ton polo ou fine bien faire pou ca pays la mo pense ou bizin alle repose kapav ou ena raison mais ou pas pou kapav change le monde.. Plito ou alle la tete haute.. Ou fine donne ou contribution,"Ton Polo, ou finn bien faire pu sa pays la. Mo pense ou bizin ale repose. Kapav ou ena raison, mais ou pas pu kapav change le monde.. Plito ou ale latet haute.. Ou finn donne ou contribution.","Ton Polo, ou finn bien faire pu sa pays la, mo pense ou bizin ale repose kapav ou ena raison mais ou pas pu kapav change le monde.. Plito ou ale latet haute.. Ou finn donne ou contribution.",0.02617801047120419,0.13157894736842105,False,punctuation_error;capitalization_error;spacing_error
test,Ferme ta guele conasse,Ferme ta guele conasse.,Ferme ta gel konas.,0.21739130434782608,0.5,False,capitalization_error;spacing_error
test,To finn fail.. Nothing pu protect sa simple policier la from evryday agression..,To finn fail.. Nothing pu protect sa simple policier la from everyday agression.,To finn fail.. Nothing pu protect sa simple policier la from everyday agression..,0.0125,0.07692307692307693,False,punctuation_error;spacing_error
test,Geut so zar largent facile li faire my god,Get so zar larzan facile li faire my God.,Get so zar larzan facile. Li faire My God.,0.07317073170731707,0.3333333333333333,False,punctuation_error;capitalization_error;spacing_error
test,Sa zafer la pnna vaccine contre sa... à prendre vraiment au sérieux...... niveau maximal je dirai,Sa zafer la pena vaccine contre sa... à prendre vraiment au sérieux...... niveau maximal je dirai,Sa zafer la pena vaccine contre sa... à prendre vraiment au sérieux...... Niveau maximal je dirai.,0.020618556701030927,0.125,False,punctuation_error;capitalization_error;spacing_error
test,"[NAME], tifi la meme ine dire pas ti ena aucun baby quan li ti alle cot li supposer faire baby sitter la","[NAME], tifi lamem inn dire, pas ti ena aucun baby kan li ti ale kot li supposer faire babysitter la.","[NAME], tifi lamem inn dire pas ti ena aucun baby. Kan li ti ale kot li supposer faire babysitter la.",0.0297029702970297,0.15,False,punctuation_error;capitalization_error;spacing_error
test,Depi to p chant sa eclak so baraz bcp problem p gagne stop r sa do 😡,"Depi to pe sante, sa eclate so baraz, buku problem pe gagne stop ar sa dow. 😡","Depi to pe chante sa eclak so baraz, buku problem pe gagne stop ar sa dow. 😡",0.06493506493506493,0.11764705882352941,False,punctuation_error;spacing_error
test,Sorry mais avek nu cher Government 😅😅 zafair parait Dan pince n chance mo Dan UK loll,Sorry mais avek nu cher government 😅😅 zafer paret dan pince. Enn chance mo dan UK lol.,Sorry mais avek nu cher government 😅😅 zafer paret dan pince enn chance mo dan UK lol.,0.023255813953488372,0.11764705882352941,False,punctuation_error;capitalization_error;spacing_error
test,Mo trouve kuma dr camion la ine guet zis cot kot loto la p vini li pann dne le temps camion la full tord priorit pr van la🤦‍♀️🤦‍♀️🤦‍♀️,"Mo truve kumadir camion la inn get zis kot kot loto la pe vini, li pann donne letan. Camion la full antor. Priorite pour van la.🤦‍♀️🤦‍♀️🤦‍♀️",Mo truve kumadir camion la inn get zis kot kot loto la pe vini. Li pann donne letan camion la full tord priorite par van la.🤦‍♀️🤦‍♀️🤦‍♀️,0.07142857142857142,0.2692307692307692,False,punctuation_error;capitalization_error;spacing_error
test,"[NAME], bizin coupe so la main pou ki jamain li capav trap volant coumsa toute long so ladies li pou conne kifer so lamain fin coupez","[NAME], bizin coupe so la main pu ki zame li kapav trape volant. Kumsa toute long so lavi li pu kone kifer so lamain finn coupe.","[NAME], bizin coupe so la main pu ki jamain li kapav trape volant kumsa. Toute long so ladies li pu kone kifer so lamain finn coupe.",0.0859375,0.19230769230769232,False,capitalization_error;spacing_error
test,Kumndia film papaohhh ek kumn lin kav ress trankil 9 ans sa pan manz li endn 🤷‍♀️,Kumadir film papa ek kuma linn kapav res trankil 9 ans? Sa pann manze li endan. 🤷‍♀️,Kumadir film papaoh ek kuma linn kapav res trankil. 9 ans sa pann manze li endan. 🤷‍♀️,0.05952380952380952,0.23529411764705882,False,punctuation_error;capitalization_error;spacing_error
test,Linn roder linn ggner.....,Linn rode linn gagne.....,"Linn rode, linn gagne.....",0.04,0.25,False,punctuation_error;spacing_error
test,"[NAME], pareil cmt beaucoup p work dans magazin la boutik etc li pareil ban comments certains dimounes ça ouf🤦‍♀️","[NAME], pareil kuma beaucoup pe work dans magazin, la boutik etc, li pareil! Bann comments certains dimunn sa, ouf.🤦‍♀️","[NAME], pareil kuma beaucoup pe work dans magazin la boutik, etc. Li pareil bann comments certains dimunn sa ouf.🤦‍♀️",0.058823529411764705,0.3684210526315789,False,punctuation_error;capitalization_error;spacing_error
test,Boss depi oune tire sa chanter la Vraiiem tou chauffeur p eclat baraz en 2026 👊,"Boss, depi ou tire sa chanter la vraimen tu chauffeur pe eclate baraz en 2026. 👊",Boss depi ou tire sa chante la. Vraimem tu chauffeur pe eclate baraz en 2026. 👊,0.0625,0.25,False,punctuation_error;capitalization_error;spacing_error
test,Moi mo dir laiss saleté la laba em,Moi mo dir laisse salte la labamem.,Moi mo dir laisse salte la laba mem.,0.02857142857142857,0.2857142857142857,False,spacing_error;extra_word_error
test,Hey aret pran nou pou gopia do bege to vieux fesse la aller mauvais menteur,"Hey! Aret pran nu pu gopia dow! Bez to vieux fesse la, ale move menteur.","Hey, aret pran nu pu gopia dow. Bez to vieux fesse la ale mauvais menteur.",0.125,0.3333333333333333,False,punctuation_error;capitalization_error;spacing_error
test,Banla aussi ti al fer aller navin aller navin napa killer selman banla em in killer 🫣,Banla aussi ti ale fer ale Navin ale Navin napa killer. Selma banla mem inn killer. 🫣,"Banla aussi ti ale fer ale Navin, ale Navin! Napa killer selma banla mem inn killer. 🫣",0.058823529411764705,0.29411764705882354,False,punctuation_error;capitalization_error;spacing_error
test,Facile pou zot accuse zot travailler voleur zot panser kan zot ena largent tou permit pou zot,"Facile pu zot accuse zot travayer voleur, zot pense kan zot ena larzan tu permis pu zot.",Facile pu zot accuse zot travailleur voleur. Zot pense kan zot ena larzan tu permis pu zot.,0.06818181818181818,0.17647058823529413,False,punctuation_error;capitalization_error;spacing_error
test,Al fime n simik lasari tchurel 🙃,"Ale fime enn simik, lasari tchurel. 🙃",Ale fime enn simik lasari techurel. 🙃,0.05405405405405406,0.2857142857142857,False,punctuation_error;capitalization_error;spacing_error
test,[NAME] pa juste nom la banque la aussi dimoune la,"[NAME], pa just nom la banque la, aussi dimunn la.",[NAME] pa just nom la banque la aussi dimunn la.,0.04,0.2,False,punctuation_error;spacing_error
test,Total comie in ariver sa lannee la record sa,Total komie inn arrive? Sa lane la record sa.,Total komie inn arrive sa? Lane la record sa?,0.1111111111111111,0.4444444444444444,False,punctuation_error;capitalization_error;spacing_error
test,Cumsa mem ki cash p aler dhors,Kumsamem ki cash pe ale deor.,Kumsamem ki cash pe ale deors?,0.06896551724137931,0.16666666666666666,False,punctuation_error;capitalization_error;spacing_error
test,Pran li ameme li to lakage,Pran li amenn li to lakaz.,Pran li amem li to lakaz.,0.07692307692307693,0.16666666666666666,False,capitalization_error;spacing_error
test,Franchement moris diman plis ki sa,"Franchement, Moris demande plis ki sa.",Franchement Moris demande plis ki sa.,0.02631578947368421,0.16666666666666666,False,punctuation_error;spacing_error
test,Zot fine decouyoner aster pas conner qui pou faire pou allé tire chat et laisse le rat faire ravage pas blier tire moustique parcequi seul animaux qui porteuses des virus,Zot finn dekuyone aster pas kone qui pu faire. Pu ale tire chat et laisse le rat faire ravage. Pas bliye tire moustique parski seul animaux qui porteuses des virus.,Zot finn dekuyone. Aster pas kone qui pu faire pu ale tire chat et laisse le rat faire ravage. Pas bliye tire moustique parski seul animaux qui porteuses des virus.,0.024390243902439025,0.13333333333333333,False,capitalization_error;spacing_error
test,"Pas femme la, ki p text!! [NAME] in prend mobile so femme et p text. Ah bein!! 🤭😅😆","Pas femme la, ki pe text!! [NAME] inn prend mobile so femme et pe text. Ah bein! 🤭😅😆","Pas femme la, ki pe text!! [NAME] inn prend mobile so femme et pe text. Ah bein!! 🤭😅😆",0.011904761904761904,0.05555555555555555,False,punctuation_error;spacing_error
test,Ey arete fr boufon dow matlo... Apres ki pu tirer ban poissson ki ena dan lac sacrer,Ey aret fer boufon dow matlo... Apre ki pu tire bann poissson ki ena dan lac sacre.,"Ey, aret fer boufon dow matlo... Apre ki pu tire bann poisson ki ena dan lac sacrer.",0.03614457831325301,0.17647058823529413,False,punctuation_error;spacing_error
test,"1danger public. bzn bez fermer pna caution,cbn case lor li la","1 danger public. Bizin bez ferme pena caution, se bann case lor li la.","1 danger public. Bizin bez ferme pena caution,kan case lor li la.",0.08571428571428572,0.21428571428571427,False,capitalization_error;spacing_error;missing_word_error
test,Parent la bzn fer gate.... si pna gate gard dan lakaz endan.... conductrice la pa entor li.... li lor so chemin.... Aster kavé. Sofer bzn veille tou zanfans dan lakour avan roul lor chemin,"Parent la bizin fer gate.... Si pena gate, garde dan lakaz endan.... Conductrice la pa antor li.... Li lor so chemin.... Aster kave, sofer bizin veille tu zanfan dan lakour avant roule lor chemin.",Parent la bizin fer gate.... Si pena gate garde dan lakaz endan.... conductrice la pa antor li.... li lor so chemin.... Aster kave. Sofer bizin veille tu zanfan dan lakour avant roule lor chemin.,0.025510204081632654,0.14705882352941177,False,punctuation_error;capitalization_error;spacing_error
test,Kumadir mama la ki in vend so piti san ki piti koner 🤦‍♂️,Kumadir mama la kinn vend so piti sans ki piti kone. 🤦‍♂️,"Kumadir mama la ki inn vande so piti, san ki piti kone? 🤦‍♂️",0.12280701754385964,0.5,False,punctuation_error;capitalization_error;spacing_error;extra_word_error
test,Capave tir 1 communique pou pa al travail s'il vous plait,Kapav tire 1 communique pu pa ale travail s'il vous plait.,"Kapav tire 1 communique pu pa ale travail, s'il vous plait.",0.017241379310344827,0.09090909090909091,False,punctuation_error;spacing_error
test,En gagne alzaimer lot scandals roche,"Enn gagne Alzheimer, lot scandals roche.",Enn gagne Alzheimer lot scandals roche.,0.025,0.16666666666666666,False,punctuation_error;spacing_error
test,Parent ki penser si pa met leson piti la pa pou passer mo ena ene tifi zamer lin pren leson dan so la vie et pourtan lin travay super bien lin mem participe dan ban competition kot lin gagner zordi li p alle universite malgre li pa ti pren okaine leson et li ti tou l temp z best dan so classe dan recre li ti p aide ban zenfan ki ti p pren leson et pa ti p conne zte devoir li re explik zte li ti coma ene ti miss,"Parent ki pense? Si pa met lesson, piti la pa pu passe. Mo ena enn tifi zame linn pran lesson dan so lavi et pourtan linn travail super bien linn mem participe dan bann competition kot linn gagne. Zordi li pe ale universite malgre li pa ti pran okenn lesson. Et li ti tultan the best dan so classe. Dan recre li ti pe aide bann zanfan ki ti pe pran lesson et pa ti pe kone zot devoir li re eksplik zot. Li ti kuma enn ti miss.","Parent ki pense si pa met lesson, piti la pa pu passe. Mo ena enn tifi zame linn pran lesson dan so lavi et pourtan linn travail super bien. Linn mem participe dan bann competition kot linn gagne. Zordi li pe ale universite malgre li pa ti pran okenn less",0.4107981220657277,0.4943820224719101,False,punctuation_error;capitalization_error;spacing_error;missing_word_error
test,"[NAME], kifer non bcp dimoune fer ca pas 1 problem mo pas p pleiner gramatin tantot mwa 😂😂","[NAME], kifer non? Buku dimunn fer sa. Pas 1 problem, mo pas pe plaigne gramatin tantot mwa. 😂😂","[NAME], kifer non? Buku dimunn fer sa pas 1 problem? Mo pas pe pleine gramatin tantot mwa. 😂😂",0.06315789473684211,0.2777777777777778,False,punctuation_error;capitalization_error;spacing_error
test,Kan la met 3 crédit pou hsc ça pas incite ban élève moyen travail plus. Ban ce k brillant pou rest top zot. Tandis ce ki ena trois crédit li dire pas casse la têteo coner mo pou fair hsc. Beaucoup ban ce ki ena 3 crédit bizin faire 3 ans au lieu 2 ans hsc pou gagne ene résultat correct sinon résulta la faible dan la majorité des cas. Pou universitaire bizin ena ene bon bagage. La dans cpv ena 1 ou 2 exception mais en général non. Mo garanti ki le taux de réussite pou chuter encore l’année prochain. Ca quantité resource ki ene parent bizin et ki l’état dépenser mo trouver li mouilleur pou 3 crédit alle vers polytechnique ou technique parceki dans trois ans la bas ou sorti avec ene certificat ki permettre ene employabilité instantané. Moi mo fine faire l’expérience et avec preuve à l’appui mo cpv challenge n’importe ki que ce soit,Kan la met 3 crédit pu HSC sa pas incite bann élève moyen travail plus. Bann seki brillant pu reste top zot. Tandis seki ena trois crédit li dire pas kase la tête kone mo pu fer HSC. Beaucoup bann seki ena 3 crédit bizin faire 3 ans au lieu 2 ans HSC pu gagne enn résultat correct sinon rezilta la faible dan la majorité des cas. Pu universitaire bizin ena enn bon bagage. Ladan kapav ena 1 ou 2 exception mais en général non. Mo garanti ki le taux de réussite pu chuter encore l’année prochain. Sa quantité resource ki enn parent bizin et ki l’état dépenser mo truve li meilleur pu 3 crédit ale vers polytechnique ou technique parski dans trois ans laba ou sorti avec enn certificat ki permettre enn employabilité instantané. Moi mo finn faire l’expérience et avec preuve à l’appui mo kapav challenge n’importe ki que se soit.,Kan la met 3 crédit pu HSC sa pas incite bann élève moyen travail plus. Bann seki brillant pu reste top zot. Tandis seki ena trois crédit li dire pas kase la têteo kone mo pu fer HSC. Beaucoup bann seki ena 3 crédit bizin faire 3 ans au lieu 2 ans H,0.7013301088270859,0.6666666666666666,False,punctuation_error;capitalization_error;spacing_error;missing_word_error
test,Ena 1 prof dan 1 college privee a flacq ki fer computer science mem li pa fer so travail bien dan college lin ramasse tou eleves e donne zot leçon li monte ban eleves so la tete contre les autres prof e prnd les autres prof so eleves si pu li so class leçon computer science rempli e les autres prof zot class pena mem eleve leçon miss la bizin fer so travail honetement dan lekol mem en 1er aulieu monte la tete eleve,"Ena 1 professur dan 1 college prive a Flacq kifer Computer Science. Mem li pa fer so travail bien dan college linn ramasse tu zelev et donne zot leçon, li monte bann eleves so latet contre les autres professeur et prnd les autres professeur so zelev si. Pu li so class leçon Computer Science rempli et les autres professeur zot class pena mem zelev leçon. Miss la bizin fer so travail honetement dan lekol mem en 1er aulieu monte latee zelev.",Ena 1 professeur dan 1 college prive a Flacq. Kifer Computer Science? Mem li pa fer so travail bien dan college? Linn ramasse tu zelev et donne zot leçon. Li monte bann zelev so latet contre les autres professeur et prnd les autres professeur so zelev si,0.45475113122171945,0.5432098765432098,False,punctuation_error;capitalization_error;spacing_error;missing_word_error
test,Pa ou garçon kin fer crime.. Ok... B la levre ek nene la kisana ti morde madame🤣🤣🤣🤣🤣..,Pa ou garçon kinn fer crime.. Ok... B la levre ek nene la kisanla ti morde madame🤣🤣🤣🤣🤣..,Pa ou garçon kinn fer crime.. Ok... B la levre ek nene la kisanla ti morde madame.🤣🤣🤣🤣🤣..,0.011363636363636364,0.058823529411764705,False,punctuation_error;spacing_error
test,Bane bel peto ki al linde bizin en 40 1 kuma retourne. fodrai pa ki acoze proche ar gouvernment zote traverse dan filet zote rentre.,"Bann bel peto ki ale Inde, bizin en 40 1 kuma retourne. Fode pa ki akoz proche ar gouvernment zot traverse dan filet, zot rantre.","Bann bel peto ki ale Inde, bizin en 40 1 kuma retourne. Fode pa ki akoz proche ar gouvernment zot traverse dan filet zot rantre.",0.007751937984496124,0.04,False,punctuation_error;spacing_error
test,"[NAME], pou 8mois?","[NAME], pu 8mois?","[NAME], pu 8 mois?",0.058823529411764705,0.6666666666666666,False,spacing_error;extra_word_error
test,So garson tou lerla b cuma viv ek sa lor ou conscience kpv viv mem philipe tousin ine bien dir ena dimoune ena leker zanimo tou saki tofer 1zour pou retourne r twa🤷‍♂️🤷‍♂️🤷‍♂️,"So garson tu lerla b kuma viv ek sa lor ou conscience? Kapav viv mem? Philipe tousin inn bien dir, ena dimunn ena leker zanimo. Tu seki to fer, 1 zur pu retourne ar twa. 🤷‍♂️🤷‍♂️🤷‍♂️",So garson tu lerla. B kuma viv ek sa lor ou conscience kapav viv mem. Philipe tousin inn bien dir: ena dimunn ena leker zanimo tu. Seki tofer 1 zur pu retourne ar twa?🤷‍♂️🤷‍♂️🤷‍♂️,0.07692307692307693,0.3611111111111111,False,punctuation_error;capitalization_error;spacing_error;missing_word_error
test,Cp so so. eil in casserole la aussi ene ferfoot li pas pou faire,CP so somey inn casserole la aussi enn ferfoute li pas pu faire.,CP so so. Eil inn casserole la aussi enn ferfoute li pas pu faire.,0.078125,0.15384615384615385,False,punctuation_error;capitalization_error;spacing_error;extra_word_error
test,Kpve perdi la vie soit ale fermer pou nnyen to trankil si to ggne problem ek dimoune pas koner ki bisin faire dns sa pays la🤬🤬,Kapav perdi lavi soi ale ferme pu nanyin. To trankil si to gagne problem ek dimunn. Pas kone ki bizin faire dans sa pays la.🤬🤬,Kapav perdi lavi soit ale ferme pu nanyin to trankil. Si to gagne problem ek dimunn pas kone ki bizin faire dans sa pays la.🤬🤬,0.05555555555555555,0.28,False,punctuation_error;capitalization_error;spacing_error
test,Bzn boure [NAME] la ler la li pou content😁😁😁😁😅😅,"Bizin boure [NAME] la, ler la li pu kontan.😁😁😁😁😅😅",Bizin boure [NAME] la lerla li pu kontan.😁😁😁😁😅😅,0.04081632653061224,0.3333333333333333,False,punctuation_error;spacing_error;missing_word_error
test,"That woman is queen of self control! I'm amazed! Par contre, c'est pas marrant du tt... Mari toupé sa bane malang la Ena aster, cokin gazeuse!!!! Pas met program kan Pena casse dow","That woman is queen of self control! I'mo amazed! Par contre, c'est pas marrant ditou... Mari toupe sa bann malang la ena aster, kokin gazeuse!!!! Pas met program kan pena kas dow.","That woman is queen of self control! I'm amazed! Par contre, c'est pas marrant du tu... Mari toupe sa bann malang la ena aster, kokin gazeuse!!!! Pas met program kan pena kas dow.",0.022222222222222223,0.09375,False,capitalization_error;spacing_error;extra_word_error
test,nu bisin cimprend ene zafer la police pa alle kot ban saint penser si ene sa ban policier zot famille,Nu bizin konpran enn zafer: la police pa ale kot bann saint pense si enn sa bann policier zot famille.,Nu bizin cimprend enn zafer la police pa ale kot bann saint. Pense si enn sa bann policier zot famille.,0.0784313725490196,0.2,False,punctuation_error;capitalization_error;spacing_error
test,Dpi kan zot travail 24/7👀 🤔. 3/4 letmp kan t aler doctor mm pna,Depi kan zot travail 24/7.👀 🤔 3/4 letan kan to ale doctor mem pena.,Depi kan zot travail 24/7👀 🤔 3/4 letan kan to ale doctor mem pena.,0.014925373134328358,0.07142857142857142,False,punctuation_error;spacing_error
test,Humm intéressant,Hum intéressant.,"Humm, intéressant.",0.125,0.5,False,punctuation_error;capitalization_error;spacing_error
test,"[NAME], earthquakes have always happened and will continue to happen pas la fin du monde nanier sa","[NAME], earthquakes have always happened and will kontiyn to happen. Pas la fin du monde nanryin sa.","[NAME], earthquakes have always happened and will continue to happen. Pas la fin du monde nanyin sa.",0.05,0.11764705882352941,False,capitalization_error;spacing_error
test,Mentalité la sa arrogance la kan ena boulons lors zepol penser zot intouchable paye lessence ek servicing lepep pou so fam profiter,"Mentalité la sa. Arrogance la kan ena boulons lor zepol. Pense zot intouchable. Peye lessence ek servicing lepep, pu so fam profite.",Mentalité la sa arrogance la. Kan ena boulons lor zepol pense zot intouchable. Peye lessence ek servicing lepep pu so fam profite.,0.05303030303030303,0.3181818181818182,False,punctuation_error;capitalization_error;spacing_error
test,Dan sa video particulier laaa van la ti p deja roule r full phare ena different circonstances kot sa accident laa in kav ariv soffer van laa ou camion laa pa ti atan pu ariv 1 tragedie parey pa nek dur sipa chauffeur van laa en tord ou soi camion laaa entord paski personne pa ti laba sa ler kin ariv sa accident laaa pa nek juge dmun kmsaaa paski jur dmun pu juge ou ou pa pu kntn,"Dan sa video particulier la, van la ti pe deza roule ar full phare. Ena different circonstances kot sa accident la inn kapav arrive. Sofer van la ou camion la pa ti atann pu arrive 1 tragedie pareil. Pa nek dur sipa chauffeur van la en tort ou soi camion la antor parski personne pa ti laba sa ler kinn arrive sa accident la. Pa nek juge dimunn kumsa parski zur dimunn pu juge ou ou pa pu kontan.","Dan sa video particulier la, van la ti pe deza roule ar full phare. Ena different circonstances kot sa accident la? Inn kapav arrive sofer van la. Ou camion la pa ti atann pu arrive 1 tragedie. Pareil pa nek dur sipa chauffeur van la en tort ou soi camion",0.3838383838383838,0.4810126582278481,False,punctuation_error;capitalization_error;spacing_error;missing_word_error
test,"[NAME], ah b t qui toi😂?","[NAME], ah b to qui toi?😂","[NAME], ah b to qui toi?😂?",0.04,0.16666666666666666,False,punctuation_error;spacing_error
test,Louche sa don bon version,"Louche sa, donne bon version.",Louche sa donne bon version.,0.034482758620689655,0.2,False,punctuation_error;spacing_error
test,"Manque ene tigit, li change so nom tout...!!!😲","Manque enn tigit, li change so nom tu...!!! 😲","Manque enn tigit, li change so nom tu...!!!😲",0.022222222222222223,0.2222222222222222,False,spacing_error;missing_word_error
test,License sa sofar la bizin cancell pa capave tous les jours tan sa banne accidents pareille nous public nous la vie bien en danger kan nous p sorti pa sure nous p retoune la caze mes sympathy as la famille que son ame repose en paix,License sa sofar la bizin cancel. Pa kapav tulezur tande sa bann accidents pareil. Nous public nous lavi bien en danger. Kan nous pe sorti pa sure nous pe retoune lakaz. Mes sympathy à la famille. Que son âme repose en paix.,"License sa sofar la bizin cancel. Pa kapav tulezur tande sa bann accidents pareil. Nous public nous lavi bien en danger. Kan nous pe sorti, pa sure nous pe retoune lakaz. Mes sympathy a la famille. Que son ame repose en paix.",0.013392857142857142,0.07142857142857142,False,punctuation_error;spacing_error
test,Are sa kouyonade metéo la kapav perdi la vie kan li dire gro soleils ve dire inondations,"Ar sa kuyonad metéo la kapav perdi lavi, kan li dire gro soleils vdire inondations.",Ar sa kuyonad metéo la kapav perdi lavi kan li dire gro soleil vdire inondations.,0.024096385542168676,0.13333333333333333,False,punctuation_error;capitalization_error;spacing_error
test,Reposé pas encore assez emm,Reposé? Pas encore assez mem!,Reposé pas encore. Assez mem.,0.1724137931034483,1.0,False,punctuation_error;capitalization_error;spacing_error
test,Met 🐟 dans la trap akoz zot mange sa meme labas,Met 🐟 dans la trape. Akoz zot manze samem laba.,Met 🐟 dans la trape akoz zot manze samem laba.,0.0425531914893617,0.2,False,punctuation_error;capitalization_error;spacing_error
test,Cpve zafer. La. P. Hante. Li. Ou. Soi. Mari. P. Kit. Li. Bien. Louche. Apres. 9. Ans,Kapav zafer la pe hante li ou soi mari pe kite li. Bien louche. Apre 9 ans.,Kapav zafer la pe hante li ou soi mari pe kite li bien louche. Apre 9 ans.,0.02666666666666667,0.11764705882352941,False,punctuation_error;capitalization_error;spacing_error
test,Fer pareil pou sa ban ki vend la drogeu la met la trap🤣🤣,"Fer pareil pu sa bann ki vend la drogue la, met la trape.🤣🤣",Fer pareil pu sa bann ki vande la drogue la met la trape.🤣🤣,0.05084745762711865,0.15384615384615385,False,punctuation_error;capitalization_error;spacing_error
test,Aryooo xtraa sa frissonsa coumadire mo p tane so maman ki p crier seigneur donne sa famille la courage stp,"Aryo extra sa frisson sa, kumadir mo pe tande so maman ki pe kriye. Seigneur donne sa famille la courage stp.","Aryo extra sa frisson sa. Kumadir mo pe tande so maman ki pe kriye. Seigneur donne sa famille la courage, stp.",0.027522935779816515,0.14285714285714285,False,punctuation_error;capitalization_error;spacing_error
test,"[NAME], guet bese","[NAME], get bez.","[NAME], get bese.",0.125,0.3333333333333333,False,capitalization_error;spacing_error
test,Ban malonaitre bizin bour zot nons pou qui public conne qui l'éducation zot parents fine donnne quand ene pied pouce traver depuis tipiti bizin dresse li ena zot donne nons ena zot masqué nons,Bann malonaitre bizin boure zot nons pu qui public kone qui l'éducation zot parents finn donnene quand enn pied pouce traver depuis tipiti bizin dresse li ena zot donne nons ena zot masqué nons.,"Bann malonaitre bizin boure zot nons pu qui public kone qui l'éducation zot parents finn donne. Quand enn pied pousse traver depuis tipiti bizin dresse li. Ena zot donne nons, ena zot masqué non.",0.04639175257731959,0.20588235294117646,False,punctuation_error;capitalization_error;spacing_error
test,20cm delo assé pou ene tibaba noyé ena ban ti lespri pou riyé pena pou compran kuma mais li kumsa zot zis ena pou apran ek partaz sa zot tou,20cm dilo ase pu enn tibaba noye. Ena bann ti lespri pu riye. Pena pu konpran kuma. Mais li kumsa. Zot zis ena pu aprann ek partaz sa zottu.,20cm dilo ase pu enn tibaba noye. Ena bann ti lespri pu riye. Pena pu konpran kuma mais li kumsa zot zis ena pu aprann ek partaz sa zottu.,0.02857142857142857,0.13793103448275862,False,punctuation_error;capitalization_error;spacing_error
test,Espérons légume la vine bon marché et vende dan tou coin et boutique marketing board. Li pa mauvaise si li controle par l'état capave ene li choux pou vend 10rs 1lbs aricot 25 rs ban marchand legume la va arête tir Nous manger si se comsa ok. Li vaut la peine.,Espérons légume la vinn bon marse et vande dan tu coin et boutique marketing board. Li pa mauvaise si li controle par l'état kapav enn li choux pu vend 10rs 1lbs aricot 25 rs bann marchand legume la va aret tire Nous manze si se comsa ok. Li vaut la peine.,Espérons légume la vinn bon marché et vande dan tu coin et boutique marketing board. Li pa mauvaise si li controle par l'état kapav enn li choux pu vend 10Rs 1 lbs aricot 25 Rs bann marchand legume la va aret tire nous manze si se kumsa ok. Li vaut la,0.0625,0.1568627450980392,False,punctuation_error;capitalization_error;spacing_error
test,Learner loto bis camion kifr pa gagne sa ban problem la,"Learner loto, bis, camion kifer pa gagne sa bann problem la?","Learner loto bis camion, kifer pa gagne sa bann problem la?",0.05,0.2727272727272727,False,punctuation_error;spacing_error
test,Be monn trouve bann chat errant la p tire tilapia p mangé moi zott pas mangé fromage zott,"B mon truve bann chat errant la pe tire tilapia pe manze moi, zot pas manze fromage zot?",B mon truve bann chat errant la pe tire tilapia pe manze. Moi zot pas manze fromage zot.,0.045454545454545456,0.16666666666666666,False,punctuation_error;capitalization_error;spacing_error
test,Met l'ordre dans tous ça la,Met l'ordre dans tusala.,Met l'ordre dans tusa la.,0.041666666666666664,0.5,False,spacing_error;extra_word_error
test,"Li bon contigner envlop bis dan papier cado,,, ban imbecile","Li bon! Kontiyn envlop bis dan papier cado, bann inbesil.","Li bon kontiyn avolop bis dan papier cado, bann inbesil.",0.08771929824561403,0.3,False,punctuation_error;capitalization_error;spacing_error
test,Since my childhood till now i didnt notices this even im veg🙄🙄🙄 hein ban hindu plitot pas manz non veg ni mine apollo si aret manz b,"Since my childhood till now I didn'to notice this. Even I'mo veg?🙄🙄🙄 hein. Bann Hindu plito pas manze non veg, ni mine apollo si. Aret manze b.",Since my childhood till now I didn'to notices this even I'mo veg🙄🙄🙄 hein. Bann Hindu plito pas manze non veg ni mine apollo si aret manze.,0.06293706293706294,0.3333333333333333,False,punctuation_error;capitalization_error;spacing_error;missing_word_error
test,Ban ministre la get 1 coute dans place p ale tire canard dans g. Bassin ena travail pli important pou fr 💯,"Bann ministre la get enn kut dan plas, pe ale tire canard dan Grand Bassin. Ena travail plis important pu fer. 💯",Bann ministre la get 1 kut dans place pe ale tire canard dans Grand Bassin. Ena travail plis important pu fer. 💯,0.0625,0.18181818181818182,False,punctuation_error;spacing_error
test,Remet 1 lorde dan la force piloncier sory policiere avan vine metr lorde ar civil done bn lexemple zot mm,"Remet 1 lord dan la force policiere, sorry policiere! Avant vinn met lord ar civil, donne bann legzanp zot mem.",Remet 1 lord dan la force piloncier. Sory policiere avant vinn met lord ar civil. Donne bann legzanp zot mem.,0.0990990990990991,0.3,False,punctuation_error;capitalization_error;spacing_error
test,Mes sympathy et courage la fami mon pase laba ver 06:45am pompiyer ti lave sime…… ena dimoune pas souvi code de laroute pa mo pe dire…… ce pour sa ki ena boku accident lor nou larout moris,"Mes sympathy et courage la fami. Mon passe laba ver 06:45 am, pompier ti lave sime…… ena dimunn pas suive code de la route pa mo pe dire…… se pour seki ena buku accident lor nu la route Moris.",Mes sympathy et courage la fami. Mon passe laba ver 06:45am pompier ti lave sime…… ena dimunn pas souve code de la route pa mo pe dire…… se pour seki ena buku accident lor nu la route Moris.,0.020833333333333332,0.07692307692307693,False,punctuation_error;spacing_error;missing_word_error
test,"Everyone has undergo private tuition to pass exams... Karmem ou malin or faible... C 1 system ki 2 letemps ti laaa, so ban parents truv sa efficace envoy zot zenfants pour passc et amem bon resultat... Aster si ena pli ki bizin zenfants croire lor 1 prof.... Kuma pour aret sa????... Laise prof laa faire so travail kuma li envi..","Everyone has undergone private tuition to pass exams... Karmem ou malin or faible... Se 1 system ki 2 letan ti la, so bann parents truve sa efficace anvoy zot zanfan pour passe et amem bon rezilta... Aster si ena plis ki bizin zanfan croire lor 1 professeur.... Kuma pour aret sa????... Laisse professeur la faire so travail kuma li anvi..","Everyone has undergone private tuition to pass exams... Karmem ou malin or faible... Se 1 system ki 2 letan ti la, so bann parents truve sa efficace avoy zot zanfan pour passe et amem bon rezilta... Aster si ena plis ki bizin zanfan croire lor 1 professeu",0.24778761061946902,0.25,False,punctuation_error;capitalization_error;spacing_error;missing_word_error
test,À revoir vos systems monsieur le Ministre ena bocoup pou ameliorer encore bon courage à ou et ou ban officiers,"À revoir vos systems, monsieur le ministre. Ena buku pu amelyor encore. Bon courage à ou et ou bann officiers.",À revoir vos systems. Monsieur le ministre ena buku pu amelyor encore. Bon courage à ou et ou bann officiers.,0.03636363636363636,0.2,False,punctuation_error;capitalization_error;spacing_error
test,"1 seul zafaire mo pou dire, karma, toi ki pa pe faire travail kuma bizin kot dimoune pe souffert acoz zot, be ena enn bon dieu la haut, zot pou ran compte avec sa bon dieu la haut la, la vie courte, demain nou pa conais si nou pou reussi lever ou bien rest dormi meme permanant... Alors faire bon travail, arrete faire du torr zot prochain, zot pêcher zot pou bizin paye sa lor la terre meme avant kit sa la terre la","1 seul zafer mo pu dire: karma, toi ki pa pe faire travail kuma bizin kot dimunn pe souffert akoz zot, b ena enn Bondieu la haut. Zot pu rande compte avec sa bon la haut la, lavi courte. Demain nu pa kone si nu pu resi leve ou bien reste dormi mem permanant... Alors faire bon travail, aret faire ditor zot prochain, zot peche zot pu bizin peye sa lor la terre mem avant kite sa la terre la.","1 seul zafer mo pu dire, karma, toi ki pa pe faire travail kuma bizin kot dimunn pe souffert akoz zot. B ena enn Bondieu la haut, zot pu rande compte avec sa Bondieu la haut la, lavi courte, demain nu pa kone si nu pu resi leve ou bien reste dormi mem per",0.3887468030690537,0.4375,False,punctuation_error;capitalization_error;spacing_error;missing_word_error
test,To bien dire mo garçons,To bien dire mo garçon.,To bien dire mo garçons.,0.043478260869565216,0.2,False,capitalization_error;spacing_error
test,B zot mama kot ti été kan ti arrive sa kifr bann zanfan la ti la plage sa l'heure la,B zot mama kot ti ete kan ti arrive sa? Kifer bann zanfan la ti la plage sa l'heure la?,"B zot mama kot ti ete? Kan ti arrive sa, kifer bann zanfan la ti la plage sa l'heure la?",0.04597701149425287,0.2,False,punctuation_error;capitalization_error;spacing_error
test,Bizin kit travail doctors all fair plantation ĺegume pena night ladans,Bizin kite travail doctors ale fer plantation legim pena night ladan.,Bizin kite travail. Doctors ale fer plantation legim pena night ladan.,0.028985507246376812,0.18181818181818182,False,punctuation_error;capitalization_error;spacing_error
test,"[NAME], télé novelas 🤣","[NAME], télénovelas 🤣","[NAME], télé novelas. 🤣",0.09523809523809523,0.6666666666666666,False,punctuation_error;spacing_error;extra_word_error
test,Etaaa bien chagrin hope li pas grave malchance,"Eta bien chagrin! Hope li pas grave, malchance.",Eta bien chagrin. Hope li pas grave malchance.,0.0425531914893617,0.25,False,punctuation_error;spacing_error
test,Line plain ar sa travail la li p rod partion invalid sa to pa tru v,Linn plin ar sa travail la. Li pe rode partion invalid sa to pa truve.,"Linn plaigne ar sa travail la, li pe rode partion invalid sa, to pa truve.",0.08571428571428572,0.26666666666666666,False,punctuation_error;capitalization_error;spacing_error
test,sancer bane CID la bane bon dimoune sa kel blague,Sanse bann CID la bann bon dimunn sa. Kel blague.,"Sance bann CID la, bann bon dimunn sa kel blague.",0.08163265306122448,0.4,False,punctuation_error;capitalization_error;spacing_error
test,Bizin prend sa un compte pays pas pou person so papa,"Bizin prend sa un compte, pays pas pu personne so papa.",Bizin prend sa un compte pays pas pu personne so papa.,0.01818181818181818,0.09090909090909091,False,punctuation_error;spacing_error
test,Ce normal tou ce ki dirige sa peuple la. Pou ena tout sa largent la. Apres ene dimoune ena 25 case pa ale dan prison. Ene ti dimoune vol un pain vini rentre dan prison ce. Li pena kase. Li rest dan prison. Couma pou apelle sa. Linjustice. Dieu et grand pou sa bann ti dimoune. Government tout dan zot la main. Personne meme magistrate fer 2 eme are zot. Pena jusment ni prison pou zot. Deor president ale prison. Ans. Nius suivi sa de pre,Se normal tu seki dirige sa peuple la. Pu ena tu sa larzan la apre enn dimunn ena 25 case pa ale dan prison. Enn ti dimunn vol un pain vini rantre dan prison se li pena kas li reste dan prison. Kuma pu apel sa? Linzistis. Dieu est grand pu sa bann ti dimunn. Government tu dan zot la main. Personne mem magistrate fer 2eme ar zot pena zizman ni prison pu zot deor president ale prison. And nous suivi sa de pre.,Se normal tu seki dirige sa peuple la. Pu ena tu sa larzan la. Apre enn dimunn ena 25 case pa ale dan prison. Enn ti dimunn vol un pain vini rantre dan prison se li pena kas. Li reste dan prison. Kuma pu apel sa? Linjustice. Dieu et grand pu sa bann ti di,0.40632603406326034,0.42857142857142855,False,punctuation_error;capitalization_error;spacing_error;missing_word_error
test,Kan droguer boir bzin pa sagrein ke son ame repose en paix aster ti p tro enfoli prend tou kaka ala t la kan t pa normal,"Kan droguer bwar, bizin pa sagrin. Ke son ame repose en paix. Aster ti pe tro enfoli, prend tu kaka. Ala to la, kan to pa normal.","Kan droguer bwar, bizin pa sagrin ke son ame repose en paix. Aster ti pe tro enfoli prend tu kaka. Ala to la kan to pa normal.",0.031007751937984496,0.14814814814814814,False,punctuation_error;capitalization_error;spacing_error
test,Pe mettre banne diplômes 🎓 voyous dans la banque. Qui sanla nous capavre fer confiance....,Pe met bann diplômes 🎓 voyous dans la banque. Kisanla nous kapav fer confiance....,Pe met bann diplômes 🎓 voyous dans la banque. Quisanla nous kapav fer confiance....,0.024390243902439025,0.07142857142857142,False,capitalization_error;spacing_error
test,Met imp latrap pou sa tourist ki manz non veg ek vin touni laba oci.. Merci ☺️🤌,Met enpe latrap pu sa tourist ki manze non veg ek vinn touni laba oei. Merci ☺️🤌.,Met enpe latrap pu sa tourist ki manze non veg ek vinn touni laba osi.. Merci. ☺️🤌,0.04938271604938271,0.17647058823529413,False,punctuation_error;spacing_error
test,Big respect to them. Moi mo toujours mette tous mo ban ordures dans ene sac poubelle et attache li bien. Kan mo tane camion p vini ler la mo tire mo sac ordered mo mette dehors. Si ou mette depi bonheur lichiens dechire sac la et fane sa partout,Big respect to them. Moi mo toujours met tu mo bann ordures dans enn sac poubelle et attache li bien. Kan mo tande camion pe vini ler la mo tire mo sac ordered mo met dehors. Si ou met depi bonheur lichiens dechire sac la et fane sa partu.,Big respect to them. Moi mo toujours met tu mo bann ordures dans enn sac poubelle et attache li bien. Kan mo tande camion pe vini ler la mo tire mo sac ordered mo met dehors. Si ou met depi bonheur lisyins dechire sac la et fane sa partu.,0.012552301255230125,0.02040816326530612,False,capitalization_error;spacing_error
test,Eski pm pane trouver ki mank toilet et salle de bain dans [NAME] bizin fer maintenance sak 2 mois mais non li p gagne traka canards li enfin bravo,"Eski premye minis pann truve ki mank toilet et salle de bain dans [NAME]? Bizin fer maintenance sak 2 mois. Mais non, li pe gagne tracas canards li. Enfin, bravo.",Eski premye minis pann truve ki mank toilet et salle de bain dans [NAME]? Bizin fer maintenance sak 2 mois mais non li pe gagne tracas canards li. Enfin bravo.,0.024691358024691357,0.13333333333333333,False,punctuation_error;capitalization_error;spacing_error
test,"[NAME], To kumuade la ki ggn sa ta","[NAME], To kamarad la ki gagne sa ta?","[NAME], To komans la ki gagne sa ta?",0.10810810810810811,0.125,False,capitalization_error;spacing_error
test,Kifaire pas met so nom si li ene zafaire vrai,Kifer pas met so nom si li enn zafer vrai?,Kifer pas met so nom? Si li enn zafer vrai?,0.047619047619047616,0.2,False,punctuation_error;capitalization_error;spacing_error
test,Moricien in vine expert lor comments. Li paraitre tous ki pe cause sans preuve zot ti labas sa ler la ou zot complice. Vive expert molisien,Morisien inn vinn expert lor comments. Li paret tu ki pe cause sans preuve. Zot ti laba sa ler la ou zot complice? Viv expert Morisien.,Morisien inn vinn expert lor comments. Li paret tu ki pe cause sans preuve zot ti laba sa ler la ou zot complice. Viv expert Morisien.,0.022222222222222223,0.11538461538461539,False,punctuation_error;capitalization_error;spacing_error
test,Lot fois pe vann ladrogue sakula vole motocyclette fodee ou kroir ki li ena problem largent sakula li pu bisin al tir li lor kotion line deregler sa boug la,"Lot fois pe vande ladrog, sakula vole motocyclette. Fode ou krwar ki li ena problem larzan, sakula li pu bizin ale tire li lor kotion. Linn deregler sa boug la.","Lot fois pe vande ladrog sakula, vole motocyclette fode. Ou krwar ki li ena problem larzan sakula. Li pu bizin ale tire li lor kotion linn deregler sa boug la.",0.06875,0.3333333333333333,False,punctuation_error;capitalization_error;spacing_error
test,"P Paret van p tap full phares, mo Ena l’impression li p vinn a vivre allure, et chauffeur Camion in penser li p dire li sorti toujour, sois prudent les chauffeur et vigilant","Pe paret van pe tape full phare. Mo ena l’impression li pe vinn a viv allure et chauffeur camion inn pense li pe dire li sorti tuzur, sois prudent les chauffeur et vigilant.","Pe paret van pe tape full phares. Mo ena l’impression li pe vinn a viv allure, et chauffeur camion inn pense li pe dire li sorti tuzur, soi prudent les chauffeur et vigilant.",0.017341040462427744,0.09090909090909091,False,punctuation_error;capitalization_error;spacing_error
test,Mn ti choisy zordi mn trouve 1 ti garcon p pleurer mn demand li ji ariver li dir mw li rod sn mamam ki apel [NAME] mw ek mn tifii nou pren garcon nou ale rod sn maman e nou reusi trouve snn famille e nou kit li avc sn grand mere,"Mo ti Choisy zordi. Mon truve 1 ti garson pe pleurer, mon demande li ki arrive li dir mwa li rode so mamam ki apel [NAME]. Mwa ek mo tifi nu pran garson nu ale rode so maman. Et nu resi truve so famille et nu kite li avec so gramer.",Mon ti Choisy zordi mon truve 1 ti garson pe pleurer. Mon demande li zis arrive. Li dir mwa li rode so mamam ki apel [NAME]. Mwa ek mo tifi nu pran garson nu ale rode so maman. Et nu resi truve son famille et nu kite li avec so grand mere.,0.0603448275862069,0.21568627450980393,False,punctuation_error;capitalization_error;spacing_error;extra_word_error
test,Ah b parent la pa trouver so zenfant pas avec zot 🤔 b ca bisin pa remet zenfant la bane parents la ca,Ah b parent la pa truve so zanfan pas avec zot? 🤔 B sa bizin pa remet zanfan la bann parents la sa.,Ah b parent la pa truve so zanfan pas avec zot 🤔 b sa bizin pa remet zanfan la bann parents la sa.,0.020202020202020204,0.08695652173913043,False,punctuation_error;capitalization_error;spacing_error
test,Aila leffet 3 credits al fr lower zeleves nepli fr bel zefort well done minister😂,Aila lefet 3 credits. Ale fer lower. Zelev nepli fer bel zefor. Well done minister.😂,Aila lefet 3 credits ale fer lower. Zelev nepli fer bel zefor. Well done minister.😂,0.023809523809523808,0.13333333333333333,False,punctuation_error;capitalization_error;spacing_error
test,Bé ki fer pa met 1avi de pluie toransiel???,B kifer pa met 1avi de pluie toransiel???,B kifer pa met 1 avi de pluie toransiel???,0.024390243902439025,0.25,False,spacing_error;extra_word_error
test,"[NAME], premier janvier bouillon poisson satini coco","[NAME], premier janvier bouillon poisson satini coco.","[NAME], premier janvier bouillon, poisson satini coco.",0.018867924528301886,0.14285714285714285,False,punctuation_error;spacing_error
test,"[NAME], pna control sa meme bsin fair check souvent dans supermarché b selma ti dir si prix pa normal rapporter","[NAME], pena control. Samem bizin fer check souvent dans supermarché. B selma ti dir si prix pa normal, rapporter?","[NAME], pena control. Samem bizin fer check souvent dans supermarché b selma ti dir si prix pa normal rapporter.",0.03508771929824561,0.21052631578947367,False,punctuation_error;capitalization_error;spacing_error
test,Premier dabord Marchant enbulan plas pena pu mancher lot coter bus rouler lapolice bizin met lord ban marchant,"Premier dabor: marsan enbulan, plas pena pu marse lot kote, bus roule. Lapolis bizin met lord bann marsan.","Premier dabord marchant enbulan plas pena pu manche. Lot kote bus roule, lapolis bizin met lord bann marchant.",0.1509433962264151,0.5,False,punctuation_error;capitalization_error;spacing_error
test,Laner fek coumenser fni gain contender pu bbk de lanner tou 🤣🤣🤣,Lane fek komans. Fini gagne contender pu bobok de lane tu. 🤣🤣🤣,"Lane fek komans, fini gagne kontan pu bebe de lane tu. 🤣🤣🤣",0.16129032258064516,0.3333333333333333,False,punctuation_error;capitalization_error;spacing_error
test,cki terible ladan t ena dimune fini ggner mo rest dan 1 nhdc to kone komier ferme abardone popri deor ale comprend toi ici rinte attne pff,"Seki terible ladan to ena dimunn fini gagne mo reste dan 1 NHDC. To kone komie ferme abardone popri deor? Sle comprend toi. Ici rinte atann, pff!","Seki terible ladan to ena dimunn fini gagne. Mo reste dan 1 NHDC to kone komie ferme abardone popri deor. Ale comprend toi ici, rinte atann. Pff.",0.08275862068965517,0.37037037037037035,False,punctuation_error;capitalization_error;spacing_error
test,Non une blague sa eiiin,Non. une blague sa ein?,Non une blague sa ein.,0.08695652173913043,0.4,False,punctuation_error;spacing_error
test,"Bisin met camera obligatoire lor tou loto, pé vine trop grave dan sa pays la.. Lor semin ou pa trankil, dan lacaz ou pa trankil, dan ou. Loto ossi ou pa trankil","Bizin met camera obligatoire lor tu loto, pe vinn trop grave dan sa pays la.. Lor sime ou pa trankil, dan lakaz ou pa trankil, dan ou loto osi ou pa trankil.","Bizin met camera obligatoire lor tu loto, pe vinn trop grave dan sa pays la.. Lor semenn ou pa trankil, dan lakaz ou pa trankil, dan ou. Loto osi ou pa trankil.",0.03184713375796178,0.09375,False,punctuation_error;capitalization_error;spacing_error
test,Kuma janvier kumenC kumsa la. ena depi dec pu ale la,Kuma janvier komans kumsa la. Ena ziska december pu ale la.,Kuma janvier komans kumsa la. Ena depi december pu ale la.,0.0847457627118644,0.09090909090909091,False,capitalization_error;spacing_error
test,"Ou p viv dn decalage horaire ousiii la ou, ine pna cyclone lor baz laa laa boss.😂😂😂😂",Ou pe viv dan decalage horaire osi la ou inn pena cyclone lor baz la la boss.😂😂😂😂,"Ou pe viv dan decalage horaire osi la ou, inn pena cyclone lor baz la la boss.😂😂😂😂",0.012345679012345678,0.058823529411764705,False,punctuation_error;spacing_error
test,Avoye sa chateau reduit et accepter so tifi koum leader mmm... Saem li envi mo kwar,Avoy sa sato Réduit et accepte so tifi kuma leader MMM... Samem li anvi mo krwar.,Avoy sa chateau reduit et accepte so tifi kuma leader MMM... Samem li anvi mo krwar.,0.08641975308641975,0.125,False,capitalization_error;spacing_error
test,Nou niveau education in bien baisse comparer avec 30 ou 35 ans de cela et lors la aussi ena zenfants trouve sa difficile pou gagne 5 credits,Nu niveau education inn bien bese comparer avec 30 ou 35 ans de cela. Et lor la osi ena zanfan truve sa difficile pu gagne 5 credits.,Nu niveau education inn bien bese comparer avec 30 ou 35 ans de cela et lor la aussi ena zanfan truve sa difficile pu gagne 5 credits.,0.03759398496240601,0.1111111111111111,False,punctuation_error;capitalization_error;spacing_error
test,to pe rod tax partou toi to pou ganier la,"To pe rode tax partu, toi to pu gagne la.","To pe rode tax partu toi, to pu gagne la.",0.04878048780487805,0.2,False,spacing_error
test,Tou dimune p dir la polis in bien fr sauf fami coupable ki p truv zot fami innocent lol,Tu dimunn pe dir la polis inn bien fer sauf fami coupable ki pe truve zot fami innocent lol.,Tu dimunn pe dir lapolis inn bien fer sauf fami coupable ki pe truve zot fami innocent lol.,0.010869565217391304,0.10526315789473684,False,spacing_error;missing_word_error
test,"Maurice in gagn la ginn soye, depuis sa GM la lor pouvoir,, bku bus pa bon bus malprop sal,, bku bus la route 52 surtout Albion, bku bus sal siège 💺 bus malang,, negativity","Maurice inn gagne la ginn soy depuis sa guvernman la lor pouvoir. Buku bus pa bon bus malprop, sal. Buku bus la route 52 surtout Albion, buku bus sal siège 💺 bus malang, negativity.","Maurice inn gagne la ginn soy depuis sa guvernman la lor pouvoir, buku bus pa bon bus malprop sal, buku bus la route 52 surtout Albion, buku bus sal siège 💺 bus malang, negativity.",0.027624309392265192,0.14705882352941177,False,punctuation_error;capitalization_error;spacing_error
test,Madame mo croire mo pas p tander ki ou p dire...,Madame mo croire mo pas pe tande ki ou pe dire...,"Madame, mo croire mo pas pe tande ki ou pe dire...",0.02040816326530612,0.09090909090909091,False,punctuation_error;spacing_error
test,Ptr ek msm mem zafer sa.. Ptr pli pire letemp guett bien,PTR ek MSM mem zafer sa... PTR plis pire letan get bien.,PTR ek MSM mem zafer sa.. PTR plis pire letan get bien.,0.017857142857142856,0.08333333333333333,False,punctuation_error;spacing_error
test,Piscine gonflable sa ki faire journaliste p poster foto piscine article a la con,Piscine gonflable sa. Kifer journaliste pe poste foto piscine? Article a la con.,Piscine gonflable. Seki faire journaliste pe poste foto piscine? Article a la con.,0.1125,0.23076923076923078,False,capitalization_error;spacing_error
test,Dan 4ans zot oci nous pou retire😂et pas bliye nou oci nous pou met latrap😉,Dan 4 ans zot osi nous pu retire 😂et pas bliye nu osi nous pu met latrap.😉,Dan 4 ans zot osi nous pu retire😂et pas bliye nu osi nous pu met latrap.😉,0.013513513513513514,0.11764705882352941,False,spacing_error;missing_word_error
test,"Mo conné se ki li fine fer li impardonnable mais famille pa fine avoy li boire ek droguer, enn minimum compassion pou la famille, parce ki certain commentaire li blessant pou la famille. Enn double peine ler zot lire sa bane commentaire la","Mo kone se ki li finn fer li impardonneable mais famille pa finn avoy li boire ek droguer. Enn minimum compassion pu la famille, parski certain commentaire li blessant pu la famille. Enn double peine ler zot lire sa bann commentaire la.","Mo kone seki li finn fer li impardonnable mais famille pa finn avoy li boire ek droguer. Enn minimum compassion pu la famille, parski certain commentaire li blessant pu la famille. Enn double peine ler zot lire sa bann commentaire la.",0.00847457627118644,0.07142857142857142,False,capitalization_error;spacing_error;missing_word_error
test,"Pas pou lapav fer narrien, li natural e sa pou continien, e pena oken solition,",Pas pu kapav fer nanyin. Li natural et sa pu kontiyn et pena okenn solution.,"Pas pu kapav fer nanyin, li natural et sa pu kontiyn, et pena okenn solution.",0.039473684210526314,0.2,False,punctuation_error;capitalization_error;spacing_error
test,"[NAME], line pret serment pu sove lavi dimune mais pas eclavage fer shift 24hrs tone deza travail 24 hrs non stop twa","[NAME], linn pret serment pu sove lavi dimunn mais pas eclavage fer shift 24hr. Tonn deza travail 24hr non stop twa?","[NAME], linn pret serment pu sove lavi dimunn mais pas eclavage fer shift 24hr tonn deza travail 24hr non stop twa.",0.02586206896551724,0.14285714285714285,False,punctuation_error;capitalization_error;spacing_error
test,Ban zenfan pane kav travay akoz canard🤷‍♂️ zot ine tire tou canarad dpi g bassin kuma pu passe lexamen,"Bann zanfan pann kapav travail akoz canard.🤷‍♂️ Zot inn tire tu canarad depi Grand Bassin, kuma pu passe lexamen?",Bann zanfan pann kapav travail akoz canard🤷‍♂️ zot inn tire tu canarad depi Grand Bassin kuma pu passe legzanp?,0.07079646017699115,0.21052631578947367,False,punctuation_error;capitalization_error;spacing_error
test,N professor ki travaille lekol apres lheur llekol p donne lecon prive ek p prend 30 a 40 eleve dns lecon la bizin pa alle bane parent ek zenfant bzn kne fr le choice simple ena professor ki prend zis 10 a 15 eleve ek ki vrement fr zenfant la arrive ek zenfant lamm ou truv bane seki gourmand kass la ou pu fni truve,"Enn professor ki travail lekol, apre ler lekol pe donne lesson prive ek pe prend 30 a 40 zelev dans lesson la. Bizin pa ale, bann parent ek zanfan bizin kone fer le choice. Simple. Ena professor ki prend zis 10 a 15 zelev ek ki vremem fer zanfan la arrive, ek zanfan lamem ou truve. Bann seki gourmand kas la, ou pu fini truve.",Enn professor ki travail lekol apre ler lekol pe donne lesson prive ek pe prend 30 a 40 zelev dans lesson la. Bizin pa ale bann parent ek zanfan bizin kone fer le choice. Simple ena professor ki prend zis 10 a 15 zelev ek ki vremem fer zanfan la arrive ek,0.22324159021406728,0.27692307692307694,False,punctuation_error;capitalization_error;spacing_error;missing_word_error
test,Toujours mauritius police force amateur,Toujours Mauritius police force: amateur.,"Toujours Mauritius, police force amateur.",0.04878048780487805,0.4,False,punctuation_error;spacing_error
test,Nerport ki arriver li 1voleur et lin zet lacide lor dimun la so figirr alors ti bizn batt li enkr bann dimun ki p dire pa ti bizn batt li sipaki lah Laisse voleur la rente kot toi kass poz b,"Nerport ki arrive, li 1 voleur et linn zet lasid lor dimunn la so figure. Alors ti bizin bate li ankor. Ban dimunn ki pe dire pa ti bizin bate li sipaki la, laisse voleur la rantre kot toi, kase poz b.",Nerport ki arrive li? 1 voleur et linn zet lasid lor dimunn la so figure alors ti bizin bate li ankor bann dimunn ki pe dire pa ti bizin bate li sipaki la. Laisse voleur la rantre kot toi kase poz.,0.05970149253731343,0.2619047619047619,False,punctuation_error;capitalization_error;spacing_error;missing_word_error
test,Wadire mr bean version local..,Wadire monsieur bean version local..,Wadire Mr.Bean version local..,0.25,0.4,False,punctuation_error;capitalization_error;spacing_error;missing_word_error
test,Gobin ti pe roti coson la cote to ti ete zanimo,Gobin ti pe roti coson la kot to ti ete zanimo.,"Gobin ti pe roti coson la, kot to ti ete zanimo?",0.0425531914893617,0.18181818181818182,False,punctuation_error;spacing_error
test,Li pe donne so mari free 😁pas coner coment pour debarasse mari,Li pe donne so mari free 😁pas kone kuma pour debarasse mari.,Li pe donne so mari free 😁pas kone comme pour debarasse mari.,0.06666666666666667,0.08333333333333333,False,capitalization_error;spacing_error
test,Humain pli ale pe degrade zot nepli ena pitie pu le autre... Cuma ou kav pa pense sa ban dimoun ki kan ou p dormi banla p met devan ou la porte prope. Mentalite et leker prope li trouve dan ou action de tout le jur. Merci a sa ban dimoun ki contribute pu aide nu tout le jur. Respect,Humain plis ale pe degrade zot nepli ena pitie pu les autre... Kuma ou kapav pa pense sa bann dimunn ki kan ou pe dormi banla pe met divan ou la porte prope... Mantalite et leker prope li truve dan ou action de tu le zur. Merci a sa bann dimunn ki contribute pu aide nu tulezur. Respect.,Humain plis ale pe degrade zot nepli ena pitie pu le autre... Kuma ou kapav pa pense sa bann dimunn ki kan ou pe dormi banla pe met divan ou la porte prope. Mantalite et leker prope li truve dan ou action de tu le jour. Merci a sa bann dimunn ki contribut,0.12195121951219512,0.15517241379310345,False,punctuation_error;capitalization_error;spacing_error;missing_word_error
test,Mentalités dimoune ziss lire zot bane commentaires montrer à qui point société la va mal si ti zot fami mo ti pou content geuter couma zot réagir dans ene situation ainsi,Mentalités dimunn zis lire zot bann commentaires montre à qui point société la va mal. Si ti zot fami mo ti pu kontan get kuma zot réagir dans enn situation ainsi.,Mentalités dimunn zis lire zot. Bann commentaires montre à qui point société la va mal. Si ti zot fami mo ti pu kontan get kuma zot réagir dans enn situation ainsi.,0.012269938650306749,0.06451612903225806,False,punctuation_error;capitalization_error;spacing_error
test,Moi c'est pli intrigue moi ladan man ar sa saler kav met col roulé plis enn costume la 😳🤯,Moi c'est plis intrigue moi ladan man ar sa saler kapav met col roule plis enn costume la. 😳🤯,Moi c'est plis intrigue moi ladan. Man ar sa saler kapav met col roule plis enn costume la. 😳🤯,0.021505376344086023,0.10526315789473684,False,punctuation_error;capitalization_error;spacing_error
test,"[NAME], exactly b to conner kan to diminuer objective b zot fer le strict minimum","[NAME], exactly. B to kone: kan to diminye objective, b zot fer le strict minimum.","[NAME], exactly. B to kone kan to diminye objective, b zot fer le strict minimum.",0.012195121951219513,0.06666666666666667,False,punctuation_error;spacing_error
test,"Tous bane ki tial prend cours avec li... (ena beaucoup bane videos cot li ti p enseigne zot), s. v. plait, partage zot lexperience et si nou ti capav coner si laveriter ena super profit ladans...","Tu bann ki ti ale prend cours avec li... (ena beaucoup bann videos kot li ti pe enseigne zot), silvuplet partage zot lexperyans et si nu ti kapav kone si laverite, ena super profit ladan...","Tu bann ki ti ale prend cours avec li... (ena beaucoup bann videos kot li ti pe enseigne zot), SVP plait, partage zot lexperyans et si nu ti kapav kone si laverite ena super profit ladan...",0.047619047619047616,0.08571428571428572,False,capitalization_error;spacing_error;extra_word_error
test,Children act...? Droit de l'enfant...? Ombudsman....? Cdu...?. This will continue to happen till rotin bazar doesn't make its comeback especially in primary schools,Children act...? Droit de l'enfant...? Ombudsman....? CDU...?...? This will kontiyn to happen till rotin bazar doesn'to make its comeback especially inn primary schools.,Children act...? Droit de l'enfant...? Ombudsman....? CDU...?. This will continue to happen till Rotin bazar doesn'to make its comeback especially inn primary schools.,0.047337278106508875,0.13043478260869565,False,punctuation_error;capitalization_error;spacing_error
test,"[NAME], fer villain.🤨 Change sa bann villain maniere la","[NAME], fer villain.🤨 Change sa bann villain maniere la.","[NAME], fer vilain.🤨 Change sa bann vilain maniere la.",0.03571428571428571,0.2222222222222222,False,capitalization_error;spacing_error
test,La ki pu dir la 1 dimun bez ou tifi/garson/mama/papa kout lacide sasi in gnn Dan lipied la Si ti gnn Dan figir fini Ki ou ti pu fer ou ti pu gnn so sagrin? Ti binz gnn baté mem sa,"La ki pu dir la? 1 dimunn bez ou tifi/garson/mama/papa kut lasid sasi inn gnn dan lipied. La si ti gnn dan figure fini, ki ou ti pu fer ou ti pu gnn so sagrin? Ti bizin gagbe bate mem sa.",La ki pu dir la 1 dimunn bez ou tifi/garson/mama/papa kut lasid sasi inn gagne dan lipied la. Si ti gagne dan figure fini ki ou ti pu fer ou ti pu gagne so sagrin? Ti binz gagne bate mem sa.,0.10160427807486631,0.24390243902439024,False,punctuation_error;capitalization_error;spacing_error
test,🤣🤣🤣 may contain lor beaucoup produit dan le monde mey sa akoz ban allergens par raport a ban norme haccp si ena ban lezot chef lor post la kapav confirmer ki trace veux pas dire ena li ladan,"🤣🤣🤣 may contain lor beaucoup produit dan le monde, me sa akoz bann allergens par raport a bann norme HACCP. Si ena bann lezot chef lor post la, kapav konfirme ki trace veux pa dire ena li ladan.","🤣🤣🤣 may contain lor beaucoup produit dan le monde. Mey sa akoz bann allergens par raport a bann norme HACCP. Si ena bann lezot chef lor post la, kapav confirme ki trace veux pas dire ena li ladan.",0.02577319587628866,0.10526315789473684,False,punctuation_error;capitalization_error;spacing_error
test,"Pou ban dimoune kine mort pas sorti, akoz sa ena gate",Pu bann dimunn kinn mort pas sorti akoz sa ena gate.,"Pu bann dimunn kinn mort pas sorti, akoz sa ena gate.",0.019230769230769232,0.09090909090909091,False,punctuation_error;spacing_error
test,"E Pena receipt, e sa zafer ki apel frais lasurance Kan al lor test LA, 1 arnac sa","Et pena receipt, e sa zafer ki apel frais lasirans kan ale lor test la, 1 arnac sa.","Et pena receipt, et sa zafer ki apel frais lasirans kan ale lor test la, 1 arnac sa.",0.012048192771084338,0.05555555555555555,False,capitalization_error;spacing_error
test,"[NAME], boss apart faire ouvert labouce tire la lalang ouvert liyeux gross apre ecrire lor papier ki zot racer tention diabetes eco xray piquire pansment lot dimoune faire met n serve do","[NAME], boss apart fer ouver labus, tire lalang, ouver lizye, get gro. Apre ekrir lor papier ki zot resi: tention, diabetes, eco, X-Ray, pikir, pansman. Lot dimunn fer met enn serye dow.","[NAME], boss, apart faire ouvert labus, tire la lalang ouvert lizye gross. Apre ekrir lor papier ki zot racer. Tention diabetes eco exray, piquire pansment. Lot dimunn faire met enn serve dow.",0.20430107526881722,0.53125,False,punctuation_error;capitalization_error;spacing_error
test,Pou li fair sa ena problem Li pa un simple artist mais li un artist ki vraiment ine fair so nom 2eme fois la Put importe ki problem li ena artist pas gagne asser reconnaissance,"Pu li fer sa, ena problem. Li pa un simple artist mais li un artist ki vraiment inn fer so nom 2eme fois la. Peut importe ki problem li ena artist pas gagne ase reconnaissance.",Pu li fer sa ena problem. Li pa un simple artist mais li un artist ki vraiment inn fer so nom. 2eme fois la petet importe ki problem li. Ena artist pas gagne ase reconnaissance.,0.045454545454545456,0.17142857142857143,False,punctuation_error;capitalization_error;spacing_error
test,Ena beser la tonn bless so l'orgueil femme la pren so mari meg 😂😂😂 pas bon to faire dimoun redi la vein coumsa 😏😏 (you know what i mean by lavein 🫣🤭),"Ena bez la: tonn bless so l'orgueil femme la, pran so mari meg 😂😂😂 Pas bon to faire dimunn redi la vein kumsa 😏😏 (you know what I mean by lavein 🫣🤭).",Ena bez la tonn bless so l'orgueil femme la pran so mari meg 😂😂😂 pas bon to faire dimunn redi la vein kumsa 😏😏 (you know what I mean by lavein 🫣🤭).,0.020134228187919462,0.09375,False,punctuation_error;capitalization_error;spacing_error
test,"D foi en tant ki parent nou linstinct protekter pren le decu, mais pou etre ene bn parent nou bzin osi cne laisse nou zenfan recolt cki li semer, pou li ggn lecon. Ceki pli dure, perso mo cmpren madam la p rod ene raison.. Mais pa v dr ki li ena raison","Des fwa entant ki parent nu linstin protekter pran le desu, mais petet enn bann parent nu bizin osi kone laisse nu zanfan recolte seki li semer, pu li gagne lesson. Seki plis dure, perso mo konpran madam la pe rode enn raison.. Mais pa vdire ki li ena raison.","De fwa entant ki parent nu linstin protekter pran le decu, mais pu etre enn bann parent nu bizin osi kone laisse nu zanfan recolte seki li semer, pu li gagne lesson. Seki plis dure, perso mo konpran madam la pe rode enn raison.. Mais pa vdire ki li ena ra",0.04247104247104247,0.1,False,punctuation_error;capitalization_error;spacing_error;extra_word_error
test,Sa 1 grnd kouyoner sa lin fni trv kaka ti fan r li lin perdi dimune so cnfiance li nek amen sa rol sanc lin sanz met bajou kurta fr namaz tusala p kouyon dimune zis pu gn kass apre ladan t gn 1 bhai long long labarbe fr video sanc p fr par million li ek so tifi sipa koi dan morice liem pli grnd swindle kiena la pur le moment,"Sa 1 grand kuyon sa. Linn fni truve kaka ti fane et li linn perdi dimunn so confiance. Li nek amenn sa role sanse linn sanze: met bajou, kurta, fer namaz. Tusala pe kuyon dimunn zis pu gagne kas apre ladan to gagne 1 bhai long, long labarbe fer video sanse pe fer par million, li ek so tifi sipakoi. Dan Moris limem plis grand swindle kiena la pour le moment.","Sa 1 grand kuyone sa. Linn fini truve kaka ti fane ar li. Linn perdi dimunn so confiance. Li nek amenn sa role: sanse linn sanze met bajou kurta fer namaz tusala. Pe kuyon dimunn zis pu gagne kas. Apre ladan to gagne 1 bhai long long labarbe fer video, sa",0.3398328690807799,0.5211267605633803,False,punctuation_error;capitalization_error;spacing_error;missing_word_error
test,1 gran Merci madame pu invite 1ta ban problem pu ban mauricien dan zot lavenirr.,1 gran merci madame pu invite enta bann problem pu bann Mauricien dan zot lavenir.,1 gran merci madame. Pu invite enta bann problem pu bann Mauricien dan zot lavenir.,0.024390243902439025,0.13333333333333333,False,punctuation_error;capitalization_error;spacing_error
test,Sa 2 suspect la Pena nom qui faire pa's met nom,Sa 2 suspect la pena nom qui faire pas met nom.,Sa 2 suspect la. Pena nom qui faire pas met nom?,0.06382978723404255,0.2727272727272727,False,punctuation_error;capitalization_error;spacing_error
test,Hahaha li pan blier amen so ti sac ration lol 😂 Savedir seki ggner prend coulé dn sac la 😐😐🤣,"Hahaha! Li pann bliye amenn so ti sac ration, lol. 😂 Savedir, seki gagne, prend coule dan sac la. 😐😐🤣","Hahaha, li pann bliye amenn so ti sac ration lol. 😂 Savedir seki gagne prend coule dan sac la. 😐😐🤣",0.04950495049504951,0.25,False,punctuation_error;capitalization_error;spacing_error
test,"[NAME], paradis paradis c un grand mot.. Quand on vois tout ce desatre c plutôt l'enfer.. C honteux","[NAME], paradis paradis se un grand mot.. Quand on vois tu se desatre se plutôt l'enfer.. Se honteux.","[NAME], paradis, paradis se un grand mot.. Quand on vois tu ce desatre se plutôt l'enfer.. Se honteux.",0.019801980198019802,0.1111111111111111,False,punctuation_error;spacing_error
test,La p dire suspect en cavale b video bater p dire li jette lacide apres line rode sauver samm li ti p gne bater kmsa b kuma suspect kpv en cavale. met 1 lorde dan zistoire la pou pena confussion do,"La pe dire suspect en cavale, b video bate pe dire li jette lasid apre linn rode sove. Samem li ti pe gagne bate kumsa, b kuma suspect kapav en cavale? met 1 lord dan zistwar la pu pena confussion dow.","La pe dire suspect en cavale, b video bate pe dire li jette lasid. Apre linn rode sove samem li ti pe gagne bate kumsa b kuma suspect kapav en cavale. Met 1 lord dan zistwar la pu pena confussion dow.",0.03482587064676617,0.17073170731707318,False,punctuation_error;capitalization_error;spacing_error
test,Quand guét sa video la trouver bien claire ki van 15place p fullphare camion b r sa signal mwa mo comprnd ki van la p donne mwa chemin pou mo debourser et saem chauffr camion la ine faire van ki entore d'aprés lorde ti p rode l'argent lassurnce sa ou donne signal fullphare et lerla ou alle bour sa r li,"Quand get sa video la truve bien claire ki van 15 place pe full phare camion. B ar sa signal, mwa mo comprend ki van la pe donne mwa chemin pu mo debouse et samem chaffeur camion la inn faire. Van ki antor dapre lord ti pe rode l'argent lasirans sa. Ou donne signal full phare et lerla ou ale boure sa ar li.","Quand get sa video la truve bien claire ki van 15 place pe fullphare camion, b ar sa signal. Mwa mo konpran ki van la pe donne mwa chemin pu mo debourser et samem chauffeur camion la inn faire van ki antor. Dapre lord ti pe rode l'argent lasirns sa ou don",0.2305194805194805,0.421875,False,punctuation_error;capitalization_error;spacing_error;missing_word_error
test,Ma fille retourne kot twa mo pas conne la cause kine pousse twa fer sa tou problème ena ene solution 🙏bane parents s’il vous plaît dialogue important coumesa meme nu pou connais ki p passé dan la tête nu zenfan mo connais zordi nu pna bcp letemp meme mais essaie trouve letemp important sa 🥹,"Ma fille, retourne kot twa. Mo pas kone la cause kinn pousse twa fer sa. Tu problème ena enn solution. 🙏 Bann parents s’il vous plaît, dialogue important. Kumsamem nu pu kone ki pe passe dan la tête nu zanfan. Mo kone zordi nu pena buku letan mem, mais essaie truve letan. Important sa. 🥹","Ma fille retourne kot twa. Mo pas kone lakaz kinn pousse twa fer sa. Tu problème ena enn solution 🙏bann parents s’il vous plaît dialogue important kumsamem. Nu pu kone ki pe passe dan la tête nu zanfan, mo kone zordi nu pena buku letan mem mais es",0.1736111111111111,0.34545454545454546,False,punctuation_error;capitalization_error;spacing_error;missing_word_error
test,Sofer van la pa entor mm li p roule vit camion la bzin get bien avant li dbouc van la lor main li,"Sofer van la pa antor mem li pe roule vite. Camion la bizin get bien avant li debouse, van la lor main li.",Sofer van la pa antor mem li pe roule vite. Camion la bizin get bien avant li debouse van la lor main li.,0.009433962264150943,0.043478260869565216,False,punctuation_error;spacing_error
test,Mai madame la cool net et li p nettoyer rien avoir avec ckone ekrire dan l'article ou mo inper confuse la,Me madame la cool net et li pe nettoyer. Rien avoir avec kone ekrir dan l'article. Ou mo enpe confuse la.,Me madame la cool net et li pe nettoyer rien avoir avec kone ekrir dan l'article ou mo enpe confuse la.,0.0380952380952381,0.19047619047619047,False,punctuation_error;capitalization_error;spacing_error
test,Sunday times to ekrire inspecteur selma to met photo sergent 1 lot zournal p dir en trainee police constable which is which mari sa zot ekrir seki pass dan zot latete pa verifié narien,"Sunday Times, to ekrir inspecteur selma to met photo sergent. 1 lot zournal pe dir enn trainee police constable. Which is which? Mari sa! Zot ekrir seki pass dan zot latet, pa verifié nanyin.",Sunday Times to ekrir inspecteur selma to met photo sergent. 1 lot zournal pe dir en trainee police constable. Which is which? Mari sa zot ekrir seki passe dan zot latet pa verifié nanyin.,0.031413612565445025,0.17647058823529413,False,punctuation_error;capitalization_error;spacing_error
test,Dabord bizin explik sake la police c quoi so travail et so tole et comment pou faire li. Pour le moment c ene fiasko generalizer,Dabord bizin eksplik sak la police se quoi so travail et so role et comment pu faire li. Pour le moment se enn fiasko zeneralize.,Dabord bizin eksplik sake la police se quoi so travail et so tole et comment pu faire li. Pour le moment se enn fiasko generalize.,0.023255813953488372,0.12,False,capitalization_error;spacing_error
test,Sa ki appell la police bravo 👏,Sa ki apel la police. Bravo. 👏,"Seki apel la police, bravo. 👏",0.13333333333333333,0.5714285714285714,False,punctuation_error;capitalization_error;spacing_error;missing_word_error
test,La police ki so role li pa coner bis monté desane bizin bez bez contravention ziska saisi loto ou gueter si zot pu continier gard zot loto zot p met laman lor delo lapluie ki tomb lor simé,"La police ki so role? Li pa kone bis monte, desan. Bizin bez bez contravention ziska saisi loto, ou get si zot pu kontiyn garde zot loto. Zot pe met laman lor dilo lapli ki tombe lor sime.","La police ki so role? Li pa kone bis monte desan. Bizin bez bez contravention ziska saisi loto. Ou get si zot pu kontiyn garde zot loto, zot pe met laman lor dilo, lapluie ki tombe lor sime.",0.0425531914893617,0.18421052631578946,False,punctuation_error;capitalization_error;spacing_error
test,Nec pé montrer fillet ec bal qui faire pas montrer poisson la...,Nek pe montre fillet ek bal qui faire pas montre poisson la...,"Nek pe montre fillet ek bal, qui faire pas montre poisson la...",0.016129032258064516,0.08333333333333333,False,punctuation_error;spacing_error
test,"Au moins 1 personne ine dre li, apart cocubin pa tan narien apres violence","Omoin 1 personne inn dre li, apart concubin pa tande nanyin apre violence.","Omoin 1 personne inn dre li, apart cocubin pa tande nanyin apre violence.",0.013513513513513514,0.07692307692307693,False,capitalization_error;spacing_error
test,Defimedia info kot ou bn journalist in al prn zt degree kot 58rrr met n title precise dimun p pense hopital pu ferme 🤦‍♀️🤦‍♀️ doctor la kn exiger aret 24/7 savedir kn arive tantot li p ggn releve li p al so lakz n lot pu prn charge travail la ek mauricien pa coz kuma met n zafr la fni tir conclusion sans mm cmprn,Defimedia.info kot ou bann journalist inn ale pran zot degree? Kot 58rrr. Met enn title precise. Dimunn pe pense lopital pu ferme. 🤦‍♀️🤦‍♀️ Doctor la kan exiger aret 24/7 savedir kinn arrive tantot li pe gagne releve li pe ale so lakez. Enn lot pu pran charge travail la. Ek Mauricien pa koze. Kuma met enn zafer la fini tire conclusion sans mem konpran.,Defimedia.info: kot ou bann journalist inn ale pran zot degree kot 58rrr? Met enn title precise dimunn pe pense lopital pu ferme 🤦‍♀️🤦‍♀️ doctor la kan exiger aret 24/7. Savedir kan arrive tantot li pe gagne releve li pe ale so lakaz enn,0.3587570621468927,0.515625,False,punctuation_error;capitalization_error;spacing_error;missing_word_error
test,Lerla laisse li,Lerla? Laisse li.,Lerla laisse li.,0.11764705882352941,0.6666666666666666,False,punctuation_error;capitalization_error;spacing_error
test,Nice strategy. Bravo zotoo😎,Nice strategy. Bravo zot. 😎,Nice strategy. Bravo zot.😎,0.037037037037037035,0.4,False,spacing_error;missing_word_error
test,fer vaccin enkor lerla nou repass pou cobaye non merci,"Fer vaccine ankor, lerla nu repass pu cobaye. Non merci.",Fer vaccine ankor lerla nu repass pu cobaye. Non merci.,0.017857142857142856,0.1,False,punctuation_error;spacing_error
test,"[NAME], 🤣🤣 hahaha bisin dire sa meme la","[NAME], 🤣🤣 hahaha bizin dire samem la.","[NAME], 🤣🤣 hahaha, bizin dire samem la.",0.02631578947368421,0.14285714285714285,False,punctuation_error;spacing_error
test,Li pe couvert so garcon en mettant dieu devant,Li pe couvert so garson en mettant Dieu devant.,Li pe couvert so garson en met Dieu devant.,0.0851063829787234,0.1111111111111111,False,capitalization_error;spacing_error
test,La banque responsable la banque bizin rembourse client la est vite,La banque responsable la banque bizin rembourse client la et vite.,La banque responsable. La banque bizin rembourse client la est vite.,0.045454545454545456,0.2727272727272727,False,punctuation_error;capitalization_error;spacing_error
test,"Kifr fodé ine met video la police p tap sa boug la ar laraz, pou ki so lendemain lerla gagn NEWS ki 1 lot ine brulé, sanala en cavale?…","Kifer fode inn met video la police pe tap sa boug la ar laraz, pu ki so lendemain lerla gagne news ki 1 lot inn brule, sanla en cavale?…","Kifer fode inn met video la police pe tape sa boug la ar laraz? Pu ki so lendemain lerla gagne news ki 1 lot inn brule, sanla en cavale?…",0.022058823529411766,0.10344827586206896,False,punctuation_error;capitalization_error;spacing_error
test,Li pas grave magistrate ki pu decides keep it up gentleman be careful next time ok,Li pas grave magistrate ki pu decide. Keep it up gentleman be careful next time ok.,Li pas grave. Magistrate ki pu decides keep it up gentleman. Be careful next time ok.,0.07228915662650602,0.375,False,punctuation_error;capitalization_error;spacing_error
test,Ile Moris reconnet polo so contribution des annees 70's 80's surtout la classe travayer à travers bans la lutte syndikals,"Lil Moris rekonet Polo so contribution des annees 70's 80's, surtout la classe travayer à travers bann la lutte syndikals.","Ile Moris rekonet Polo so contribution des années 70's, 80's surtout la classe travayer à travers bann la lutte syndikals.",0.04918032786885246,0.2,False,spacing_error
test,"[NAME], 'nou' kifer to pa al rode li alors si to conne tou zafer kifer ena dimoun content fer linteressant comsa si ou pena narie de bon pou dir pou retrouve sa tifi la kifer ou gaspille ou letemps pou vine dire nimporte koi peu importe kot li etait so fami pa au courant donc lakoz sa met avis de recherche si ti conner kot li ti pou fini rode li donc svp si ou pena narie pou dir pou aide ene fami ki dans tracas kifer ou bizin razout lor tracas la et coz ban cozer enplis mo croire dans lecole bizin comens ene class special ki apel 'rest trankil kan pena narie de bon pou dir' parski zot pa realiser a ki point ban cozer comsa azout lor ene fami so stress surtout ki mo sure zot p lire tout comentaires dans lespoir retrouve zot enfant empathy tousa nepli ena aster ena zis ban ki rode role et rode fer linteressant 🙄","[NAME], 'nu'? Kifer to pa ale rode li alors si to kone tu zafer? Kifer ena dimunn kontan fer linteressant kumsa? Si ou pena nanyin de bon pu dir pu retrouve sa tifi la, kifer ou gaspille ou letan pu vinn dire nerport koi? Peu importe kot li ete, so fami pa au courant donc akoz sa met avis de recherche. Si ti kone kot li ti pu fini rode li. Donc svp, si ou pena nanyin pu dir pu aide enn fami ki dans tracas, kifer ou bizin razout lor tracas la et koze bann koze anplis? Mo croire dans lekol bizin komans enn class special ki apel 'reste trankil kan pena nanyin de bon pu dir'. Parski zot pa realise a ki point bann koze kumsa azoute lor enn fami so stress. Surtout ki mo sure zot pe lire tu komanter dans lespwar retrouve zot enfant. Empathy tusa nepli ena aster! Ena zis bann ki rode role et rode fer linteressant. 🙄","[NAME], 'nu', kifer to pa ale rode li? Alors si to kone tu zafer, kifer ena dimunn kontan fer linteressant? Kumsa si ou pena nanyin de bon pu dir pu retrouve sa tifi la? Kifer ou gaspille ou letan pu vinn dire nerport koi? Peu importe kot li ete so fami p",0.7045177045177046,0.7621951219512195,False,punctuation_error;capitalization_error;spacing_error;missing_word_error
test,"[NAME], es qui zot ti connai qui zenfant la ti perdi li capave arriver sa b es qui parents remarquè ou pas n fois mo ti fic en flac n zenfant ine perdi c qui choquant la dans zot ti lor n l'autre la plage zot pas connai si zenfant la ti dans bis avec zot ler zot p vin fic en flac sa li grave","[NAME], eski zot ti kone ki zanfan la ti perdi? Li kapav arrive sa. B eski parents remarke ou pa? Enn fwa mo ti Flic en Flac, enn zanfan inn perdi. Seki choquant la, dans zot ti lor enn lot la plage. Zot pa kone si zanfan la ti dan bis avek zot. Ler zot pe vinn Flic en Flac, sa li grave.","[NAME], eski zot ti kone qui zanfan la ti perdi? Li kapav arrive sa? B eski parents remarquè ou pas enn fois mo ti fik en Flac, enn zanfan inn perdi? Se qui choquant ladan zot ti lor enn l'autre la plage. Zot pas kone si zanfan la ti dans bis avec zot le",0.24305555555555555,0.4126984126984127,False,punctuation_error;capitalization_error;spacing_error;missing_word_error
test,Ena n tas dimoun pencore comprend ki sofer batiara la pan mort c'est passager la kin mort. Aret coment kk,"Ena enta dimunn pankor comprend ki sofer batiara la pann mort, c'est passager la kinn mort. Aret comment kaka.",Ena enta dimunn pankor comprend ki sofer batiara la pann mort c'est passager la kinn mort. Aret comment kaka.,0.00909090909090909,0.05263157894736842,False,punctuation_error;spacing_error
test,TOEM BOSS GANG DE 5 CUMA BIZIN APPE TOI CHOTA DON OU BARA DON,TOMEM BOSS GANG DE 5. KUMA BIZIN APEL TOI CHOTA DON OU BARA DON?,TOMEM BOSS. GANG DE 5 KUMA BIZIN APEL TOI CHOTA DON OU BARA DON.,0.046875,0.21428571428571427,False,punctuation_error;spacing_error
test,"[NAME], 17 and madame li grand più al travail malheur partous enan li ti pe trasse so la vie","[NAME], 17 ans. Madame li grand pu ale travail. Malheur partu ena. Li ti pe trasse so lavi.","[NAME], 17 and madame, li grand pu ale travail malheur partu ena li ti pe trasse so lavi.",0.08791208791208792,0.3333333333333333,False,punctuation_error;capitalization_error;spacing_error
test,Professor la si pou montrer dan lecole couma li pou gagne zeleve dan lecon,"Professor la si pu montre dan lekol, kuma li pu gagne zelev dan lesson?",Professor la si pu montre dan lekol kuma li pu gagne zelev dan lesson.,0.028169014084507043,0.14285714285714285,False,punctuation_error;spacing_error
test,Pu patient pas bourer,Pu patient pas boure.,"Pu patient, pas boure.",0.047619047619047616,0.25,False,punctuation_error;spacing_error
test,Bizin fair test mentaliter arogance ventardise fever avant,"Bizin fer test, mantalite, arogance, ventardise, fever avant.",Bizin fer test mantalite arogance ventardise fever avant.,0.06557377049180328,0.5,False,punctuation_error;spacing_error
test,Nettoiye zot lesbrit avant apr zot get ban zafer sacré,"Netway zot lespri avant, apre zot get bann zafer sacré.",Nettoiye zot lesbri avant apre zot get bann zafer sacré.,0.10909090909090909,0.3,False,punctuation_error;capitalization_error;spacing_error
test,Dapres lordre sa bis curepipe~p~louis 51 rupee la o croire ramgoogoo chaufer ek tantine polo controller la dans,"Dapre lord sa bis Curepipe~Port Louis 51 Rs la, ou croire Ramgoogoo chauffer ek tantine Polo controller ladan.",Dapre lord sa bis Curepipe~Port Louis 51 Rs la. Ou croire Ramgoogoo chauffeur ek tantine Polo controller ladan.,0.02727272727272727,0.16666666666666666,False,punctuation_error;capitalization_error;spacing_error
test,"[NAME], ouii mo kné meme akoz sa meme mo p dire ou kan pas kné arrête vin juge dimoune derrière ou l’écran ou pas kné par ki famille la p passer","[NAME], oui mo kone mem. Akoz samem mo pe dir ou. Kan pa kone, aret vinn zize dimunn derrière ou l’écran. Ou pa kone par ki famille la pe passe.","[NAME], oui mo kone mem akoz samem mo pe dire ou: kan pas kone aret, vinn juge dimunn derrière ou l’écran, ou pas kone par ki famille la pe passe?",0.10416666666666667,0.43333333333333335,False,punctuation_error;capitalization_error;spacing_error
test,C ene signe lalliance pial casser,Se enn signe lalyans pe ale kase.,Se enn signe lalyans pial kase.,0.09090909090909091,0.2857142857142857,False,capitalization_error;spacing_error;missing_word_error
test,Zot ti fer are plusieurs dautres conducteurs lapolis bizin lor metro ek surveille de caen street,Zot ti fer ar plusieurs dautres conducteurs. Lapolis bizin lor metro ek surveille De Caen street.,Zot ti fer ar plusieurs dautres conducteurs lapolis bizin lor metro ek surveille de Caen street.,0.030927835051546393,0.1875,False,punctuation_error;capitalization_error;spacing_error
test,Ena bcp fausse news ki p mett en circulation pou couyoun lepep,Ena buku fausse news ki pe mete en circulation pu kuyonn lepep.,Ena buku fausse news ki pe met en circulation pu kuyon lepep.,0.031746031746031744,0.16666666666666666,False,capitalization_error;spacing_error
test,Ton polo alle repossr do,"Ton Polo, ale repose dow!","Ton Polo, ale reposse dow.",0.08,0.4,False,punctuation_error;capitalization_error;spacing_error
test,"Faire coner a partir qui lheure pas pou ena sa bans ki fine mentioner la svp.. Surtou anesthesis et pediatre... Si ena urgence bizin operation ou zenfant p mort, lerla ava met bans patients la dans frigo ziska zot prend zot service..","Faire kone a partir qui ler pas pu ena sa bann ki finn mentione la svp.. surtout anesthesis et pediatre... Si ena urgence bizin operation ou zanfan pe mort, lerla ava met bann patients ladan frigider ziska zot prend zot service..","Faire kone a partir qui ler pas pu ena sa bann ki finn mentioner la svp.. Surtout anesthesis et pediatre... Si ena urgence bizin operation ou zanfan pe mort, lerla ava met bann patients ladan frigo ziska zot prend zot service..",0.026200873362445413,0.07317073170731707,False,capitalization_error;spacing_error
test,Les banla trace zot lavi boss... Zot ena 1 family pu soutenier,Less banla trasse zot lavi boss... Zot ena 1 family pu soutenir.,Les banla trace zot lavi boss... Zot ena 1 family pu sutenir.,0.0625,0.25,False,capitalization_error;spacing_error
test,"[NAME], bye bye mru apre nuuu zwen 🤣","[NAME], bye bye Mauritius, apre nu zwen. 🤣","[NAME], bye bye MRU, apre nu zwen. 🤣",0.19047619047619047,0.125,False,capitalization_error;spacing_error
test,Ala 1 mendiants joana canada 🍁 next,"Ala 1 mendiant, Joana. Canada 🍁 next?","Ala 1 mendiant, Joana Canada 🍁 next.",0.05405405405405406,0.2857142857142857,False,punctuation_error;spacing_error
test,Kan ena dimun fini degoute gouv. 60-0 ki nou tou fine voter lerla pu truv drol. Ki p atan pu pren sanction pu les zot servi zot transpor,Kan ena dimunn fini degoute guvernman. 60-0 ki nu tu finn vote lerla pu truve drole. Ki pe atann pu pran sanction pu laisse zot servi zot transpor:,Kan ena dimunn fini degoute guvernman. 60-0 ki nu tu finn vote lerla pu truve drole. Ki pe atann pu pran sanction pu les zot servi zot transpor?,0.034013605442176874,0.07142857142857142,False,punctuation_error;capitalization_error;spacing_error
test,[NAME] pa's pe capave faire naryier pour2 apres minist transport sa met lorde la bhai ki pe attane pour met la line zone neck pour bez chauffeur controller mem,"[NAME] pas pe kapav faire nanyin. Pour 2 apre minis transport sa met lord la, bhai. Ki pe atann pu met la linn zon nek pu bez chauffeur controller mem?",[NAME] pas pe kapav faire nanyin pour 2 apre minis transport sa. Met lord la bhai ki pe atann pour met la linn zone neck pour bez. Chauffeur controller mem.,0.10596026490066225,0.4666666666666667,False,punctuation_error;capitalization_error;spacing_error
test,Kan zot dir grand bassin c enn plass sacrée bien bon mais zot bxin dir zot race arret vine tir zot grainne et vine piss derriere leglise catholique osi akoz nou leglise osi li sacrée merci,"Kan zot dir Grand Bassin se enn plas sacrée, bien bon. Mais zot bizin dir zot race aret vinn tire zot grainne et vinn piss deryer leglise catholique osi. Akoz nu leglise osi li sacrée. Merci.",Kan zot dir Grand Bassin se enn plas sacrée bien bon mais zot bizin dir zot race aret vinn tire zot grainne et vinn piss deryer leglise catholique osi akoz nu leglise osi li sacrée. Merci.,0.02617801047120419,0.1388888888888889,False,punctuation_error;capitalization_error;spacing_error
test,B infirmier la et docteur la pas deja conner ousoi bane gamat ki pas conne la difference sa,B infirmier la et docteur la pas deza kone? Ouswa bann gamat ki pas kone la difference sa?,B infirmier la et docteur la pas deza kone ouswa bann gamat ki pas kone la difference sa.,0.03333333333333333,0.16666666666666666,False,punctuation_error;capitalization_error;spacing_error
test,Pli tourne page trouv zimage,"Plis tourne page, truve zimage.","Plis tourne page, truve zimaz.",0.06451612903225806,0.2,False,capitalization_error;spacing_error
test,Seriously mo pas ti cne ki dimune pas code de la route cumesa... 1 van li p roule lor so main.. 1 camion p srti lor main.. Van la entour??? Neiport ki vitesse 1 vehicle p roule mais mw cne quan mo pas sure quan pou srti lor main ou pas trouv ou srti doucmn pas 1 seul cout,Seriously mo pas ti kone ki dimunn pas code de la route kumsa... 1 van li pe roule lor so main.. 1 camion pe sorti lor main.. Van la antor??? Nerport ki vites 1 vehicle pe roule mais mwa kone quand mo pas sure quand pu sorti lor main ou pas truve ou sorti doucema pas 1 seul kut.,Seriously mo pas ti kone ki dimunn pas code de la route kumsa... 1 van li pe roule lor so main.. 1 camion pe sorti lor main.. Van la entour??? Nerport ki vites 1 vehicle pe roule mais mwa kone quand mo pas sure quand pu sorti lor main ou pas truve ou sort,0.0967741935483871,0.11864406779661017,False,punctuation_error;capitalization_error;spacing_error;missing_word_error
test,Inn arrive ler bisin trap sa ban ministre lamem cass cass zot dans public zot pe piss ar avek le plus grand plaisir,Inn arrive ler bizin trape sa bann ministre lamem kase kase zot dans public zot pe piss ar avek le plus grand plaisir.,"Inn arrive ler bizin trape sa bann ministre lamem kase kase zot dans public, zot pe piss ar avek le plus grand plaisir.",0.00847457627118644,0.043478260869565216,False,punctuation_error;spacing_error
test,"Camarade ou fer tou dimoune riyer, aster tou dimoune riye lor ou. To truv sa korek frer. Zot ena n bon metier, perseverer bro, ki problem zot AL roder. Phuff","Camarade ou fer tu dimunn riye, aster tu dimunn riye lor ou. To truve sa korek frere? Zot ena enn bon metier, perseverer bro. Ki problem zot ale rode? Phuff.","Camarade ou fer tu dimunn riye, aster tu dimunn riye lor ou. To truve sa korek frere. Zot ena enn bon metier, perseverer brother, ki problem zot ale rode. Phuff.",0.050955414012738856,0.13333333333333333,False,punctuation_error;capitalization_error;spacing_error
test,Sa pa pou diminie accident Dimoun so mentalite ki bizin Sanger,Sa pa pu diminye accident dimunn so mantalite ki bizin sanze.,Sa pa pu diminye accident. Dimunn so mantalite ki bizin sanger.,0.06557377049180328,0.2727272727272727,False,punctuation_error;capitalization_error;spacing_error
test,P servi problem ladrogue pu defan so incompetence protege to ban officier avant pourki enretour zot pu ena courage pu protege public,Pe servi problem ladrog pu defane so incompetence. Protez to bann officier avant pourki enretour zot pu ena courage protez public.,Pe servi problem ladrog pu defane so incompetence. Protez to bann officier avant pourki enretour zot pu ena courage pu protez public.,0.023076923076923078,0.047619047619047616,False,capitalization_error;spacing_error;extra_word_error
test,😂😂😂😂😂😂😂😂😂 Mdr cav li envi threesome 😂😂😂,"😂😂😂😂😂😂😂😂😂 Mdr, kapav li anvi threesome. 😂😂😂","😂😂😂😂😂😂😂😂 Mdr, kapav li anvi threesome. 😂😂😂",0.023255813953488372,0.14285714285714285,False,spacing_error
test,Tire fusil are li retrograde li alle roule bicyclette et trappe tonfa dans centre de ville,Tire fusil ar li... Retrograde li... Ale roule bicyclette et trape tonfa dans centre de ville.,Tire fusil ar li retrograde. Li ale roule bicyclette et trape tonfa dans centre de ville.,0.10638297872340426,0.25,False,punctuation_error;capitalization_error;spacing_error
test,"[NAME], 😱😟 e get pravine ek ramgoolam👩‍❤️‍👩👭🫣 🤣😂😜👍🏽","[NAME], 😱😟 et get Pravin ek Ramgoolam.👩‍❤️‍👩👭🫣 🤣😂😜👍🏽","[NAME], 😱😟 et get Pravine ek Ramgoolam.👩‍❤️‍👩👭🫣 🤣😂😜👍🏽",0.019230769230769232,0.125,False,capitalization_error;spacing_error
test,Ehhh laaaa🤣🤣🤣😭 famm la bbk slmn🤣,Eh la🤣🤣🤣😭 fam la bobok selma.🤣,Eh la🤣🤣🤣😭 fam la bebe soleil.🤣,0.23333333333333334,0.3333333333333333,False,spacing_error
test,[NAME] p perdi le temp dans sa pays la,"[NAME], pe perdi letan dans sa pays la.",[NAME] pe perdi letan dans sa pays la.,0.02564102564102564,0.125,False,punctuation_error;spacing_error
test,Bisin met so prénom et so nom et so photo coumsa nu coner kisanna ha si ti enn ti dimoun sa dipi so cheveux ziska plaque lipied nu ti pu trouver,"Bizin met so prénom et so nom et so photo kumsa nu kone kisanla sa, si ti enn ti dimunn sa! Depi so cheveux ziska plaque lipied nu ti pu truve.",Bizin met so prénom et so nom et so photo kumsa nu kone kisanla sa. Si ti enn ti dimunn sa depi so cheveux ziska plaque lipied nu ti pu truve.,0.027972027972027972,0.12903225806451613,False,punctuation_error;capitalization_error;spacing_error
test,Ki Bondié Edd Nou Pou Sa Viris La Napa Rantt Dan Nou Pei... AMEN,Ki Bondieu aide nu pu sa viris la napa rantre dan nu peyi... AMEN.,Ki Bondieu edd nu pu sa viris la napa rantre dan nu peyi... AMEN.,0.045454545454545456,0.07142857142857142,False,capitalization_error;spacing_error
test,Rodrighé qui controler laba!! Zot lamain couma lamass gain n clack r zot to figher vire divant deriere!!,Rodriguais qui kontrol laba!! Zot lamain kuma lamass gain enn clack ar zot to figure vire divan deryer!!,Rodrigues qui kontrol laba!! Zot lamain kuma lamass gagne enn clack ar zot to figure vire divan deryer!!,0.038461538461538464,0.1111111111111111,False,capitalization_error;spacing_error
test,Bizin banned meteo maurice nou ava ecut meteo france... taa can geté zot ress veyer mm zanfant lecol travayer p bizin al ek linz mouiller...,"Bizin banned meteo Maurice, nu ava ekut meteo France... taa kan get zot res veye mem zanfan lekol travayer pe bizin ale ek linz mouiller...",Bizin banned meteo Maurice nu ava ecut meteo France... ta kan get zot res veye mem zanfan lekol travayer pe bizin ale ek linz mouiller...,0.02158273381294964,0.12,False,punctuation_error;capitalization_error;spacing_error
test,1timama pu tan dir bzin met mask tou la,"1 timama pu tande dir, bizin met mask tu la.",1 timama pu tande dir bizin met mask tu la.,0.022727272727272728,0.1,False,punctuation_error;spacing_error
test,Top net bisin renouveller tout le mois avec banne amelioration ki [NAME] pe suggere👍👍👍,Top net bizin renouveller tu le mois avec bann amelioration ki [NAME] pe suggere.👍👍👍,Top net bizin renouvelle tu le mois avec bann amelyoration ki [NAME] pe suggere.👍👍👍,0.023809523809523808,0.14285714285714285,False,capitalization_error;spacing_error
test,Sab la sii zot not tou sa eiin foss gorge fair seconde ek sa not la,Sab la si zot note tu sa ein. Fos gorge fer seconde ek sa note la.,"Sab la si zot note tu sa, enn fos gorge fer seconde ek sa note la.",0.06060606060606061,0.1875,False,punctuation_error;capitalization_error;spacing_error
test,Kissa pou fer nou problem tou zafer chere casse pa assez le res palab dan vide,"Kisa pu fer? Nu problem tu zafer cher, kas pa assez. Le res palab dan vide.",Kisa pu fer nu problem? Tu zafer cher kas pa assez. Le res palab dan vide.,0.06666666666666667,0.3125,False,punctuation_error;capitalization_error;spacing_error
test,Extra sa tt coup lhopital souillac meme deja dans le sud la pena boku centre hospitalier la melange population non infecte ar seki deja Esperons bane regle sanitaire pou bien respecter sinon bizin evite lhopital souillac la,"Extra sa tukut lopital Souillac mem, deza dans le sud la pena buku centre hospitalier. La melange population non infecte ar seki deza. Esperons bann regle sanitaire pu bien respecte sinon bizin evite lopital Souillac la.",Extra sa tukut lopital Souillac mem deza dans le sud la. Pena buku centre hospitalier la melange population non infecte ar seki deza. Esperons bann regle sanitaire pu bien respecte sinon bizin evite lopital Souillac la.,0.022727272727272728,0.1388888888888889,False,punctuation_error;capitalization_error;spacing_error
test,La dance sacouyer,La dance sacouyer.,La dance sakuyer.,0.1111111111111111,0.3333333333333333,False,capitalization_error;spacing_error
test,C lecoeur propre ou cpv manze tou cki bzn the heart must b clean enough,Se leker propre: ou kapav manze tu ki bizin. The heart must be clean enough.,Se leker propre ou kapav manze tu seki bizin. The heart must be clean enough.,0.039473684210526314,0.13333333333333333,False,punctuation_error;capitalization_error;spacing_error
test,Oui mo coner se pa en travail facil sa.. Mo papa ti fair sa travail la pareil😥kan li fini travail li vin lakaz gag extra sagrein ou get li extra fatigue. God bless him always🤲.. Dimoun bizin ena resepe. Svp🫡,"Oui mo kone se pa enn travail fasil sa.. Mo papa ti fer sa travail la pareil😥kan li fini travail li vinn lakaz gagne extra sagrin, ou get li extra fatigue. God bless him always🤲.. Dimunn bizin ena respe, svp.🫡",Oui mo kone se pa en travail fasil sa.. Mo papa ti fer sa travail la pareil😥kan li fini travail li vinn lakaz gagne extra sagrein ou get li extra fatigue. God bless him always🤲.. Dimunn bizin ena resepe. Svp🫡,0.03349282296650718,0.1,False,punctuation_error;capitalization_error;spacing_error
test,Apel sa ban maman soutireuse voila boku ena cumsa zot content couvert defaut zot boureaux enfant 😡 fini coner kot lin gagne so barbare leducation ce pas en enfant ce en vrai monster,Apel sa bann maman soutireuse voila.. Buku ena kumsa zot kontan couvert defaut zot boureaux enfant. 😡 Fini kone kot linn gagne so barbare ledikasyon. Ce pas en enfant se enn vrai monster.,"Apel sa bann maman soutireuse. Voila buku ena kumsa. Zot kontan couvert defaut zot boureaux enfant. 😡 Fini kone kot linn gagne so barbare ledikasyon. Se pas en enfant, se en vrai monster.",0.053475935828877004,0.24242424242424243,False,punctuation_error;capitalization_error;spacing_error
test,Sa ki apel ponzi scheem kot to ete badin ek razoir... Ti lor tv pou decapit bai..,"Seki apel ponzi scheme, kot to ete Badin ek razoir... Ti lor TV pu decapit bhai..",Seki apel ponzi scheme kot to ete Badin ek razoir... Ti lor TV pu decapit Bhai..,0.024691358024691357,0.125,False,punctuation_error;capitalization_error;spacing_error
test,Si pou revise a la hausse revisité la hausse du service de vos autobus ( bizin ouvert parapluie dans bus kan la plie tomé) ( kan ou guet en bas ou trouve rue ) chauffeur perna permis contolleur pé dessan pou bate dimoin lor simé alors,"Si pu revise a la hausse, revisité la hausse du service de vos autobus ( bizin ouvert parapluie dans bus kan la pli tombe,) ( kan ou get enba ou truve rue ) chauffeur pena permis, contolleur pe desan pu bate dimunn lor sime, alors.","Si pu revise a la hausse, revisité la hausse du service de vos autobus ( bizin ouvert parapluie dans bus kan la plie tome) ( kan ou get en bas ou truve rue ), chauffeur pena permis contolleur pe desan pu bate dimunn lor sime alors.",0.03463203463203463,0.15555555555555556,False,punctuation_error;capitalization_error;spacing_error;extra_word_error
test,Tous dimun vine mansan magasin so trvy ine baisse plus ki lamoitier lot lannei tous magasin met latab lr chemin,Tu dimunn vinn mansan. Magasin so travail inn bese plus ki lamoitie. Lot lane tu magasin met latab lor chemin.,Tu dimunn vinn mansan magasin so travail inn bese plus ki lamoitie lot lane. Tu magasin met latab lor chemin.,0.05454545454545454,0.3,False,punctuation_error;capitalization_error;spacing_error
test,"[NAME], ine aret pren poule aster li pren canard","[NAME], inn aret pran poule aster, li pran canard.","[NAME], inn aret pran poule aster li pran canard.",0.02,0.1111111111111111,False,punctuation_error;spacing_error
test,"Fine sanz appelation, b van dimun nhdc ti p paye 1 mensualiter ziska paye cout la case la. ASTER ENA BAN GENIES KI TIR SA MOT MENSUALITER LA LI FER LI VINE RENT, B BAN LOYOS KI GRIMACES.","Finn sanze appelation, b van dimunn NHDC. Ti pe peye 1 mensualite ziska peye kut lakaz la. ASTER ENA BANN GENIES KI TIRE SA MOT MENSUALITE LA LI FER LI VINN RENT, B BANN LOYOS KI GRIMACES?","Finn sanze appelation, b van dimunn NHDC ti pe peye 1 mensualite ziska peye kut lakaz la. ASTER ENA BANN GENIES KI TIRE SA MOT MENSUALITE LA LI FER LI VINN RANTRE, B BANN LOYOS KI GRIMACES.",0.031914893617021274,0.10810810810810811,False,punctuation_error;capitalization_error;spacing_error
test,"[NAME], nou retourne lafrance moris pa facile 🤣😂😅🤪","[NAME], nu retourne la France.. Moris pa facile. 🤣😂😅🤪","[NAME], nu retourne la France, Moris pa facile. 🤣😂😅🤪",0.03773584905660377,0.1111111111111111,False,punctuation_error;spacing_error
test,Protège nu tii zil jésus que ta volonté sois faite🙏,Protège nu ti lil. Jésus que ta volonté sois faite.🙏,Protège nu ti lil Jésus que ta volonté soi faite.🙏,0.038461538461538464,0.2,False,punctuation_error;capitalization_error;spacing_error
test,"[NAME], baichoo ki p fer aparte kokin pension","[NAME], Baichoo ki pe fer, apart kokin pension?","[NAME], Baichoo ki pe fer apart kokin pension?",0.02127659574468085,0.125,False,punctuation_error;spacing_error
test,Fami in vini pena largent bouteil rhum lor la table pena largent pour achte coupe pepsi pour grand dimun mirinda pour znfant,"Fami inn vini, pena larzan. Bouteil rhum lor la table pena larzan pour aste coupe. Pepsi pour grand dimunn, Mirinda pour zanfan.",Fami inn vini. Pena larzan bouteil rhum lor la table. Pena larzan pour aste coupe Pepsi pour grand dimunn. Mirinda pour zanfan.,0.0625,0.36363636363636365,False,punctuation_error;capitalization_error;spacing_error
test,Akz saem system la sant pa bn ki s docter s nurse infirmier bzn mentally strong zt deal ek tou kalit dimune e malad ou pa kv expect 1 dimune ki p travaii 24/7 pu deliver services ki zt supoze dne zt mm zt in physically n mentally draine si zt trv en mank de staff prnd dimune pu travaii ena bku jeune ki pna travaii p rod travaii dne zt osii sa opportunite travaii lah astr zt rod bn dimune ki ena l'exprience bien bn b sa ti zeness fek fini lekol lah kt li pu ale tire sa l'experience lah dan lakaz lr la rue zt bzn revoir zt system trv 1 solution,"Akoz samem system la sante pa bon. Ki so docteur, so nurse, infirmier bizin mentally strong. Zot deal ek tu kalite dimunn et malade. Ou pa kapav expect 1 dimunn ki pe travail 24/7 pu deliver services ki zot sipoze donne. Zot mem zot inn physically and mentally drained. Si zot truve en mank de staff pran dimunn pu travail. Ena buku jeune ki pena travail pe rode travail. Donne zot osi sa opportunite travail la. Aster zot rode bann dimunn ki ena lexperyans bien bon. B sa ti zeness fek fini lekol la kot li pu ale tire sa lexeperyans la? Dan lakaz? Lor la rue? Zot bizin revoir zot system, truve 1 solution.",Akoz samem system la sante. Pa bon ki so docteur so nurse infirmier bizin mentally strong. Zot deal ek tu kalite dimunn et malade ou pa kapav expect 1 dimunn ki pe travail 24/7 pu deliver services ki zot sipoze donne zot mem. Zot inn physically and mental,0.5953947368421053,0.6956521739130435,False,punctuation_error;capitalization_error;spacing_error;missing_word_error
test,Ou p croire ou garçon un enfant de cœur,Ou pe croire ou garçon un enfant de coeur.,Ou pe croire ou garçon un enfant de cœur.,0.047619047619047616,0.1111111111111111,False,capitalization_error;spacing_error
test,Pa kit li madame tank. Ki. Li tire ou la vie rest avk li mem,"Pa kite li madame tank ki li tire ou lavi, reste avek limem.","Pa kite li madame tank. Ki li tire ou lavi, reste avek limem.",0.03333333333333333,0.15384615384615385,False,punctuation_error;capitalization_error;spacing_error
test,Sa mem metier ki en hausse a maurice volere lexample vine d'ent haut la honte nu fiere de nous pays mais nu pa fiere de c ki p dirize nu pays la justice pane fer pu tu dimune ena volere capave permete li pran l avocat,"Samem metier ki en hausse a Maurice: voler. Legzanp vinn d'ent haut, la honte. Nu fiere de nous pays mais nu pa fiere de se ki pe dirize nu pays. La justice pann fer pu tu dimunn, ena voler kapav permet li pran l avocat.",Samem metier ki en hausse a Maurice voler. Legzanp vinn d'ent haut la honte. Nu fiere de nous pays mais nu pa fiere de seki pe dirize nu pays. La justice pann fer pu tu dimunn. Ena voler kapav permet li pran l avocat.,0.022727272727272728,0.13333333333333333,False,punctuation_error;capitalization_error;spacing_error;missing_word_error
test,Misie minis al laba en casiet san journalis parking vid selmen patient pa kpv servi parking enn patient vinn fer radiotherapi 20 jour 30 jour li roul so loto li vini li bizin park dan canne marse al fer traitement lerla re marse al dan canne pu pren so loto ou pa serye ou p met dur r staff r minister transport get pou ou minister avan ena bann babu p donn consey dan minister ki zot pa compren rod bann professionel pa sa bann coller pa fis la junior minister kote ki so rol li dir li met la main dan la pat li ziss al dan conference dan coup ruban samem tou fer zoli nu tu kone linn rent par recomendation pa vedir pu zis asize rie tir foto b bez la pay junior minister ena bann lezot membre ki dan sa profession la sante zot pa pense ti bizin met enn ladan junior minister mo fami al fer traitement ncc enn martyr sa mo dir ou franc sa bann staff parking la foutan kuma kisiss ek pena ditou compassion dan zot enn lot inn al pu overseas treatment kan li sorti li dir avoy sa ferfout li pren loan li al fer so traitement service la sante kk net omca p fer travail minister ti bizin fer sa mo trouv anguille sou roche moi,"Misye minis, ale laba en kasyet san journalis, parking vide, selma patient pa kapav servi parking. Enn patient vinn fer radiotherapi 20 jour 30 jour, li roule so loto li vini, li bizin park dan canne??? Marse ale fer traitement lerla re marse ale dan canne pu pran so loto??? Ou pa serye. Ou pe met dur ar staff ar minister transport, get pu ou minister avant. Ena bann babu pee donne consey dan minister ki zot pa konpran, rode bann professionel, pa sa bann coller pa fis la. Junior minister kote? Ki so role li? Dir li met la main dan la pat, li zis ale dan conference, dan kut ruban samem tu. Fer zoli. Nu tu kone linn rantre par recomendation, pa vedir pu zis asize rie tire foto b bez la pay junior minister. Ena bann lezot membre ki dan sa profession la sante, zot pa pense ti bizin met enn ladan junior minister? Mo fami ale fer traitement NCC, enn martyr sa mo dir ou franc. Sa bann staff parking la foutan kuma kisiss. Ek pena ditou compassion dan zot. Enn lot inn ale pu overseas treatment, kan li sorti li dir avoy sa ferfoute. Li pran loan li ale fer so traitement. Service la sante kaka net. OMCA pe fer travail minister ti bizin fer. Sa mo truve anguille sou roche moi.","Misye minis ale laba en kasyet san journalis, parking vide. Selma patient pa kapav servi parking. Enn patient vinn fer radiotherapi 20 jour, 30 jour li roule so loto li vini. Li bizin park dan canne marse ale fer traitement lerla re marse ale dan canne pu",0.7895181741335587,0.8325991189427313,False,punctuation_error;capitalization_error;spacing_error;missing_word_error
test,Pas capave arrêt zot avant jette filets cumsa ban poisson ti caoave encore dan la mer,Pas kapav aret zot avant jette filets. Kumsa bann poisson ti kapav ankor dan la mer.,Pas kapav aret zot avant jette filets kumsa bann poisson ti kapav encore dan la mer.,0.05952380952380952,0.1875,False,punctuation_error;capitalization_error;spacing_error
test,"[NAME], avant to cozé informe toi bien lor travail la 😌","[NAME], avant to koze, inform toi bien lor travail la. 😌","[NAME], avant to koze, informe toi bien lor travail la. 😌",0.017857142857142856,0.09090909090909091,False,capitalization_error;spacing_error
test,Faire coner a partir qui lheure pas pou ena sa bans ki fine mentioner la svp surtou anesthesis et pediatre si ena urgence bizin operation ou zenfant p mort lerla ava met bans patients la dans frigo ziska zot prend zot service,"Faire kone a partir qui ler pas pu ena sa bann ki finn mentione la svp. surtout anesthesis et pediatre: si ena urgence bizin operation ou zanfan pe mort, lerla ava met bann patients ladan frigider ziska zot prend zot service.",Faire kone a partir qui ler pas pu ena sa bann ki finn mentioner la svp. Surtout anesthesis et pediatre. Si ena urgence bizin operation ou zanfan pe mort lerla ava met bann patients ladan frigo ziska zot prend zot service.,0.04,0.14634146341463414,False,punctuation_error;capitalization_error;spacing_error
test,Hats off to you acoz de trois lt gazeuse ou ti pou alle perdi la vie,Hats off to you. Akoz de trois lit gazeuse ou ti pu ale perdi lavi.,Hats off to you akoz de trois lit gazeuse ou ti pu ale perdi lavi.,0.029850746268656716,0.13333333333333333,False,punctuation_error;capitalization_error;spacing_error
test,TOUT EXAMENS.. BISIN RETOURNE LES SCRIPTES CORRIGES AUX CANDIDATS,TOUT EXAMENS.. BIZIN RETOURNE LES SCRIPTES CORRIGES AUX CANDIDATS.,TU EXAMENS.. BIZIN RETOURNE LES SCRIPTES CORRIGES AUX CANDIDATS.,0.030303030303030304,0.1111111111111111,False,capitalization_error;spacing_error
test,Presque Tous Les jours a ccident,Presque tulezur accident.,Presque tulezur a ccident.,0.04,0.6666666666666666,False,spacing_error;extra_word_error
test,Effectivement moi monn fer demande lorette pou mo zenfant resultat ki mo zenfant inn gagner li pann gagn college ki noun choisir et lorla atann la veille admission pou dir ou demande transfert pann approved,"Effectivement, moi mon fer demande Lorette pu mo zanfan rezilta ki mo zanfan inn gagne li pann gagne college ki noun choisir, et lor la atann la veille admission pu dir ou demande transfert pann approved.",Effectivement moi mon fer demande lorette pu mo zanfan. Rezilta ki mo zanfan inn gagne. Li pann gagne college ki noun choisir et lor la atann la veille admission pu dir ou demande transfert pann approved.,0.03431372549019608,0.19444444444444445,False,punctuation_error;capitalization_error;spacing_error
test,He aret enmene tout zaffaire dns Le Sud enmene sa dns Le Sud enmene kot ou,"He, aret amenn tu zafer dans le sud, amenn sa dans le sud, amenn kot ou.","Hey, aret enmene tu zafer dans Le Sud. Enmene sa dans Le Sud enmene kot ou.",0.2222222222222222,0.5,False,punctuation_error;capitalization_error;spacing_error
test,"Ene zafer mo pou dire, sa papier ki zot marké lorla la kan ène candidat kit caserne dans loto pou faire so test et ziska li retourne caserne la b kifer zot pas donne sa candidat la, zot nek dir oune faire tel faute, tel faute, mais ki en réalité pas ti éna tousala, zot pas oulé donne li candidat la donne li so moniteur auto école la, sa ossi zot pas donné, zot faire sa pou ré bèze rs 500 candidat la, kifer pas faire test couma la france ek la réunion faire, to pran leçons kondir avec ène moniteur mais kan to alle passe to test to faire li avec ène lotte moniteur ki pou juge to compétences, sanzé modernize inpé pas nek bèze nou avec bonnet blanc /blanc bonnet mem sa pas pu diminuer accidents ek folies lor la route","Enn zafer mo pu dire: sa papier ki zot marke lor la la kan enn candidat kite Casernes dans loto pu faire so test et ziska li retourne Casernes la—b kifer zot pas donne sa candidat la? Zot nek dir: oun faire tel faute, tel faute, mais ki en réalité pas ti ena tusala. Zot pas oule donne li candidat la, donne li so moniteur auto école la, sa osi zot pas donne. Zot faire sa pu re bez Rs500 candidat la. Kifer pas faire test kuma la France ek la réunion faire? To pran leçons konduire avec enn moniteur, mais kan to ale passe to test, to faire li avec enn lot moniteur ki pu juge to compétences. Sanze, modernize enpe! Pas nek bez nu avec bonnet blanc / blanc bonnet mem. Sa pas pu diminye accidents ek folies lor la route.","Enn zafer mo pu dire, sa papier ki zot marke lor la la kan enn candidat kite Casernes dans loto pu faire so test et ziska li retourne Casernes la, b kifer zot pas donne sa candidat la? Zot nek dir ou faire tel faute, tel faute, mais ki en réalité pas ti",0.6546463245492372,0.6713286713286714,False,punctuation_error;capitalization_error;spacing_error;missing_word_error
test,Li pas grave magistrate ki pu decides. Keep it up gentleman be careful next time ok,Li pas grave magistrate ki pu decide. Keep it up gentleman be careful next time ok.,Li pas grave magistrate ki pu decides. Keep it up gentleman be careful next time ok.,0.012048192771084338,0.0625,False,capitalization_error;spacing_error
test,Madam missier veil ou zanfan 😭,"Madam, misye, veye ou zanfan. 😭",Madam misye veille ou zanfan. 😭,0.16129032258064516,0.5,False,punctuation_error;capitalization_error;spacing_error
test,"[NAME], k ggtt hh","[NAME], ki gogot ha?","[NAME], k gogot hh.",0.15,0.5,False,punctuation_error;capitalization_error;spacing_error
test,"Si pou revise a la hausse, revisité la hausse du service de vos autobus ( bizin ouvert parapluie dans bus kan la plie tomé,) ( kan ou guet en bas ou trouve rue ) chauffeur perna permis, contolleur pé dessan pou bate dimoin lor simé, alors.......","Si pu revise a la hausse, revisité la hausse du service de vos autobus ( bizin ouvert parapluie dans bus kan la plie tombe,) ( kan ou get enba ou truve rue ) chauffeur pena permis, contolleur pe desan pu bate dimunn lor sime, alors.......","Si pu revise a la hausse, revisité la hausse du service de vos autobus ( bizin ouvert parapluie dans bus kan la plie tome,) ( kan ou get en bas ou truve rue ), chauffeur pena permis, contolleur pe desan pu bate dimunn lor sime, alors.......",0.01680672268907563,0.08888888888888889,False,punctuation_error;spacing_error;extra_word_error
test,"Bne laké par derier li laa ki derulei saa 😛🤣.... P suive, ti pnsé bougue la pu dne 1 billet 😂","Bann lake par deryer li la ki derule sa 😛🤣.... Pe suive, ti pense boug la pu donne 1 billet. 😂","Bann lake par deryer li la ki derule sa? 😛🤣.... Pe suive, ti pense boug la pu donne 1 billet. 😂",0.010638297872340425,0.047619047619047616,False,punctuation_error;spacing_error
test,Zot ti content pou vote sa ban matra menter la aster plorai hahaha 😆 😂 😄 🤣 apre zot ena toupe dire zot piu fer maurice vin singapore 🇸🇬 hahaha 😆 😂 💖 😄,"Zot ti kontan pu vote sa bann matra menter la, aster plore! Hahaha! 😆 😂 😄 🤣 Apre, zot ena toupe dire: zot pu fer Maurice vinn Singapore 🇸🇬. Hahaha! 😆 😂 💖 😄",Zot ti kontan pu vote sa bann matra menter la. Aster plorai hahaha 😆 😂 😄 🤣 apre zot ena toupe dire zot pu fer Maurice vinn Singapore 🇸🇬 hahaha. 😆 😂 💖 😄,0.07741935483870968,0.23529411764705882,False,punctuation_error;capitalization_error;spacing_error
test,Sorry mais mo franc moi kan pas capave gette zenfant prefere pas Gagne mem🤨😡😤,Sorry mais mo franc moi kan pas kapav get zanfan prefere pas gagne mem.🤨😡😤,"Sorry mais mo franc moi. Kan pas kapav get zanfan, prefere pas gagne mem.🤨😡😤",0.04054054054054054,0.21428571428571427,False,punctuation_error;capitalization_error;spacing_error
test,"[NAME], dans nou lepok bro pas ti ena tous sa banne facilites ki ena zordi la et zenfants longtemps nou finne faire boucou zefforts pou nous passer avec pas 5 mais 6 credits parfois mem distinction","[NAME], dans nu lepok, brother, pas ti ena tusa bann facilites ki ena zordi la. Et zanfan lontan, nu finn faire buku zefor pu nous passe, avec pas 5 mais 6 credits, parfois mem distinction.","[NAME], dans nu lepok brother pas ti ena tusa bann facilites ki ena zordi la et zanfan longtemps nu finn faire buku zefor pu nous passe avec pas 5 mais 6 credits. Parfois mem distinction.",0.06349206349206349,0.22857142857142856,False,punctuation_error;capitalization_error;spacing_error
test,Boug la bientot pu grand commander of the order the star and key of the Indian Ocean 😭,Boug la bientot pu grand commander of the order the star and key of the Indian Ocean. 😭,Boug la bientot pu grand commander of the order: the star and key of the Indian Ocean. 😭,0.011494252873563218,0.05555555555555555,False,punctuation_error;spacing_error
test,"[NAME], bro system la ki pas bon chaque 5 ans pas capave change system éducation plus nu lepok cpe mem nu travail pu passe dans 30 a 35 zefant 2 ou 3 ti pe fail demand bane 55 ans a monte zot pu dire ou","[NAME], brother! System la ki pas bon. Chaque 5 ans pas kapav change system éducation. Plus nu lepok CPE mem, nu travail pu passe: dans 30 a 35 zanfan, 2 ou 3 ti pe fail. Demande bann 55 ans a monte, zot pu dire ou.","[NAME], brother, system la ki pas bon. Chaque 5 ans pas kapav change system éducation plus nu lepok kapav mem nu travail pu passe dans 30 a 35. Zafan 2 ou 3 ti pe fail. Demande bann 55 ans a monte zot pu dire ou.",0.07441860465116279,0.2222222222222222,False,punctuation_error;capitalization_error;spacing_error
test,To ena ene talent ki pa tou dimun ena to gagne pu gate partou tne gagne ene 2eme chance ala to ale rod lamerdemen dan to fesse,"To ena enn talent ki pa tu dimunn ena. To gagne pu gate partu. Tonn gagne enn 2eme chance, ala to ale rode lamerdemen dan to fesse.",To ena enn talent ki pa tu dimunn ena. To gagne pu gate partu tonn gagne enn 2eme chance. Ala to ale rode lamerdemen dan to fesse.,0.030534351145038167,0.14814814814814814,False,punctuation_error;capitalization_error;spacing_error
test,"[NAME], net saem zot pu dir partout kumsa voleur kokin pas bzn bater la police ale arrête dealer [NAME] protège li b mort kumsaem alors","[NAME], net samem zot pu dir. Partout kumsa. Voleur kokin pas bizin bate. La police ale aret dealer [NAME] protège li. B mort kumsaem alors.","[NAME], net samem zot pu dir. Partu kumsa voleur kokin pas bizin bate la police. Ale aret dealer [NAME] protège li. B mort kumsamem alors.",0.06428571428571428,0.32,False,punctuation_error;capitalization_error;spacing_error
test,Criminaliter in baiser,Kriminalite inn bese.,Criminalite inn bez.,0.14285714285714285,0.6666666666666666,False,capitalization_error;spacing_error
test,"[NAME], bien dir sa jamais tifi la ki entord tou les temp garcon ki ena tord","[NAME], bien dir sa! Jamais tifi la ki antor tultan garcon ki ena tord.","[NAME], bien dir sa. Jamais tifi la ki antor, tultan garson ki ena tord.",0.04225352112676056,0.21428571428571427,False,punctuation_error;spacing_error
test,La li on la pa connais kan li pou off li pe riyer lor moustache veut dire li pa sure,"La li on la, pa kone kan li pu off. Li pe riye lor moustache veut dire li pa sure.","La li on la pa kone kan li pu off, li pe riye lor moustache. Veut dire li pa sure.",0.06097560975609756,0.25,False,capitalization_error;spacing_error
test,Zot manteur fer maja karo taler dans 4ans zot pou divan salam babe,Zot manteur fer maja karo taler dans 4 ans zot pu divan salam babe.,Zot manteur fer maja karo. Taler dans 4 ans zot pu divan salam babe.,0.029850746268656716,0.14285714285714285,False,punctuation_error;capitalization_error;spacing_error
test,Si to 1 bon sofere mo pa trouve camion la en tord sa place la li difficult pou juger parski van la dan 1 trou ek ena 1 ti contour lor la van la fin tap ar la queue camion la si si to ti roule 60 a 80 to ti applik to frein azordi to ti pou gagnant sorry roule vite c mort brite,"Si to 1 bon sofer mo pa truve camion la en tort. Sa place la li difficult pu juger parski van ladan 1 trou ek ena 1 ti contour. Lor la van la finn tape ar la queue camion la. Si to ti roule 60 a 80 to ti applik to frein, azordi to ti pu gagnant. Sorry roule vite, se mort brite.","Si to 1 bon sofer mo pa truve camion la antor. Sa place la li difficult pu juger parski van ladan 1 trou ek ena 1 ti contour lor la. Van la finn tape ar la queue camion la. Si si to ti roule 60 a 80 to ti applik to frein, azordi to ti pu gagnant. Sorry ro",0.1223021582733813,0.19047619047619047,False,punctuation_error;capitalization_error;spacing_error;missing_word_error
test,Sa ban kaliter dimoune la zot penser seki envi zot capv fer karma pu bez ar zot zamais zot pu happy dan zot la vie,"Sa bann kalite dimunn la zot pense seki anvi zot kapav fer, karma pu bez ar zot zame zot pu happy dan zot lavi.",Sa bann kalite dimunn la zot pense seki anvi zot kapav fer karma pu bez ar zot. Zame zot pu happy dan zot lavi.,0.02702702702702703,0.125,False,punctuation_error;capitalization_error;spacing_error
test,Ncc c 1 couloir d la mort... Pna mm bon lapproche ni treatment ki bizin dn sa lopital la.. P dpense par milliard.. Pna bon technician ni bon element... Money minded... Kn ou perdi ou fami ou va senti... Amene docters depi etranger ki conner expert dn tretment cancer pu cpv sapp bn patients ki p soufert....,NCC se 1 couloir de la mort... Pena mem bon lapproche ni treatment ki bizin dan sa lopital la.. Pe depense par milliard.. Pena bon technician ni bon element... Money minded... Kan ou perdi ou fami ou va senti... Amenn docters depi etranzer ki kone expert dan tretman cancer pu kapav sap bann patients ki pe sufer....,NCC se 1 couloir de la mort... Pena mem bon lapproche ni treatment ki bizin dan sa lopital la.. Pe depense par milliard.. Pena bon technician ni bon element... Money minded... Kan ou perdi ou fami ou va senti... Amenn docteurs depi etranzer ki kone expert,0.19936708860759494,0.21052631578947367,False,punctuation_error;capitalization_error;spacing_error;missing_word_error
test,Habitier jouer kook r billet 50 25 li apres fer zenfan alle roder.. [NAME] li laaaa😂😂😂,Habitier jouer kook ar billet 50 25 li apre fer zanfan ale rode.. [NAME] li la.😂😂😂,"Habitier jouer kook ar billet 50, 25 li apre fer zanfan ale rode.. [NAME] li la.😂😂😂",0.012195121951219513,0.0625,False,punctuation_error;spacing_error
test,Bouge fixe,Bouge fixe.,Boug fixe.,0.09090909090909091,0.5,False,capitalization_error;spacing_error
test,Aster dimoun pou dire to rapel liem ki ti Dan sa group la...,Aster dimunn pu dire: to rapel limem ki ti dan sa group la...,Aster dimunn pu dire to rapel limem ki ti dan sa group la...,0.01639344262295082,0.07692307692307693,False,punctuation_error;spacing_error
test,"[NAME], donne moi n rezon ki fer bizin al avec 10 van dans mo landroit ousi fin ena ban arestation koumsa d van vinin prend aller ki fer kot nous zot pas defan zot parse ki nous envi sa fini moi mo dire la police bizin met lachain partou oas less ban dimoun rantre pou al aster e apre ban q p defan ban mafia less zot mort kot mo problem ladent","[NAME], donne moi enn rezon kifer bizin ale avec 10 van? Dans mo landrwat osi finn ena bann arestasyon kumsa. Van vini prend ale. Kifer kot nous zot pas defane zot? Parski nous anvi sa fini: moi mo dire la police bizin met lachain partu pas less bann dimunn rantre pu ale aster. Et apre bann qui pe defane bann mafia less zot mort kot mo problem ladan.","[NAME], donne moi enn rezon. Kifer bizin ale avec 10 van? Dans mo landrwa osi finn ena bann arestation kumsa. De van vinn prend ale. Kifer kot nous zot pas defane zot parski nous anvi sa fini? Moi mo dire la police bizin met lachain partu oas. Less bann d",0.33238636363636365,0.4852941176470588,False,punctuation_error;capitalization_error;spacing_error;missing_word_error
test,Pli to vire paz to tro zimaz,Plis to vire paz to tro zimaz.,"Plis to vire paz, to tro zimaz.",0.03333333333333333,0.14285714285714285,False,punctuation_error;spacing_error
test,Marchand legumes side business vanne feuilles en poudre enan bocou commesa ine arreter sous ancient regime astere no case to answer enan pou mal fini qui vivra verra,"Marchand legim. Side business. Vande feuilles en poudre. Ena buku kumsa. Inn aret sous ancient regime. Aster no case to answer. Ena pu mal fini, Qui vivra, verra.",Marchand legim side business vande feuilles en poudre. Ena buku commesa inn aret sous ancient regime. Aster no case to answer. Ena pu mal fini qui viv verra.,0.09259259259259259,0.32142857142857145,False,punctuation_error;capitalization_error;spacing_error
test,Nou couyon nou travail pou nouri zot lever ban falou,Nu kuyon nu. Travail pu nouri zot leve bann falou.,Nu kuyon nu travail pu nouri zot leve bann falou.,0.04,0.2,False,punctuation_error;capitalization_error;spacing_error
test,Zot habituer fer sa bwar sou apres pa guet zenfant ditou amize pli important zenfant marser aller kot li envi ek si li rentre dan ene parking sofer pa fr attention fini,"Zot habitue fer sa: bwar, sou, apre pa get zanfan ditou. Amize plis important. Zanfan marser ale kot li anvi ek si li rantre dan enn parking sofer pa fer attention, fini!","Zot habitue fer sa bwar sou. Apre pa get zanfan ditou. Amize plis important. Zanfan marse ale kot li anvi. Ek si li rantre dan enn parking, sofer pa fer attention fini.",0.058823529411764705,0.3125,False,punctuation_error;capitalization_error;spacing_error
test,"[NAME], ouiiiii m même m ena m tipti 4 mois li fini conn virer, gliss glisse lor so tonkin, m dr ou franc même dimoune dr m abitieee li la main pa fr nanier mais m fr mo mieux li ress dans m la main pou m capav veyyyy li bien: zot tros imprevisible ek ena tros bocou problem de cot zanfants de nos jour fr peir","[NAME], oui mo même mo ena mo tipti 4 mois li fini kone vire, gliss glisse lor so tonkin, mo dir ou franc même dimunn dir mo abitiye li la main pa fer nanyin mais mo fer mo mieux li res dans mo la main pu mo kapav veye li bien: zot tro imprevisible ek ena tro buku problem de kote zanfan de nos jour fer per.","[NAME], oui mo même mo ena mo tipti 4 mois li fini kone vire, gliss glisse lor so tonkin. Mo dir ou franc même dimunn dir mo abitie li la main pa fer nanyin mais mo fer mo mieux li res dans mo la main pu mo kapav veye li bien: zot trop imprevisible ek e",0.19155844155844157,0.23880597014925373,False,punctuation_error;capitalization_error;spacing_error;missing_word_error
test,Ban cocovide pu re faire zot apparition toulejour 19hrs lor TV la 😷🤮,Bann cocovide pu re faire zot apparition tulezur 19hrs lor TV la. 😷🤮,Bann cocovide pu re faire zot apparition tulezur 19hr lor TV la. 😷🤮,0.014705882352941176,0.07692307692307693,False,capitalization_error;spacing_error
test,Mentaliter moricien pas pou changer malheureusement depi ler ena boire ou droguer et prend volant ena bezer la,Mantalite Morisien pas pu change malheureusement. Depi ler ena boire ou droguer et prend volant. Ena bez la.,Mantalite Morisien pas pu change. Malheureusement depi ler ena boire ou droguer et prend volant ena bez la.,0.05555555555555555,0.2777777777777778,False,punctuation_error;capitalization_error;spacing_error
test,Van la ti p roul excess c pour sa li pas in gagne aret a temps mais camion la full en taur li bizin atan transport passé avant 1sorti,"Van la ti pe roule excess se pour sa li pas inn gagne aret a tan.. Mais camion la full antor, li bizin atann transport passe avant 1 sorti.","Van la ti pe roule excess, se pour sa li pas inn gagne aret a tan. Mais camion la full antor, li bizin atann transport passe avant 1 sorti.",0.014388489208633094,0.06896551724137931,False,punctuation_error;spacing_error
test,"[NAME], sry b mo penc ki ena un system de shift system. Bien rare des cas cot ena ki fine bizin carry on so shift for 24hrs. Aprs kan ou ti jurè pou sa profession ou ti acpt tou so ban condition. B alors quoi maintenant","[NAME], sorry, b mo pense ki ena un system de shift system. Bien rare des cas kot ena ki finn bizin carry on so shift for 24hr. Apre kan ou ti jure pu sa profession ou ti akceptab tu so bann condition. B alors quoi maintenant.","[NAME], sry b mo pense ki ena un system de shift system. Bien rare des cas kot ena ki finn bizin carry on so shift for 24hr. Apre kan ou ti jurè pu sa profession ou ti akont tu so bann condition. B alors quoi maintenant.",0.03982300884955752,0.06521739130434782,False,punctuation_error;capitalization_error;spacing_error
test,Pou legaliz gandia p bzn fer tou sa kalit tinpi la,"[NAME], legalize gandia pe bizin fer tusa kalite tinpi la.",Pu legalize gandia pe bizin fer tu sa kalite enpi la.,0.1724137931034483,0.4,False,punctuation_error;capitalization_error;spacing_error;extra_word_error
test,Kan li monte pension torma ek grand ma ti p chatwa so bibit et torpa ek granpa ti p chatwa so la grain et toi pilon ki p critic li to ti chatwa so troufess falourmama maulichien 😈😈👿😈👿 kakaliki 🤣🤣🤣🤣🤣🤣 viagra currency million dans coffre falourmama maulichien kakaliki sa to refaire vine ministre 🤣🤣🤣🤣🤣🤣🤣van fam dan to lacaze so liki falousorma 🤣🤣🤣 maulichien kakaliki 🤣🤣🤣🤣🤣😈🤣😈😈👿👿😈😈👿😈😈👿😈,"Kan li monte pension, torma ek gramer ti pe chatwa so bibit et torpa ek granper ti pe chatwa so la grain et toi pilon ki pe critik li to ti chatwa so troufess falourmama Mauricien 😈😈👿😈👿 kakaliki 🤣🤣🤣🤣🤣🤣 viagra, currency, million dans coffre, falourmama Mauricien kakaliki, sa to refaire vinn ministre 🤣🤣🤣🤣🤣🤣🤣vande fam dan to lakaz so liki falousorma 🤣🤣🤣 Mauricien kakaliki 🤣🤣🤣🤣🤣😈🤣😈😈👿👿😈😈👿😈😈👿😈",Kan li monte pension torma ek grand ma ti pe chatwa so bibit et torpa ek granpa ti pe chatwa so la grain et toi pilon ki pe kritik li. To ti chatwa so troufess falourmama Mauricien 😈😈👿😈👿 kakaliki. 🤣🤣🤣🤣🤣🤣🤣 viagra currenc,0.4794871794871795,0.53125,False,punctuation_error;capitalization_error;spacing_error;missing_word_error
test,"[NAME], b si li ti defan li couma moi mo ti pou defan moi ki mo ti pou etais","[NAME], b si li ti defane li kuma moi mo ti pu defane moi, ki mo ti pu ete?","[NAME], b si li ti defane li kuma moi, mo ti pu defane moi ki mo ti pu ete.",0.04,0.15789473684210525,False,punctuation_error;spacing_error
test,Met guard security boss avacor banla veil bien zot,"Met guard security, boss avacor, banla veye bien zot.",Met guard security boss. Avakor banla veye bien zot.,0.09433962264150944,0.3333333333333333,False,punctuation_error;capitalization_error;spacing_error
test,Al lecol fer bien ban creature desespere,"Ale lekol fer bien, bann creature desespere.","Ale lekol, fer bien bann creature desespere.",0.045454545454545456,0.2857142857142857,False,spacing_error
test,Canibal sa pa dimoun sa quan p get li p gain malocoeur,"Cannibal sa! Pa dimunn sa. Kan pe get li, pe gagne malocoeur.",Kanibal sa pa dimunn sa. Kan pe get li pe gagne malocoeur.,0.08196721311475409,0.3333333333333333,False,punctuation_error;capitalization_error;spacing_error
test,Si li saine d'esprit nou conner cote li eté,"Si li sain d'esprit, nu kone kot li ete.","Si li saine d'esprit, nu kone kot li ete.",0.025,0.1111111111111111,False,capitalization_error;spacing_error
test,Faude kan lapli in tombe ler fortee pluies,Fode kan lapli inn tombe ler forte pluie.,Fode kan lapli inn tombe ler forte pluies.,0.024390243902439025,0.125,False,capitalization_error;spacing_error
test,Sa Virus la in coumance Dan Nepal comien Nepal toulejour p vine moris bizan pren Conte avan tro tard,Sa Virus la inn komans dan Nepal. Komie Nepal tulezur pe vinn Moris. Biznin pran kont avan tro tard.,Sa virus la inn komans dan Nepal. Komie Nepal tulezur pe vinn Moris? Bizin pran kont avant tro tard.,0.04,0.21052631578947367,False,punctuation_error;capitalization_error;spacing_error
test,"That's good wai sa 1 zoli initiative to sensitize us ek ban zen, esperon ban zenfant la put latet dan zafair ","That's good. Wai sa 1 zoli initiative to sensitize us ek bann zenn, Esperon ban zanfan la put latet dan zafer. ","That's good wai sa 1 zoli initiative to sensitize us ek bann zenn, esperons bann zanfan la put latet dan zafer.",0.045454545454545456,0.19047619047619047,False,punctuation_error;capitalization_error;spacing_error
test,"[NAME], to zafere bon ton polo pou faire toi mange gateaux","[NAME], to zafer bon, ton Polo pu faire toi manze. Gato.","[NAME], to zafer bon ton Polo pu faire toi manze gato.",0.05357142857142857,0.2727272727272727,False,punctuation_error;capitalization_error;spacing_error
test,Van la p fer appel phare akoz ena garde devant sa parceki li pas trouve camion et ni camion la pa trouve li et camion la 1er vue kan li geut dans droit li trouve appel phare li dans so l’esprit van la p donne chemin et van trop près pou arrêt sa 1 sel coût akoz sa place la blind spot bien bisin met robot sel solution ena fois zot bisin guet vidéo bien avant commenter 😂,"Van la pe fer apel phare akoz ena garde devant sa. Parski li pas truve camion et ni camion la pa truve li et camion la 1er vue kan li geut dans droit li truve apel phare, li dans so lespri van la pe donne chemin et van trop près pu aret sa 1 sel kut. Akoz sa place la blind spot. Bien bizin met robot sel. Solution. Ena fois zot bizin get vidéo bien avant commenter. 😂",Van la pe fer apel phare akoz ena garde devant sa parski li pas truve camion et ni camion la pa truve li et camion la 1er vue kan li get dans droit li truve apel phare li dans so l’esprit. Van la pe donne chemin et van trop près pu aret sa 1 sel kut ak,0.33967391304347827,0.3717948717948718,False,punctuation_error;capitalization_error;spacing_error;missing_word_error
test,Si sa vrai. Ti capave met 1 motard a so disposition. N est ce pas? Canard quack quack,"Si sa vrai, ti kapav met 1 motard a so disposition. N'est se pas? Canard quack quack.",Si sa vrai. Ti kapav met 1 motard a so disposition. Enn est se pas? Canard quack quack.,0.07058823529411765,0.23529411764705882,False,punctuation_error;capitalization_error;spacing_error;extra_word_error
test,"[NAME], pa angleterre ici al rode to boute labà","[NAME], pa Angleterre ici.. Ale rode to boute laba.","[NAME], pa Angleterre ici, ale rode to boute laba.",0.058823529411764705,0.2222222222222222,False,punctuation_error;capitalization_error;spacing_error
test,Pa fasil. Touye concubine ek la santé bébé pas bon. Pff 2026 ena zom penkor ena leker humain. Protez bane fam bondié,Pa fasil. Touy concubin ek la santé bébé pas bon. Pff 2026 ena zom pankor ena leker humain. Protez bann fam Bondieu.,"Pa fasil. Touy concubine ek la santé bébé pas bon. Pff, 2026 ena zom pankor ena leker humain. Protez bann fam Bondieu.",0.017241379310344827,0.09090909090909091,False,punctuation_error;capitalization_error;spacing_error
test,Komier fois pou dire zot sa bann kalité dimoune la c'est bann démon sa,Komie fois pu dire zot sa bann kalite dimunn la. C'est bann démon sa.,Komie fois pu dire zot sa bann kalite dimunn la c'est bann démon sa.,0.028985507246376812,0.14285714285714285,False,punctuation_error;capitalization_error;spacing_error
test,Ok b ki pou fed avec bane poisson la zeté ou soi zot pou fer gadiack lannée,Ok b ki pu fer avec bann poisson la? Zet ou soi zot pu fer gadiack lane?,Ok b ki pu fer avec bann poisson la zet ou soi zot pu fer gadiack lane.,0.041666666666666664,0.17647058823529413,False,punctuation_error;capitalization_error;spacing_error
test,Boss si bus la pran serrer avec 1 loto et li craz sa piti la kisanla pualle fermer pou homicide et kisanla pou ggn problem dehors dpi dan travay akoz 1 batard kumsa sofer la kav ggn mari problem,"Boss, si bus la pran sere avec 1 loto et li kraze sa piti la, kisanla puale ferme pu homicide? Et kisanla pu gagne problem dehors depi dan travail? Akoz 1 batard kumsa, sofer la kapav gagne mari problem.","Boss, si bus la pran serre avec 1 loto et li kraze sa piti la. Kisanla puale ferme pu homicide et kisanla pu gagne problem dehors depi dan travail akoz 1 batard kumsa sofer la kapav gagne mari problem.",0.03940886699507389,0.20512820512820512,False,punctuation_error;capitalization_error;spacing_error
test,Which is which mone épli kompran nanien,Which is which? Mon nepli konpran nanyin.,Which is which? Mon epli konpran nanyin.,0.024390243902439025,0.14285714285714285,False,capitalization_error;spacing_error
test,N blanc soucere,Enn blanc soucere.,Enn blanc souser.,0.1111111111111111,0.3333333333333333,False,capitalization_error;spacing_error
test,Bzin pa oublier ou a moris ici oune deza demand ou mem si la santé li gratuite dan lopital mai kifer dimoune ale kot docteur payé eski faille li reside zis dan leducation ou soi faille li dan ene system en general,Bizin pa oublie. Ou a Moris ici. Ou deza demande ou mem si la santé li gratuite dan lopital. Me kifer dimunn ale kot docteur payé? Eski faille li reside zis dan ledikasyon ou soi faille li dan enn system en general?,Bizin pa oublie ou a Moris. Ici ou deza demande ou mem si la santé li gratuite dan lopital me kifer dimunn ale kot docteur payé? Eski faille li reside zis dan ledikasyon ou soi faille li dan enn system en general?,0.037209302325581395,0.16666666666666666,False,punctuation_error;capitalization_error;spacing_error
test,S'en c rapper fer batema ki sa zoive la fne meter,"Sanse rapper, fer batema ki sa zoive la finn met.",Se rape fer batema ki sa zoive la finn met?,0.14285714285714285,0.3,False,punctuation_error;capitalization_error;spacing_error
test,Bisin pause ban questions kifer in baisser longtemps pas ti ena assez facility comment asterla still ban eleve ti pe ggn bon resulta aster maurice in fini,Bizin pause bann questions kifer inn bese. Longtemps pas ti ena assez facility comment asterla still bann zelev ti pe gagne bon rezilta. Aster Maurice inn fini.,Bizin pause bann questions kifer inn bese longtemps pas ti ena assez facility comment. Asterla still bann zelev ti pe gagne bon rezilta. Aster Maurice inn fini.,0.025,0.14814814814814814,False,capitalization_error;spacing_error
test,Bzn pas laiss sa virus la mm rentre sinn massacre ☠️ gouvernement bzn fr tou so possible au nivo precotion c n virus mortel ki pna vaccin,"Bizin pas les sa virus lamem rantre, sinon massacre ☠️ gouvernement bizin fer tu so possible au nivo precotion. Se enn virus mortel ki pena vaccine.",Bizin pas laisse sa virus lamem rantre sinon massacre ☠️ gouvernement bizin fer tu so possible au nivo precotion se enn virus mortel ki pena vaccine.,0.0472972972972973,0.15384615384615385,False,punctuation_error;capitalization_error;spacing_error
test,"[NAME], ofait saki mne rode dir tou sa laloi p mete la narien pa p change.. Mo trouve p met ban system zis pu ggn cash plito... To p dir lapolice b oui zot entord pck ou p penser la police mari bon zot... Zot mem zot boir zot rouler, zot met nissa zot eum a mort, mo kneu enta fume simik boir sirop.. Zot entord parceki zot eum zot pa p donne bon lexemple.. Zot fort lor zis deboute lor chemin prend contravention ki apel sa bez cash rempli lacaise gov.. Dan lendroit cot moi ena 1 policier so moto ena lesapma tapaz perna laglace... Ki ou expect lezot faire.. La police la eum en couyonade to expect moi pu suivre la loi b moisi mo avoy mo fr saki mo nvi... Enfin ena enta dimoun pu kneu ki mwe dir.","[NAME], ofet seki mon rode dir tu sa lalwa pe met la nanyin pa pe change.. Mo truve pe met bann system zis pu gagne cash plito... To pe dir lapolis: b oui zot antor parski ou pe pense la police mari bon zot... Zot mem zot bwar, zot roule, zot met nisa, zot mem a mort, mo kone enta fume simik bwar sirop.. Zot antor parski zot mem zot pa pe donne bon legzanp.. Zot fort lor zis deboute lor chemin prend contravention ki apel sa bez cash rempli lacaise guvernman.. Dan landrwa kot moi ena 1 policier so moto ena lesapma tapaz pena laglace... Ki ou expect lezot faire.. La police lamem en kuyonad to expect moi pu suivre la loi b moisi mo avoy mo fer seki mo anvi... Enfin ena enta dimunn pu kone ki mo dir.","[NAME], ofet seki mon rode dir tu sa lalwa pe met la nanyin pa pe change.. Mo truve pe met bann system zis pu gagne cash plito... To pe dir lapolis b oui zot antor parski ou pe pense la police mari bon zot... Zot mem zot bwar zot roule, zot met nisa zot m",0.6382978723404256,0.6382978723404256,False,punctuation_error;capitalization_error;spacing_error;missing_word_error
test,Li prend plus ki 1 ans pu sa mais sa ki plus important pu encourage so bane officiers li capve fer narier so la bouse pas ouvert devant [NAME],Li prend plus ki 1 ans pu sa. Mais seki plus important pu encourage so bann officiers li kapav fer nanyin so labus pas ouvert devant [NAME].,Li prend plus ki 1 ans pu sa mais seki plus important pu encourage so bann officiers. Li kapav fer nanyin so la bouse pas ouvert devant [NAME].,0.05,0.2222222222222222,False,capitalization_error;spacing_error;extra_word_error
test,Pas facil sa ou grandi 1 zenfan depi tipti aster 1 lot dimune sipa pa kne ki li boir sipa pa kne ki li fumé touiye ou zenfan lor chemin... Bizin pena caution pour sa ban dimune la. La sa papa la ki souffert la,Pas fasil sa ou grandi 1 zanfan depi tipti aster 1 lot dimunn sipa pa kone ki li bwar sipa pa kone ki li fume touy ou zanfan lor chemin... Bizin pena caution pour sa bann dimunn la. La sa papa la ki souffert la.,"Pas fasil sa ou grandi 1 zanfan depi tipti aster 1 lot dimunn sipa pa kone ki li bwar, sipa pa kone ki li fume touy ou zanfan lor chemin... Bizin pena caution pour sa bann dimunn la. La sa papa la ki souffert la.",0.004739336492890996,0.022222222222222223,False,punctuation_error;spacing_error
test,Après 9ans aster ki so sommeil in cac ou sois li aussi li complice la dan li p rode héritage li pa ggn acoz sa p vin histoire ici 🤔,"Après 9 ans, aster ki so sommeil inn kase. Ouswa li aussi li complice ladan? Li pe rode héritage, li pa ggane akoz sa pe vinn histoire ici. 🤔","Après 9 ans aster ki so sommeil inn kase? Ouswa li aussi li complice ladan. Li pe rode héritage, li pa gagne akoz sa pe vinn histoire ici. 🤔",0.03546099290780142,0.13793103448275862,False,punctuation_error;spacing_error
test,"[NAME], omoin 1 dmoune enn resi dr ha et cnpren ki c naturel nn pa acoz péché dmoune spki🙄","[NAME], omoin 1 dimunn enn resi dir sa ek konpran ki se naturel. Non pa akoz péché dimunn sipaki. 🙄","[NAME], omoin 1 dimunn enn resi dir ha et konpran ki se naturel. Non pa akoz peche dimunn spki.🙄",0.0707070707070707,0.25,False,capitalization_error;spacing_error;missing_word_error
test,B fami ti fie la pas tan zot ditou 1 p bizarre,B fami tifi la pas tande zot ditou enpe bizar.,"B fami ti fie la pas tande zot ditou, 1 pe bizar.",0.10869565217391304,0.5,False,punctuation_error;capitalization_error;spacing_error;extra_word_error
test,Pa bzn presse r sofere la atane li gagne so caution pa zordi demain pu bzn ena ¹zur pour ou so la familes mm pu joyeux,"Pa bizin presse ar sofer la, atann li gagne so caution. Pa zordi demain, pu bizin ena 1 zur pour ou so la famille mem pu joyeux.",Pa bizin presse ar sofer la. Atann li gagne so caution pa zordi. Demain pu bizin ena 1 zur pour ou so la famille mem pu joyeux.,0.0546875,0.2222222222222222,False,punctuation_error;capitalization_error;spacing_error
test,Pas facil pou sa parent la ki zot p atann pou rass permi r sa ban kalite dimune rest in peace jeune homme 🙏,Pas fasil pu sa parent la. Ki zot pe atann pu rase permis ar sa bann kalite dimunn? Rest inn peace jeune homme. 🙏,Pas fasil pu sa parent la ki zot pe atann pu rase permis ar sa bann kalite dimunn. Reste in peace jeune homme. 🙏,0.04424778761061947,0.20833333333333334,False,punctuation_error;capitalization_error;spacing_error
test,Bzn ferm banla zot detruire lagon,Bizin ferme banla. Zot detrir lagon.,Bizin ferme banla zot detrir lagon.,0.05555555555555555,0.3333333333333333,False,punctuation_error;capitalization_error;spacing_error
test,Abein minis ki to pe attane alle siege comme back bencher sa capave aider,"Abein, minis ki to pe atann. Ale siege comme back bencher. Sa kapav aide.","Abein minis ki to pe atann ale siege comme back bencher, sa kapav aide.",0.0684931506849315,0.35714285714285715,False,punctuation_error;capitalization_error;spacing_error
test,Reussite baissez tiktoker ho gal baaa,Reussite baissez. Tiktoker ho gal ba.,"Reussite bese TikToker, ho gal ba.",0.1891891891891892,0.3333333333333333,False,punctuation_error;capitalization_error;spacing_error
test,Lot. fois pe vann ladrogue sakula vole motocyclette fodee ou kroir ki li ena problem largent sakula li pu bisin al tir li lor kotion line deregler sa boug la,"Lot fois pe vande ladrog, sakula vole motocyclette. Fode ou krwar ki li ena problem larzan, sakula li pu bizin ale tire li lor kotion. Linn deregler sa boug la.","Lot fois pe vande ladrog sakula, vole motocyclette fode. Ou krwar ki li ena problem larzan sakula. Li pu bizin ale tire li lor kotion linn deregler sa boug la.",0.06875,0.3333333333333333,False,punctuation_error;capitalization_error;spacing_error
test,Sa guvenmen la in malecdicion gran dimun tou le jour ena accidan coumsa ena beze la,"Sa guvenmen la enn malediction gran dimunn, tulezur ena accidan kumsa. Ena bez la.",Sa guvernman la inn malediction gran dimunn. Tulezur ena accidan kumsa. Ena bez la.,0.06097560975609756,0.2857142857142857,False,punctuation_error;capitalization_error;spacing_error
test,"[NAME], mo pu avoy camion ki ti sarye roche la mm la","[NAME], mo pu avoy camion ki ti sarye roche lamem la","[NAME], mo pu avoy camion ki ti sarye roche lamem la.",0.019230769230769232,0.09090909090909091,False,punctuation_error;spacing_error
test,Šofer ki šou... Bizin fer zott paye tou domage.......... Lerla buku ggt pu hesiter pu bwar pisssar... Rouler,Sofer ki sou... Bizin fer zot peye tu domage.......... Lerla buku gogot pu hesiter pu bwar pisar... Roule.,Sofer ki sou... Bizin fer zot peye tu domage........... Lerla buku gogot pu hesiter pu bwar pisar... Roule.,0.009433962264150943,0.05555555555555555,False,punctuation_error;spacing_error
test,Ale navin ale navin ale navin pei p al Dan good vibes,"Ale Navin, ale Navin, ale Navin, peyi pe ale dan good vibes.","Ale Navin, ale Navin! Peyi pe ale dan good vibes.",0.21666666666666667,0.3333333333333333,False,punctuation_error;capitalization_error;spacing_error;missing_word_error
test,"[NAME], piti la pa fautif piti la innocent pa asé compren kot bizin alé où pas","[NAME], piti la pa fautif. Piti la innocent. Pa ase konpran. Kot bizin ale ou pas?","[NAME], piti la pa fautif. Piti la innocent pa ase konpran. Kot bizin ale ou pas?",0.024390243902439025,0.125,False,punctuation_error;capitalization_error;spacing_error
test,Pas dire ki asterla ena sa tousletemps ti kumsamem sa mais la seule difference 10 ans pas ti ena droit fer publication mais aster la police mem pe encourage publication pou zot prend action necessaire ek li fascillite zot tache tout depend mot dordre donner par la personne a la tete du gouvernement avantla police ki ti fer mari aster la police pe corpere ek bizin nu coorperation nu dans ene sorte partnership avant ti dictatorship,"Pas dire ki asterla ena sa, tultan ti kumsamem sa. Mais la seule difference: 10 ans pas ti ena droit fer publication. Mais aster la police mem pe encourage publication pu zot prend action neceser, ek li facilite zot tache. Tu depend mot dordre donne par la personne a latet du gouvernement. Avant la police ki ti fer mari. Aster la police pe corpere, ek bizin nu coorperation. Nu dans enn sorte partnership. Avant ti dictatorship.",Pas dire ki asterla ena sa tultan ti kumsamem sa. Mais la seule difference 10 ans pas ti ena droit fer publication mais aster la police mem pe encourage publication pu zot prend action neseser ek li fasil.,0.5279069767441861,0.5789473684210527,False,punctuation_error;capitalization_error;spacing_error;missing_word_error
test,Torrrr line sanz bataz pa ti pou reconet li bro manz ar li,"Tarr, linn sanze bataz! Pa ti pu rekonet li. Brother, manze ar li.","Tor, linn sanze bataz. Pa ti pu rekonet li. Brother manze ar li.",0.06060606060606061,0.23076923076923078,False,punctuation_error;capitalization_error;spacing_error
test,Tne fini vine vieux to lesprit in vine faible.. Ki to ti pou kav rasser??,Tonn fini vinn vieux to lespri inn vinn faible.. Ki to ti pu kapav rase??,"Tonn fini vinn vieux, to lespri inn vinn faible.. Ki to ti pu kapav rase??",0.0136986301369863,0.06666666666666667,False,punctuation_error;spacing_error
test,Li pena nom sa La foto pena la Media met n serey Merçi,"Li pena nom sa. La foto pena. La media, met enn serye. Merci.",Li pena nom sa. La foto pena la. Media met enn serye merci.,0.11475409836065574,0.38461538461538464,False,punctuation_error;capitalization_error;spacing_error
test,La police bizin agir kan telephone zot dimoune gagne le temps mort avant zot vini zot bizin casse zot sommeille,"La police bizin agir kan telephone zot, dimunn gagne letan mort avant zot vini. Zot bizin kase zot somey?????",La police bizin agir kan telephone zot. Dimunn gagne letan mort avant zot vini. Zot bizin kase zot somey.,0.06422018348623854,0.15789473684210525,False,punctuation_error;capitalization_error;spacing_error
test,Dans problème ménage napa rentré 🏃🏼‍♀️,Dans problème ménage napa rantre. 🏃🏼‍♀️,"Dans problème ménage, napa rantre. 🏃🏼‍♀️",0.02564102564102564,0.16666666666666666,False,punctuation_error;spacing_error
test,Li ene cas apart surmnt aret du coeur au volant chance pan tape ar lot machine rip courage a la famille,Li enn cas apart: surement aret du coeur au volant. Chance pann tape ar lot machine. RIP. Courage à la famille.,Li enn cas apart surement aret du coeur au volant. Chance pann tape ar lot machine. RIP. Courage à la famille.,0.009009009009009009,0.047619047619047616,False,punctuation_error;spacing_error
test,Mais parent la pann realiser ki so zenfan inn perdu supposons lenfant inn perdu mai a okenn moment n parent pann reclame so zenfan ou autre,Mais parent la pann realiz ki so zanfan inn perdu? Supposons zanfan inn perdu me a okenn moment enn parent pann reclame so zanfan ou autre.,"Mais parent la pann realiz ki so zanfan inn perdu, supposons zanfan inn perdu. Me a okenn moment enn parent pann reclame so zanfan ou autre.",0.02877697841726619,0.15384615384615385,False,punctuation_error;capitalization_error;spacing_error
test,Akoz 1 imbecile kouma li.. Dimoune innocent ki kav perdi la vie... Si ou envi boir em.. Rest lakaz.. Pa rouler.. Mo croire ena kk dan zot la tete... P dir em pa boir kan rouler. Sa ti bzin cancel so license em. Parceki li full entor,Akoz 1 imbeseil kuma li.. Dimunn innocent ki kapav perdi lavi... Si ou anvi bwar mem.. Reste lakaz.. Pa roule.. Mo croire ena kaka dan zot latet... Pe dir mem pa bwar kan roule. Sa ti Bizin cancel so license mem. Parski li full antor.,Akoz 1 inbesil kuma li.. Dimunn innocent ki kapav perdi lavi... Si ou anvi bwar.. Reste lakaz.. Pa roule.. Mo croire ena kaka dan zot latet... Pe dir mem pa bwar kan roule. Sa ti bizin cancel so license mem parski li full antor.,0.038461538461538464,0.13333333333333333,False,punctuation_error;capitalization_error;spacing_error;missing_word_error
test,"Eta u h, to ete bous to fesssss, al get sait [NAME] ki in dir na (haye dhoye kiya huwa, jo maan mai mail samye, min sada jal mai rahe, dhoye bass na jaye)apre sa dan kalyug indir pu ena beau cumsa po leve, get jour grand bassin, bandrol pu ena plus ki societ ki rien a fot","Etaey, to ete bous to fesse, ale get saint [NAME] ki inn dir: na (haye dhoye kiya huwa, jo maan me mail samye, min sada jal me rahe, dhoye bass na jaye). Apre sa dan kalyug indir pu ena beau kumsa pu leve, get jour Grand Bassin, bandrol pu ena plus ki societe ki rien a foute.","Eta oh, to ete bous to fesse, ale get sait [NAME] ki inn dir na (haye dhoye kiya huwa, jo maan me mail samye, min sada jal me rahe, dhoye bass na jaye). Apre sa dan kalyug indir pu ena beau kumsa pu leve, get jour Grand Bassin, bandrol pu ena plus ki soci",0.09057971014492754,0.15789473684210525,False,punctuation_error;capitalization_error;spacing_error;missing_word_error
test,"[NAME], bien dir sa docter la pas humain li wadir","[NAME], bien dir sa. Docteur la pas humain li wadire?","[NAME], bien dir sa docteur la pas humain li wadire.",0.05660377358490566,0.3,False,punctuation_error;capitalization_error;spacing_error
test,"Mo donne ene concealment madame, pas vine defiance ene cri inelle pareille akoze li ou garçon, et pas vine maurice sinon ou la vie pou amere ici",Mo donne enn concealment madame. Pa vinn defiance enn criminelle pareil akoz li ou garçon et pas vinn Maurice sinon ou lavi pu amere ici.,"Mo donne enn concealment madame, pas vinn defiance enn kriminelle pareil akoz li ou garçon, et pas vinn Maurice sinon ou lavi pu amere ici.",0.0364963503649635,0.16,False,punctuation_error;capitalization_error;spacing_error
test,Hahaha to même nou le roi un fois nous p respirer en liberter,"Hahaha, to même nu le roi, un fois nous pe respire en liberte.","Hahaha, tomem nu le roi. Un fois nous pe respire en liberte.",0.08064516129032258,0.3076923076923077,False,punctuation_error;capitalization_error;spacing_error;missing_word_error
test,"[NAME], sa facon la meme zot opere. C banne arnaqueur sa. Karna pou rattrape zot tot ou tard","[NAME], sa facon lamem zot opere. Se bann arnaqueur sa. Karma pu rattrape zot tot ou tard.","[NAME], sa facon lamem zot opere. Se bann arnaqueur sa. Karna pu rattrape zot tu ou tard.",0.03333333333333333,0.11764705882352941,False,capitalization_error;spacing_error
test,"[NAME], ala bezer taler dimoune pou penser mo mari ça 😂 enfin to cousin","[NAME], ala bez taler dimunn pu pense mo mari sa 😂 enfin to cousin.","[NAME], ala bez! Taler dimunn pu pense mo mari sa 😂 enfin to cousin.",0.029850746268656716,0.14285714285714285,False,punctuation_error;capitalization_error;spacing_error
test,"[NAME], heyyy [NAME] pa facile sa","[NAME], hey [NAME] pa facile sa.","[NAME], hey [NAME], pa facile sa.",0.03125,0.16666666666666666,False,punctuation_error;spacing_error
test,Tou dimoune dan port louis ena grand lacaz bel loto seulma garage pena tou les jour cumsa si pas bus camion gaz camion pepsi gne xtra tard pu ale travail,"Tu dimunn dan Port Louis ena grand lakaz, bel loto, selma garage pena. Tulezur kumsa si pas bus, camion gaz, camion Pepsi. Gagne extra tard pu ale travail.","Tu dimunn dan Port Louis ena grand lakaz bel loto. Selma garage pena tulezur kumsa. Si pas bus camion gaz, camion Pepsi gagne extra tard pu ale travail.",0.06451612903225806,0.35714285714285715,False,punctuation_error;capitalization_error;spacing_error
test,2 bo.... Mmm p bz pep mony,2 bo.... MMM pe bez lepep money.,2 bobo.... Mem pe bizin lepep mony.,0.25,0.5714285714285714,False,capitalization_error;spacing_error
test,Mine apollo curry zamais fine dire li veg sa alors zot pa capav dir li vegetarian,Mine apollo curry zame finn dire li veg sa. Alors zot pa kapav dir li vegetarian.,Mine apollo curry. Zame finn dire li veg sa alors zot pa kapav dir li vegetarian.,0.04938271604938271,0.25,False,capitalization_error;spacing_error
test,Hein dire moi to fine alle dans satellite to fine observer bon dieu fine dire toi dire sa,"Hein, dire moi: to finn ale dans satellite to finn observer? Bondieu finn dire toi dire sa?","Hein, dire moi to finn ale dans satellite, to finn observer. Bondieu finn dire toi dire sa.",0.04395604395604396,0.23529411764705882,False,punctuation_error;spacing_error
test,Mo perdi impé neurones sak fois mo coz ek ene adolescent. Guet bannes laureats la mem cozer gagne cringe,Mo perdi enpe neurones sak fois mo koze ek enn adolescent. Get bann loreat lamem koze gagne cringe.,"Mo perdi enpe neurones sak fois mo koze ek enn adolescent. Get bann loreat lamem koze, gagne cringe.",0.010101010101010102,0.05555555555555555,False,punctuation_error;spacing_error
test,Piti la pu dir waiii m fer 1 ministre deranger vin get moi dans lecol m fort... Mais hatsoff to bhai osman mahomed for taking every subject seriously as always,Piti la pu dir oui mo fer 1 ministre deranz vinn get moi dans lekol mo fort... Mais hatsoff to bhai Osman Mahomed for taking every subject seriously as always.,Piti la pu dir oui mo fer 1 ministre deranz vinn get moi dans lekol mo fort... Mais hats off to bhai Osman Mahomed for taking every subject seriously as always.,0.006289308176100629,0.06666666666666667,False,spacing_error;extra_word_error
test,Pa fer cinema si ena pou aler ale ene fois,"Pa fer cinema. Si ena pu ale, ale enn fois!",Pa fer cinema si ena pu ale ale enn fois.,0.09302325581395349,0.4,False,punctuation_error;capitalization_error;spacing_error
test,Qui bondié accompaigne ou ek la familles dan sa epreuv la rip garson 😪,Qui Bondieu accompagne ou ek la familles dan sa epreuv la. RIP garson. 😪,Qui Bondieu accompaigne ou ek la famille dan sa epreuv la? RIP garson. 😪,0.041666666666666664,0.21428571428571427,False,punctuation_error;spacing_error
test,Normal vous ne vidé pas le contenaire pour les bouteilles plastiques pourtant ça rapporte de l'argent,Normal vous ne vidé pas le contenaire pour les bouteilles plastiques pourtant sa rapporte de l'argent.,"Normal vous ne vidé pas le contenaire pour les bouteilles plastiques, pourtant sa rapporte de l'argent.",0.00980392156862745,0.0625,False,punctuation_error;spacing_error
test,Tous cou tan dir enkete en cours. Li sou lor la ena cctv camera ki lenkete encore poursuive chauffeur la un fois,"Tukut tande dir lanket en cours. Li sou, lor la ena CCTV camera ki lanket encore poursuive chauffeur la un fois.",Tukut tande dir enket en cours. Li sou lor la ena CCTV camera ki lanket encore poursuive chauffeur la un fois.,0.026785714285714284,0.09523809523809523,False,punctuation_error;capitalization_error;spacing_error
test,Haram sa p couyon lepep p koz menti touletemp li montrer li ena cash dan so conte mais selment jamais li pu montrer so bank transactions sipa kisanla in envoy li cash dan so conte sipa eski vraimem from crypto etc menter sa plok la,Haraam sa pe kuyon lepep pe koze menti. Tultan li montre li ena cash dan so kont mais selma jamais li pu montre so bank transactions sipa kisanla inn avoy li cash dan so kont sipa eski vraimem from crypto etc. Menter sa plok la.,Haraam sa pe kuyon lepep pe koze menti tultan li montre li ena cash dan so kont mais selma jamais li pu montre so bank transactions sipa kisanla inn avoy li cash dan so kont sipa eski vremem from crypto etc menter sa plok la.,0.02631578947368421,0.1111111111111111,False,punctuation_error;capitalization_error;spacing_error
test,Ena bez la kitfwa ena dimounn nek vini kraz loto etc alor ki zenfan dans lignorance ek fautifs ek parents negligence,Ena bez la! Kite fwa ena dimunn nek vini kraze loto etc. Alor ki zanfan dans linnyorans ek fautifs. Ek parents negligence.,Ena bez la! Kitfwa ena dimunn nek vini kraze loto etc. Alor ki zanfan dans lignorance ek fautifs ek parents negligence?,0.07377049180327869,0.2727272727272727,False,punctuation_error;capitalization_error;spacing_error;missing_word_error
test,Courage a tout Les parents li pa facile es li ene stress énorme pou nou parent parceki nu zafant sais nu la vie si nu travail nu penser SI nu zenfant ggne college loin ala nu mort ar stress,"Courage à tu les parents. Li pa facile, et li enn stress énorme pu nu parent, parski nu zanfan sais nu lavi. Si nu travail, nu pense si nu zanfan gagne college loin, ala nu mort ar stress.","Courage à tu les parents. Li pa facile est li enn stress énorme pu nu parent. Parski nu zafan sais nu lavi. Si nu travail nu pense, si nu zanfan gagne college loin, ala nu mort ar stress.",0.03723404255319149,0.18421052631578946,False,punctuation_error;capitalization_error;spacing_error
test,Pe aller pe vini,Pe ale? Pe vini?,Pe ale pe vini.,0.1875,0.75,False,punctuation_error;capitalization_error;spacing_error
test,Zot bour n 'main kot ena ''n batima en tole ki bare sofer camion la li normal pou ena accident,"Zot boure enn main kot ena enn batima en tole ki bare sofer camion la, li normal pu ena accident.","Zot boure enn 'main kot ena 'enn batima en tole ki bare sofer camion la, li normal pu ena accident.",0.020618556701030927,0.1,False,spacing_error
test,2 kkkiwi en plin 😎,2 kkkiwi en plin. 😎,2 kakaiwi en plin. 😎,0.10526315789473684,0.2,False,capitalization_error;spacing_error
test,Li pa 1secret pu person ki van 15place so reputation deja nu kone ena buku chauffeur zot prece akoz lot course etc sans respecte limit vitesse alor malgre li dan so lane ti kpave evite sa accident la mais malheuresement isi c moris a propos gro camion la li paraitre ki possible li en tord akoz line sorti lor 1stop mais ti ena ac distance ek van la li line pence li gagne ale normal enfin la route continue fair ravaz ek accident tous le jour sad but true may god help us🙏🙏🙏,"Li pa enn secret pu personne ki van 15 place so reputation deza nu kone. Ena buku chauffeur zot presse akoz lot course, etc. Sans respecte limit vites. Alor malgre li dan so lane, ti kapav evite sa accident la, mais malheuresement ici se Moris. A propos gro camion la, li paraitre ki possible li antor akoz linn sorti lor enn stop mais ti ena ase distance ek van la, li linn pense li gagne ale normal. Enfin, la route kontiyn fer ravaz ek accident tulezur. Sad but true, may God help us. 🙏🙏🙏",Li pa 1 secret pu personne ki van 15 place so reputation deza nu kone. Ena buku chauffeur zot presse akoz lot course etc sans respecte limit vites. Alor malgre li dan so lane ti kapav evite sa accident la. Mais malheuresement ici se Moris a propos gro cam,0.4908350305498982,0.5851063829787234,False,punctuation_error;capitalization_error;spacing_error;missing_word_error
test,"[NAME], li pa pu eclate la grain fi","[NAME], li pa pu eclate la grain tifi.","[NAME], li pa pu eclate la grain fi.",0.05263157894736842,0.125,False,capitalization_error;spacing_error
test,L'enquete bizin faire trop boucou criminal dehors,Lanket bizin faire: trop buku criminal dehors.,Lanket bizin faire trop buku criminal dehors.,0.021739130434782608,0.14285714285714285,False,punctuation_error;spacing_error
test,"Are sa kouyonade metéo la kapav perdi la vie, kan li dire gro soleils ve dire inondations","Ar sa kuyonad metéo la kapav perdi lavi, kan li dire gro soleils vdire inondations.","Ar sa kuyonad metéo la kapav perdi lavi, kan li dire gro soleil vdire inondations.",0.012048192771084338,0.06666666666666667,False,capitalization_error;spacing_error
test,Camion + muraille en tord muraille pas 1m50 endan vision bloker partou ena sa problem la dans morice,"Camion + muraille antor. Muraille pas 1m50 endan, vision bloke. Partu ena sa problem ladan Moris.","Camion + muraille antor, muraille pas 1m50 endan vision bloke partu. Ena sa problem ladan Moris.",0.07216494845360824,0.375,False,punctuation_error;capitalization_error;spacing_error
test,"Capav li pas fine ggn chance lor board medicale, zot pas fin approuve so penscion fole, be aster avec enn bon traitement mantal pour obligatoire don li so penscion, omoin li fin reusi trouv enn bon alternative","Kapav li pas finn gagne chance lor board medicale, zot pas fin approuve so pension folle, b aster avec enn bon traitement mental pour obligatoire donne li so pension, omoin li finn resi truve enn bon alternative.","Kapav li pas finn gagne chance lor board medicale, zot pas finn approuve so pension folle, be aster avec enn bon traitement mantal pour obligatoire donne li so pension, omoin li finn resi truve enn bon alternative.",0.014150943396226415,0.08108108108108109,False,capitalization_error;spacing_error
test,Rendre un service ca lepep la lev paker aller au fait mamy ki position,"Rande un service sa lepep la, leve pake ale. Au fait mami ki position?","Rande un service sa lepep la. Leve pake, ale au fait mami ki position.",0.08571428571428572,0.42857142857142855,False,punctuation_error;capitalization_error;spacing_error
test,😂😂😂😂😂😂😂😂😢😢😂😂😂😂😂😂😢😢😂😂😂😂😂😂😂😢😂😂😂😂nous finne de stresser quand nous finne regarde sa video merci,"😂😂😂😂😂😂😂😂😢😢😂😂😂😂😂😂😢😢😂😂😂😂😂😂😂😢😂😂😂😂nous finn de stresse quand nous finn regarde sa video, merci.",😂😂😂😂😂😂😂😂😂😂😂😂😂😂😂😂😂😂😂😂😂😂😂😂😂😂😂😂😂😂😂😂😂😂😂😂😂😂😂😂😂😂😂😂😂😂😂😂😂😂😂😂😂😂😂😂😂😂😂😂😂😂😂,0.7252747252747253,1.0,False,punctuation_error;capitalization_error;spacing_error;missing_word_error
test,Mo ajoute encore 2 points:. - cmt fr rond point. - cmt et cotsa bisn doubler lor motorway,Mo azoute encore 2 points:. - comment fer rond point. - comment et kotsa bizin doubler lor motorway.,Mo azoute encore 2 points:. - kuma fer rond point. - kumsa bizin doubler lor motorway.,0.19,0.2222222222222222,False,capitalization_error;spacing_error;missing_word_error
test,To pension korek toi [NAME]?,"To pension korek toi, [NAME]?",To pension korek toi [NAME]?,0.034482758620689655,0.2,False,punctuation_error;spacing_error
test,Avoye sa chateau reduit et accepter so tifi koum leader mmm saem li envi mo kwar,Avoy sa sato Réduit et accepte so tifi kuma leader MMM. Samem li anvi mo krwar.,Avoy sa chateau reduit et accepte so tifi kuma leader MMM. Samem li anvi mo krwar.,0.08860759493670886,0.125,False,capitalization_error;spacing_error
test,Met enn lordre navin pa get zis canard,Met enn lord Navin. Pa get zis canard.,Met enn lord. Navin pa get zis canard.,0.07894736842105263,0.375,False,capitalization_error;spacing_error
test,Astr nou gueter si cancel so license et saisi so loto toute suite pa bzin atane case passer pa kpv si case prend 5ans ou 10ans boug soulare roule tjr touy dimounes tjr la bane ki fine blesser la ki ariver la? Eski dimounes la ti demand soulare tape avk zot? Ladan c ca magistrat la ki bzin fer laloi respecter,"Aster nu get si cancel so license ek saisi so loto toute suite. Pa bizin atann case passe, pa kapav si case prend 5 ans ou 10 ans. Boug soular roule tuzur, touy dimunn tuzur. Bann ki finn blesse la, ki arrive la? Eski dimunn la ti demande soular tape avek zot? Ladan se sa magistrat la ki bizin fer la loi respecte.",Aster nu get si cancel so license et saisi so loto toute suite pa bizin atann case passe pa kapav si case prend 5 ans ou 10 ans boug soular roule tuzur touy dimunn tuzur la bann ki finn blesse la ki arrive la? Eski dimunn la ti demande soular tape avek zo,0.21904761904761905,0.36507936507936506,False,punctuation_error;capitalization_error;spacing_error;missing_word_error
test,Bizin met law fer aret boire la boisson alcolise roule tou tip d transport zero tolerance,Bizin met law fer aret bwar la boisson alcolise. Roule tu type de transport. Zero tolerance.,"Bizin met law fer, aret bwar, la boisson, alcolise, roule tu tip de transport. Zero tolerance.",0.07608695652173914,0.375,False,punctuation_error;capitalization_error;spacing_error
test,Savedir kan mo ti rest carem zamain mo ti carem 🥹😳😢,Savedir kan mo ti reste carem zame mo ti carem. 🥹😳😢,"Savedir kan mo ti reste carem, zame mo ti carem. 🥹😳😢",0.0196078431372549,0.09090909090909091,False,punctuation_error;spacing_error
test,Ena anguilles poisson tortue zako tou pou bizn tirer et pas blier tou bane zoizo ki envolé tout au tour grand bassin kan fini zot al rest la bas zot même avec tou zot bane politiciens,"Ena anguilles, poisson, tortue, zako tu pu bizin tire! Et pas bliye tu bann zoizo ki envolé tu au tour Grand Bassin. Kan fini zot ale reste laba zot même avec tu zot bann politiciens.","Ena anguilles, poisson, tortue, zako tu pu bizin tire et pas bliye tu bann zoizo ki envolé tu au tour Grand Bassin. Kan fini zot ale reste laba zot même avec tu zot bann politiciens.",0.01092896174863388,0.05714285714285714,False,punctuation_error;capitalization_error;spacing_error
test,"hey pas gatt lavenir sa jeune la akoze en cigret mass, mass ziska docteur fumer li naturel sa.",Hey pas gate lavenir sa jeune la akoz enn cigret mass. Mass ziska docteur fume. Li naturel sa.,"Hey, pas gate lavenir sa jeune la akoz en cigret mass, mass ziska docteur fume li naturel sa.",0.06382978723404255,0.3333333333333333,False,punctuation_error;capitalization_error;spacing_error
test,Ena dérive grave milieu naturel pour canard p invente nouvo hindouisme,Ena dérive grave. Milieu naturel pour canard. Pe invente nuvo Hindouisme.,Ena dérive grave milieu naturel pour canard pe invente nuvo Hindouisme.,0.0547945205479452,0.36363636363636365,False,punctuation_error;capitalization_error;spacing_error
test,Emplas monte prix metro kifer pas baisse prix bus?,Emplas monte prix metro kifer pas bese prix bus?,"Emplas monte prix metro, kifer pas bese prix bus?",0.020833333333333332,0.1111111111111111,False,punctuation_error;spacing_error
test,Mari sa zordi ki dir sa lundi admission si pa ggn uniforme ki sa bne travay zot p fer la sa oufff,"Mari sa. Zordi ki dir sa: lundi admission, si pa gagne uniforme. Ki sa bann travail zot pe fer la? Sa ouf.","Mari sa zordi ki dir sa? Lundi admission. Si pa gagne uniforme, ki sa bann travail zot pe fer la sa? Ouf.",0.11320754716981132,0.5,False,punctuation_error;capitalization_error;spacing_error
test,Bisin pas asig joue kart pou gagne money daccord,"Bizin pas asize, joue kart pu gagne money, dakor?",Bizin pas asize joue karte pu gagne money dakor.,0.08163265306122448,0.4444444444444444,False,punctuation_error;capitalization_error;spacing_error
test,Madame la prochaine fois aster un spay pima rouge bez ne cou dans li yeux après un téléphone la police travail zot pas pour travail cokin,"Madame, la prochaine fois aster un spay pima rouge bez enn kut dans lizye après un téléphone la police travail. Zot pas pour travail, kokin.",Madame la prochaine fois aster un spay Pima Rouge. Bez nekut dans li yeux. Après un téléphone la police travail zot pas pour travail kokin.,0.11428571428571428,0.48,False,punctuation_error;capitalization_error;spacing_error
test,Mo pense pa infermier ki p travail dans sa la salle la pou content ggne chaud sa kalité la parski li aussi li content pou ggne unP lair avec sa chaleur p fr la🤔,Mo pense pa infermier ki pe travail dans sa la salle la pu kontan gagne chaud sa kalite la. Parski li aussi li kontan pu gagne enpe lair avec sa chaleur pe fer la. 🤔,Mo pense pa infermier ki pe travail dans sa la salle la pu kontan gagne chaud sa kalite la parski li aussi li kontan pu gagne enpe lair avec sa chaleur pe fer la.🤔,0.01818181818181818,0.11428571428571428,False,punctuation_error;capitalization_error;spacing_error;missing_word_error
test,Zis pou ti timoune ki pou ena law and order pou banne grand palto non,"Zis pu ti dimunn ki pu ena law and order? Pu bann grand palto, non.",Zis pu ti timoune ki pu ena law and order pu bann grand palto non.,0.08955223880597014,0.26666666666666666,False,punctuation_error;capitalization_error;spacing_error
test,ESKI INFIRMIER DOCTEUR OU ATTANDANT KI REPARE AIRCON ENA PROBLEM LA B LEKIP E S D KI ZOT TRAVAIL FR OPERATION LOR BAN MALADE,"ESKI INFIRMIER, DOCTEUR OU ATTANDANT KI REPARE AIRCON? ENA PROBLEM LA! B LEKIP ESD KI ZOT TRAVAIL FER OPERATION LOR BANN MALADE.","ESKI INFIRMIER, DOCTEUR OU ATTANDANT KI REPARE AIRCON? ENA PROBLEM LA? B LEKIP ET SE KI ZOT TRAVAIL FER OPERATION LOR BANN MALADE.",0.03125,0.13636363636363635,False,punctuation_error;capitalization_error;spacing_error;extra_word_error
test,B boss en ti question ou p exize zt travail b ou pa coir bizen pay zt bien kfr ou pa dir ou pm fr zt ggne doub kan wrk dan dimance conze public so non ta bomli 😂😂😂🤣🤣 aret fr semblan lanne in sanzer sanze zt mentality ipokrit la,"B boss enn ti question: ou pe exzize zot travail, b ou pa krwar bizin pay zot bien. Kifer ou pa dir ou premye minis? Fer zot gagne doub kan work dan dimanche. Conge public? So non. Ta bomli 😂😂😂🤣🤣 aret fer semblan. Lane inn sanze. Sanze zot mentality ipokrit la.","B boss, en ti question: ou pe exzize zot travail? B ou pa krwar bizin peye zot bien. Kifer ou pa dir ou premye minis? Fer zot gagne doub kan work dan dimance conge public so non? Ta bomli! 😂😂😂🤣🤣 Aret fer semblan lane inn sanze, sanze zot me",0.1417624521072797,0.37254901960784315,False,punctuation_error;capitalization_error;spacing_error;missing_word_error
test,Na sa peut ariver a nerport ki... Nou pas boir nou... Mo garçon ziss devant moi pe joue vue ki pe fer noir li galouper li rentre dans latent dimoun... Lin panique li sorti li continie aler li pe roder emm la li... Issi mo peget li moi... Dimoun in kumance koz ek li... Irla [NAME] prend li... Ariver sa kan fer noir,Non sa peut arrive a nerport ki... Nu pas bwar nu... Mo garçon zis devant moi pe joue vue ki pe fer noir li galoupe li rantre dans latent dimunn... Linn panique li sorti li kontiyn ale li pe rode mem la li... Ici mo pe get li moi... Dimunn inn komans koze ek li... Lerla mon ale prend li... Arrive sa kan fer noir.,Na sa peut arrive a nerport ki... Nu pas bwar nu... Mo garçon zis devant moi pe joue vue ki pe fer noir li galoupe li rantre dans latent dimunn... Linn panique li sorti li kontiyn ale li pe rode mem la li... Ici mo peget li moi... Dimunn inn komans koze ,0.19745222929936307,0.23076923076923078,False,punctuation_error;capitalization_error;spacing_error;missing_word_error
test,Bien diffile sa tonton Perdi en zenfan sa lage la Mes sympathy a la famille La justice bizin fair so travail,Bien difisl sa tonton. Perdi enn zanfan sa laz la. Mes sympathy a la famille. La justice bizin fer so travail.,Bien diffile sa tonton perdi en zanfan sa laz la. Mes sympathy à la famille. La justice bizin fer so travail.,0.06363636363636363,0.23809523809523808,False,punctuation_error;capitalization_error;spacing_error
test,Dans so cinq axes majeurs pena roche noire ladan svp,Dans so cinq axes majeurs pena Roches Noires ladan svp?,"Dans so cinq axes majeurs, pena Roches Noires ladan svp.",0.03636363636363636,0.2,False,punctuation_error;spacing_error
test,Guet bien van la p flash chauffeur la dapres mo l’expérience chauffeur camion la ine pense li p dire li aller mais dan sa cas la chauffeur la p dire li pas sorti akoz mo p vine tres vite,"Get bien, van la pe flash chauffeur la. Dapre mo l’expérience, chauffeur camion la inn pense li pe dire li ale mais dan sa cas la chauffeur la pe dire li pas sorti akoz mo pe vinn tre vite.",Get bien van la pe flash chauffeur la dapre mo l’expérience chauffeur camion la inn pense li pe dire li ale mais dan sa cas la chauffeur la pe dire li pas sorti akoz mo pe vinn tre vite.,0.021164021164021163,0.10256410256410256,False,punctuation_error;capitalization_error;spacing_error
test,"[NAME], piscine plastics pour enfants c ki mo p apranne","[NAME], piscine plastics pour enfants seki mo pe aprann.","[NAME], piscine plastics pour enfants, seki mo pe aprann?",0.03571428571428571,0.2222222222222222,False,punctuation_error;spacing_error
test,Les banla trace zot lavi boss zot ena 1 family pu soutenier,"Les banla trasse zot lavi boss, zot ena 1 family pu soutenir.",Les banla trace zot lavi boss. Zot ena 1 family pu sutenir.,0.08196721311475409,0.3333333333333333,False,punctuation_error;capitalization_error;spacing_error
test,BANE DE PAGLA MAMOU,BANDE DE PAGLA MAMOU.,BANN DE PAGLA MAMOU.,0.09523809523809523,0.25,False,capitalization_error;spacing_error
test,Dans sa setting la zenfant la perdi so l'enfance so adolescense et partly so la vie adulte system esclavage zenfant sa,"Dans sa setting la zanfan la perdi so l'enfance, so adolescense et partly so lavi adulte. System esclavage zanfan sa.","Dans sa setting la, zanfan la perdi so l'enfance, so adolescense et partly so lavi adulte. System esclavage zanfan sa.",0.008547008547008548,0.05,False,punctuation_error;spacing_error
test,La banck la pena non,Labank la pena nom?,La banck la pena non.,0.21052631578947367,0.75,False,punctuation_error;capitalization_error;spacing_error;extra_word_error
test,"Acz sa ban kalit la em, ban inoncent musalman pass dan bain... Li gat partou... T vne devant mua.. M tir to la barbre et m cryto tua bout bout.","Akoz sa bann kalite lamem, bann inoncent musalman passe dan bain... Li gate partu... To vinn devant mwa.. Mo tire to la barbe et mo crypto tu bout bout.","Akoz sa bann kalite lamem, bann inoncent musalman passe dan bain... Li gate partu... To vinn devant mwa.. Mo tire to la barbre et mo crypto tu bout bout.",0.006578947368421052,0.034482758620689655,False,capitalization_error;spacing_error
test,"[NAME], BEIN WUII NORMALMENT SA QUI ENA PAS P COMPRAN NEC P OUVERT LA BOUSSE LI DEZA IMPLEMENTER ROSTER BASIS FASSON TOUS PUBLIC SECTORS ENA ROSTER BASIS","[NAME], BEIN OUI! NORMALMENT SA QUI ENA PAS PE KONPRAN NEK PE OUVERT LA BOUSS LI DEZA IMPLEMENTE ROSTER BASIS. FASON TOUS PUBLIC SECTORS ENA ROSTER BASIS.","[NAME], BEIN WUI. NORMALMENT SA QUI ENA PAS PE KONPRAN. NEK PE OUVERT LA BOUSS. LI DEZA IMPLEMENTER. ROSTER BASIS FASON TU PUBLIC SECTORS ENA ROSTER BASIS.",0.05844155844155844,0.2222222222222222,False,punctuation_error;capitalization_error;spacing_error
test,Arête prend moun pour couillon!,Aret prend dimunn pour kuyon!,Aret prend mon pour kuyon!,0.13793103448275862,0.2,False,capitalization_error;spacing_error
test,Mon dieu oublier zenfant ca l age la lors la plage incroyable ca,"Mon Dieu, oublie zanfan sa laz la lor la plage. Incroyable sa!",Mon Dieu oublie zanfan sa laz la lor la plage. Incroyable sa.,0.03225806451612903,0.16666666666666666,False,punctuation_error;spacing_error
test,Pardon mais zte p ggn trakas canard zako lolll si zte ti sagrin bn dimune ki in prdi la vie pour Mahashivatree ou seki p dance sega fr boufon lor la priere. BAM BAM MAHADEV LOLL,"Pardon, mais zot pe gagne tracas canard, zako lol. Si zot ti sagrin bann dimunn ki inn perdi lavi pour Mahashivatree, ou seki pe dance sega fer boufon lor lapriyer. BAM BAM MAHADEV LOL.",Pardon mais zot pe gagne tracas canard zako lol. Si zot ti sagrin bann dimunn ki inn perdi lavi pour Mahashivatree ou seki pe dance sega fer boufon lor lapriyer. Bam Bam Mahadev LOL.,0.07027027027027027,0.17647058823529413,False,punctuation_error;capitalization_error;spacing_error
test,Peu import ki kalit la lwa pou aplik accident ki ou azin ki ou fine boir ene vere la beer si ena pou ariv pena bare sa,"Peu import ki kalite lalwa pu aplik. Accident ki ou bizin ki ou finn bwar enn ver la beer. Si ena pu arrive, pena bare sa.","Peu import ki kalite lalwa pu aplik accident ki ou bizin ki ou finn bwar enn ver la beer. Si ena pu arrive, pena bare sa.",0.01639344262295082,0.07692307692307693,False,punctuation_error;capitalization_error;spacing_error
test,"Mais dans sa 12hrs temps la même, zot pas dans l'hôpital. Ena fois ou alle l'hôpital, ena 1 sel docteur. Mais 24/7 la, boucou faire dans zot la case ou soi dans cabinet privé","Mais dans sa 12hr tan lamem, zot pas dans l'hôpital. Ena fois ou ale l'hôpital, ena 1 sel docteur. Mais 24/7 la, buku faire dans zot la case ou soi dans cabinet prive.","Mais dans sa 12hr tan lamem, zot pas dans l'hôpital. Ena fois ou ale l'hôpital, ena 1 sel docteur. Mais 24/7 la, buku faire dans zot lakaz ou soi dans cabinet prive.",0.023952095808383235,0.06060606060606061,False,capitalization_error;spacing_error;missing_word_error
test,Zoli travai bravo pa bliye bann lera la,Zoli travail. Bravo. Pa bliye bann lera la.,Zoli travail. Bravo pa bliye bann lera la.,0.046511627906976744,0.25,False,punctuation_error;capitalization_error;spacing_error
test,"[NAME], ale lecole trankil banes toutouk zot.. 🤣🤣🤣","[NAME], ale lekol trankil bann toutouk zot.. 🤣🤣🤣","[NAME], ale lekol trankil, bann toutouk zot.. 🤣🤣🤣",0.020833333333333332,0.125,False,punctuation_error;spacing_error
test,Steward in vin rapist.... Ki drôle la dans dan tous pays développés ban ado alle babysit..... Et missier la pa ti seul ena so fam ek li... Chk live de channel news zt pou comprend tous.,Steward inn vinn rapist.... Ki drôle ladan dan tu pays développés bann adolesan ale babysit..... Et misye la pa ti seul ena so fam ek li... Sak live de channel news zot pu comprend tu.,Steward inn vinn rapist.... Ki drôle ladan dan tu pays développés bann ado ale babysit..... Et misye la pa ti seul ena so fam ek li... Sak live de channel news zot pu comprend tu.,0.02717391304347826,0.02857142857142857,False,capitalization_error;spacing_error
test,Si enan malheur d'homme par zot saute lerla pou jouer blame game avec nous? Incompetent ces't tout!!😠,"Si ena malheur d'homme par zot saute lerla pu jouer blame game avec nous? Incompetent, ces'to tu!!😠",Si ena malheur d'homme par zot saute lerla pu jouer blame game avec nous? Incompetent se tu!!😠,0.06060606060606061,0.11764705882352941,False,punctuation_error;capitalization_error;spacing_error
test,Apres 1 ans pe cause law and order pou prend action en 2029 apres sa maja karo meri jan bonis fini gagner,"Apre 1 ans pe cause law and order, pu prend action en 2029, apre sa maja karo meri jan, bonis fini gagne.",Apre 1 ans pe cause law and order pu prend action en 2029 apre sa maja karo meri jan bonis fini gagne.,0.02857142857142857,0.13636363636363635,False,punctuation_error;spacing_error
test,Dan la gare curepipe bus ki passe r. Hill beau bassin pena bidin atan one hour.. Ubs met tou bis express p. Louis.. St pierre.. Met la linge b. Bassin r. Hill pna.. Sa ou pa p trouver misier le ministe... Ou ti penser tou dimoune voyage dan loto... Ti dimoune pa kpv acheter loto aster.. Auto recone sorti 500k ine vine 800k.. Aster pa coz auto neuf.. Moudize ena zis mn ti dimoune.. Pou zot dan parlement pna moudize.,"Dan la gare Curepipe bus ki passe Rose Hill, Beau Bassin pena bidin atann one hour.. UBS met tu bis express Port Louis.. St Pierre.. Met la linge Beau Bassin, Rose Hill pena.. Sa ou pa pe truve misye le minis... Ou ti pense tu dimunn voyage dan loto... Ti dimunn pa kapav aste loto aster.. Auto recone sorti 500k inn vinn 800k.. Aster pa koze auto neuf.. Moudize ena zis mon ti dimunn.. Pu zot dan parlement pena moudize.","Dan la gare Curepipe bus ki passe Rose Hill, Beau Bassin pena bidin atann one hour.. UBS met tu bis express Port Louis.. St Pierre.. Met la linge, b Bassin, Rose Hill pena.. Sa ou pa pe truve misye le minis... Ou ti pense tu dimunn voyage dan loto... Ti d",0.4014251781472684,0.4,False,punctuation_error;capitalization_error;spacing_error;missing_word_error
test,Moi mo tifi bizin rentre imtd fini fer enregistrement sane cou mo soner zot dir bizin atane lettre foder l'école rentré après 2 semaine ki pou rentre plutôt li ti conteigne fer so grade 10dan l'école même,"Moi mo tifi bizin rantre MITD, fini fer enregistrement. Sakut mo sone zot, zot dir bizin atann lettre, fode l'école rantre après 2 semaine ki pu rantre. Plutôt li ti kontiyn fer so grade 10 dan l'école même.","Moi mo tifi bizin rantre IMTD, fini fer enregistrement sane kut. Mo soner zot dir bizin atann lettre fode l'école rantre après 2 semaine ki pu rantre plutôt li ti conteigne fer so grade 10 dan l'école même.",0.10144927536231885,0.2631578947368421,False,punctuation_error;capitalization_error;spacing_error
test,Juste la mort q pu fer li ale,Just la mort qui pu fer li ale.,"Just la mort, qui pu fer li ale?",0.06451612903225806,0.25,False,punctuation_error;spacing_error
test,Moi si mo pa apprécié enn zafer mo ti pou fer mo la route trankil ena bcp p commentaires dégradant pou met piti la down ena pencor conn la terre 7couleurs mais bougue inn fini gagnel’invitation pou alle lor rodrigue dieu inn crée l’homme par son image,Moi si mo pa apprécié enn zafer mo ti pu fer mo la route trankil. Ena buku pe commentaires dégradant pu met piti la down. Ena pankor kone la terre 7 couleurs mais bougue inn fini gagne l’invitation pu ale lor Rodrigues. Dieu inn crée l’homme par son image.,Moi si mo pa apprécié enn zafer mo ti pu fer mo la route trankil. Ena buku pe commentaires dégradant pu met piti la down. Ena pankor kone la terre 7 couleurs mais bougue inn fini gagne l’invitation pu ale lor Rodrigues. Dieu inn crée l’homme par s,0.03515625,0.04081632653061224,False,punctuation_error;capitalization_error;spacing_error;missing_word_error
test,"Coup son, twa croire 1 pasterrr dan lafrique 🤣🤣🤣🤣","Coup son, twa croire 1 pasterr dan l'Afrique. 🤣🤣🤣🤣","Coup son, twa croire 1 pasterr dan Afrique. 🤣🤣🤣🤣",0.04,0.1111111111111111,False,capitalization_error;spacing_error
test,Pu securite sa. Tention patient sover allez. cumsa cav ferm gate la.,"Pu sekirite sa. Tention patient sove alem, kumsa kapav ferme gate la.",Pu sekirite sa. Tention patient sove ale kumsa kapav ferme gate la.,0.028985507246376812,0.08333333333333333,False,punctuation_error;capitalization_error;spacing_error
test,Ki sa ban baya ki dne li conseil sa boug la li fou ousa li declar pagla rs 44 curepipe - port-louis bel bel chanzment p rod amener selmnt n zafr simple pa p kner,Ki sa bann baya ki donne li conseil sa boug la... Li fou ouswa li deklare pagla.. Rs44 Curepipe - Port Louis... Bel bel chanzment pe rode amenn selma enn zafer simple pa pe kone.,Ki sa bann baya ki donne li conseil sa boug la? Li fou ouswa li deklare pagla Rs44 Curepipe - Port Louis. Bel bel chanzment pe rode amenn selma enn zafer simple pa pe kone.,0.03932584269662921,0.08571428571428572,False,punctuation_error;spacing_error
test,Dhabitube habituer prend la moitier caserne centrale pou alle fer arestation la bas,"D'habitube, habitue prend la moitie Caserne centrale pu ale fer arestation laba.",D'habitube habitue prend la moitie Casernes centrale pu ale fer arestation laba.,0.025,0.16666666666666666,False,punctuation_error;capitalization_error;spacing_error
test,L'autorité bizin check l'année ban bus ena certain rende la fumee noir lor chemin et nou bizin respire sa,L'autorité bizin check l'année bann bus. Ena certain rande la fume noir lor chemin et nu bizin respire sa.,L'autorité bizin check l'année bann bus ena certain rande la fumee noir lor chemin et nu bizin respire sa.,0.02830188679245283,0.15789473684210525,False,punctuation_error;capitalization_error;spacing_error
test,"[NAME], to p penser to p zwer cod","[NAME], to pe pense to pe zwe cod?","[NAME], to pe pense, to pe zwe code.",0.08823529411764706,0.25,False,punctuation_error;capitalization_error;spacing_error
test,La loi moris pan donn la police oken pouvoir Nek ena paper work Ici dimoun innocent p implik dan ban accident dan fausse a koz ban cochon ki content nek boire gramatin tanto met la vie publik en danger Govt pan fer narien et pa pu fer narien La cour mem zafer larguer sur parole caution liberer ale re fann kk,"La loi Moris pann donne la police okenn pouvoir. Nek ena paper work. Ici dimunn innocent pe implik dan bann accident dan fausse, akoz bann cochon ki kontan nek boire gramatin tanto met lavi publik en danger. Guvernman pann fer nanyin, et pa pu fer nanyin. Lakour mem zafer: larguer sur parole, caution, liberer, ale ar fann kaka.",La loi Moris pann donne la police okenn pouvoir. Nek ena paper work. Ici dimunn innocent pe implik dan bann accident dan fausse akoz bann cochon ki kontan nek boire gramatin tanto met lavi publik en danger. Guvernman pann fer nanyin et pa pu fer nanyin. L,0.22492401215805471,0.2413793103448276,False,punctuation_error;capitalization_error;spacing_error;missing_word_error
test,"Bannes vrai la police cartron. Ene ferfoute zottes pa kpve fer. Chauffer block la route park cot gagné, la police cartron nek gueté","Bann vrai la police cartron. Enn ferfoute zot pa kapav fer. Chauffer block la route park kot gagne, la police cartron nek get.","Bann vrai la police cartron. Enn ferfoute zot pa kapav fer. Chauffeur block la route park kot gagne, la police cartron nek get.",0.007936507936507936,0.043478260869565216,False,capitalization_error;spacing_error
test,"[NAME], dimoune sa pa robo. Travail continuellement 36 heurs temps lerla to cozer!!. Ar to 8 hr ki to travail to fini fatiguer to p vinn coz pret serma?","[NAME], dimunn sa pa robo. Travail continuellement 36 heurs tan lerla to koze!!. Ar to 8hr ki to travail to fini fatigue to pe vinn koze prete sermen?","[NAME], dimunn sa pa robo. Travail continuellement 36 heures tan lerla to koze!!. Ar to 8hr ki to travail to fini fatigue to pe vinn koze pret serma?",0.02666666666666667,0.10714285714285714,False,capitalization_error;spacing_error
test,Apres 30ans mone alle conne sa😕🫩 kan mo ti carem jamais mone rest carem alors🧐,"Apre 30 ans mon ale kone sa.😕🫩 Kan mo ti carem, jamais mon reste carem alors.🧐","Apre 30 ans mon ale kone sa😕🫩 kan mo ti carem, jamais mon reste carem alors.🧐",0.02564102564102564,0.125,False,punctuation_error;capitalization_error;spacing_error
test,Zamain ena suivi dans bane lopital. dans lopital jeetoo system ki amen ľair dans bane lasalle rempli ar la poussier minis bizin check sa surtout la salle ki bane mama ek tibaba bizin reste,Zame ena suivi dans bann lopital. Dans lopital Jeetoo system ki amenn l'air dans bann lasal rempli ar la poussier. Minis bizin check sa surtout la salle ki bann mama ek tibaba bizin reste.,"Zame ena suivi dans bann lopital. Dans lopital Jeetoo system ki amenn lair dans bann lasal rempli ar la poussier. Minis bizin check sa, surtout la salle ki bann mama ek tibaba bizin reste.",0.010638297872340425,0.058823529411764705,False,punctuation_error;spacing_error
test,Parent la pa rode so zenfants eski zot ena 1 peu responsabilité ou pas tous les temps ena banes insouciants kumsa,Parent la pa rode so zanfan? Eski zot ena 1 peu responsabilité ou pas? Tu letan ena bann insouciants kumsa.,Parent la pa rode so zanfan. Eski zot ena 1 peu responsabilité ou pas? Tultan ena bann insouciants kumsa.,0.028037383177570093,0.15,False,punctuation_error;capitalization_error;spacing_error;missing_word_error
test,Ki Nimeric Go🐐To PKoze Dimoun Pena Manger,Ki nimeric go? 🐐 To pe koze dimunn pena manze.,Ki Nimeric Go?🐐To pe koze dimunn pena manze.,0.08695652173913043,0.4,False,capitalization_error;spacing_error;missing_word_error
test,Crypto li haraam alors bizin eloigner avec sa,Crypto li haraam alors bizin eloigner avec sa.,Crypto li haraam alors bizin eloigne avec sa.,0.021739130434782608,0.125,False,capitalization_error;spacing_error
test,Line fini rentre moris aret perdi letem dimoune ici. Zour ban minis la mank rol zot lev 1 cou net tan dir li la.,"Linn fini rantre Moris aret perdi letan dimunn ici. Zur bann minis la mank role, zot leve 1 kut, net tande dir li la.","Linn fini rantre Moris aret perdi letan dimunn ici. Zur bann minis la mank role, zot leve 1 kut net tande dir li la.",0.008547008547008548,0.041666666666666664,False,punctuation_error;spacing_error
test,Bien bizin met 1 seryer ar sa bane ki boir et fim simik o volant.... Ki to pou fair... Blie la polis.... Parski simple gard pas entord li parski li simple mem... Bane backing faible sa... Narien zot pa p kav fair parski tou lord vine depi zot chef et chef la oci ggn lorde... Mo prefere ggn case dan place mo fami ki innocent perdi lavie.... Ki to pou fair toi... Mone parer moi..,Bien bizin met 1 serye ar sa bann ki bwar et fim simik o volant.... Ki to pu fer... Bliye lapolis.... Parski simple garde pas antor li parski li simple mem... Bann backing faible sa... Nanyin zot pa pe kapav fer parski tu lord vinn depi zot chef et chef la osi gagne lord... Mo prefere gagne case dan place mo fami ki innocent perdi lavi.... Ki to pu fer toi... Mon pare moi..,Bien bizin met 1 serye ar sa bann ki bwar et fim simik o volant.... Ki to pu fer... Bliye lapolis.... Parski simple garde pas antor li parski li simple mem... Bann backing faible sa... Nanyin zot pa pe kapav fer parski tu lord vinn depi zot chef et chef l,0.32180851063829785,0.32432432432432434,False,punctuation_error;capitalization_error;spacing_error;missing_word_error
test,Ena bezz bann femm haut gradé p servi van government ku madir la reine elizabeth p a travail fer shopping bann zomm adsu p risk zott la vie av 2 van pou fer arretatoin bann bareaux la drug zott cvp ggne coutt sapre ou batté pena ranfrote av zott la grand femm p tal fesse dan van conmisair police pa trov sa tout macro ministe met unifrom p assig dan bureau bann pauvre zott ki pena persone protege zott p bezz al arrte bann trafikant danger gutt sa video goodland lo la bann la police ki macro ministre ki ggne promotoin bravo government chagement in ler pou bezz coup pied tire ou dehor,Ena bez bann femme haut gradé pe servi van government kumadir la reine Elizabeth pe a travail fer shopping. Bann zom ADSU pe risk zot la viv avec 2 van pu fer arrestation bann bareaux ladrog zot kapav gagne. Kut sab ou bate pena ranfrote avec zot. La grand femme pe tal fesse dan van. Conmisair police pa truve sa tu macro minis met unifrom pe asize dan bureau bann pauvre zot ki pena personne protez zot pe bez ale aret bann trafikant danger get sa video Goodlands. Lo la bann la police ki macro ministre ki gagne promotoin. Bravo government chagement inn ler pu bez kut pied tire ou deor.,Ena bez bann femme haut gradé pe servi van. Government kumadir la reine Elizabeth pe a travail fer shopping. Bann zom ADSU pe risk zot lavi avek 2 van pu fer aretatoin bann bareaux la drug zot kapav gagne kut. Sapre ou bate pena ranfrote avek zot. La gra,0.5949152542372881,0.6756756756756757,False,punctuation_error;capitalization_error;spacing_error;missing_word_error
test,Kan to guet li mem li dégoûtant sa bouge la,"Kan to get limem, li dégoûtant sa boug la.",Kan to get limem li dégoûtant sa boug la.,0.023809523809523808,0.1111111111111111,False,punctuation_error;spacing_error
test,Ncc c 1 couloir d la mort pna mm bon lapproche ni treatment ki bizin dn sa lopital la p dpense par milliard pna bon technician ni bon element money minded kn ou perdi ou fami ou va senti amene docters depi etranger ki conner expert dn tretment cancer pu cpv sapp bn patients ki p soufert,NCC se 1 couloir de la mort. Pena mem bon lapproche ni treatment ki bizin dan sa lopital la. Pe depense par milliard. Pena bon technician ni bon element. Money minded. Kan ou perdi ou fami ou va senti. Amenn docters depi etranzer ki kone expert dan tretman cancer pu kapav sap bann patients ki pe sufer.,NCC se 1 couloir de la mort. Pena mem bon lapproche ni treatment ki bizin dan sa lopital la pe depense par milliard. Pena bon technician ni bon element money minded kan ou perdi ou fami. Ou va senti amenn docteurs depi etranzer ki kone expert dan tretment,0.18811881188118812,0.3684210526315789,False,punctuation_error;capitalization_error;spacing_error;missing_word_error
test,"[NAME], oun mal compren pan dire ou night zot pas pu fer consultation mais pluto combien heure travail zot p kozer","[NAME], ou mal konpran. Pann dire ou night zot pas pu fer consultation mais plito combien heure travail zot pe koze.","[NAME], ou mal konpran pann dire ou night. Zot pas pu fer consultation mais plito combien heure travail zot pe koze.",0.034482758620689655,0.19047619047619047,False,capitalization_error;spacing_error
test,"Camion full entor,, premierment li pa arete pou regard 2 cote, paret li presser.. E mo sur sofer camion ine bizen trouve ki van p flass, sofer camion li sorti mem.., 1 bon sofer ti bizen coner kan 1 transport p flass bizen ena 1 problem, e 2eme paret van la ena 1 problem par c ki li p flass avant mem li trouve camion la.. Mo pence van la ine gagner problem frain???","Camion full antor. Premierment li pa aret pu regard 2 kote, paret li presse.. Et mo sur sofer camion inn bizin truve ki van pe flass, sofer camion li sorti mem.., 1 bon sofer ti bizin kone kan 1 transport pe flass bizin ena 1 problem, et 2eme paret van la ena 1 problem par seki li pe flass avant mem li truve camion la... Mo pense van la inn gagne problem frein???","Camion full antor, premierment li pa aret pu regard 2 kote, paret li presse.. Et mo sur sofer camion inn bizin truve ki van pe flass, sofer camion li sorti mem.., 1 bon sofer ti bizin kone kan 1 transport pe flass bizin ena 1 problem, et 2eme paret van la",0.30684931506849317,0.3287671232876712,False,punctuation_error;capitalization_error;spacing_error;missing_word_error
test,Vin lesson mo mntre ou en detail😂 ena prof pa mem kne zelev dn so classe so nom ni dn lesson😂,Vinn lesson mo montre ou en detail.😂 Ena professeur pa mem kone zelev dans so classe so nom ni dan lesson.😂,Vinn lesson mo montre ou en detail😂 ena professeur pa mem kone zelev dan so classe so nom ni dan lesson.😂,0.028037383177570093,0.14285714285714285,False,punctuation_error;capitalization_error;spacing_error
test,Courage à toi mo tonton😭🕊 rip [NAME] 🙏,Courage à toi mo tonton😭🕊 RIP [NAME]. 🙏,Courage à toi mo tonton.😭🕊 RIP [NAME]. 🙏,0.02564102564102564,0.125,False,punctuation_error;spacing_error
test,"[NAME], mone écrire li pas 1 batiara","[NAME], mon écrire: li pas 1 batiara.","[NAME], mon écrire li pas 1 batiara.",0.02702702702702703,0.14285714285714285,False,punctuation_error;spacing_error
test,Rodriguais fort lors fer business simik drugs matters bourik zamais fine alle lecole sa batiara la bour zot dans du feux,Rodriguais fort lor fer business simik drugs matters. Bourik zame finn ale lekol sa batiara la. Boure zot dans du feux.,"Rodriguais fort lor fer business simik, drugs matters. Bourik zame finn ale lekol sa batiara la. Boure zot dans du feux.",0.008403361344537815,0.047619047619047616,False,punctuation_error;spacing_error
test,Sa mm bane dimoune ki ti bizin pli bien payé sa pas facile la bane dimoune bizin met zot salté dan sac poubelle bien,Samem bann dimunn ki ti bizin plis bien payé sa. Pas facile la. Bann dimunn bizin met zot salte dan sac poubelle bien.,Samem bann dimunn ki ti bizin plis bien payé sa. Pas facile la bann dimunn bizin met zot salte dan sac poubelle bien.,0.01694915254237288,0.08695652173913043,False,punctuation_error;capitalization_error;spacing_error
test,Bzn met laline jaune n koter problm fini..,"Bizin met laline jaune enn kote, problem fini..",Bizin met laline jaune enn kote problem fini..,0.02127659574468085,0.125,False,punctuation_error;spacing_error
test,Toujours le maintien de suspense par paul est un perte de temps au lieu de travailler pour le pays ki li meme ti dire ti enbas lao avec ancien regime.. Tous les semaines suspenses meme. Dire li pran so critik ek so decision ale lakaz ene fois. Pas ti vote li pu garde pays en suspense couramment,Toujours le maintien de suspense par Paul est un perte de tan au lieu de travayer pour le pays ki limem ti dire ti enba lao avec ancien regime... Tu les semaines suspenses mem. Dire li pran so critik ek so decision ale lakaz enn fois. Pas ti vote li pu garde pays en suspense couramment.,Toujours le maintien de suspense par Paul est un perte de tan au lieu de travailler pour le pays ki limem ti dire ti enba lao avec ancien regime.. Tu les semaines suspenses mem. Dire li pran so kritik ek so decision ale lakaz enn fois. Pas ti vote li pu g,0.13240418118466898,0.14285714285714285,False,punctuation_error;capitalization_error;spacing_error;missing_word_error
test,Is it a movie 😂 but thanks god hats off ma'am 🙏,"Is it a movie? 😂 But thanks God, hats off ma'am. 🙏",Is it a movie 😂 but thanks God. Hats off ma'am. 🙏,0.08,0.3333333333333333,False,punctuation_error;capitalization_error;spacing_error
test,P envie aller selma p rode post minis finance aller laisse place pou bann jeune,"Pe anvi ale, selma pe rode post minis finance? Ale, laisse place pu bann jeune.","Pe anvi ale selma pe rode post minis finance, ale laisse place pu bann jeune.",0.05063291139240506,0.2,False,punctuation_error;capitalization_error;spacing_error
test,An tt cas c'etait un histoire dormi diboute sa si faire un bon enquetre pour etonne moi ki li meme kine organise so propre enlevement car pareil un rodeur role et attention seeker,Entuka c'etait un histoire dormi deboute sa. Si faire un bon lanket pour etonne moi ki limem kinn organise so propre enlevement car pareil un rodeur role et attention seker.,Antuka c'etait un histoire dormi deboute sa. Si faire un bon lanket pour etonne moi ki limem kinn organise so propre enlevement car pareil un rodeur. Role et attention seker.,0.017341040462427744,0.1,False,punctuation_error;capitalization_error;spacing_error
test,Done moi 5 case ki smf fine impliker dans rodrigue pendant ca dernier 15 ans la z,Donne moi 5 case ki SMF finn impliker dans Rodrigues pendant sa sernier 15 ans la?,Donne moi 5 case ki SMF finn impliker dans Rodrigues pendant sa dernier 15 ans la z.,0.04878048780487805,0.1875,False,punctuation_error;capitalization_error;spacing_error;extra_word_error
test,"Si li saine d'esprit, nou conner cote li eté","Si li sain d'esprit, nu kone kot li ete.","Si li saine d'esprit, nu kone kot li ete.",0.025,0.1111111111111111,False,capitalization_error;spacing_error
test,Einn ine renvoye lhr ki li pu terminer aster 🤔,Einn inn renvoye! lhr ki li pu terminer aster. 🤔,Einn inn renvoye ler ki li pu terminer aster. 🤔,0.041666666666666664,0.2,False,punctuation_error;spacing_error
test,Touletemp ziss laveil lanée lanée passer si mo rapel ti al saisi poison irla full lané re dormi,Tultan zis lavey lane. Lane passe si mo rapel ti ale saisi pwason. Lerla full lane re dormi.,"Tultan zis lavey lane, lane passe. Si mo rapel ti ale saisi pwason, lerla full lane re dormi.",0.06521739130434782,0.3333333333333333,False,punctuation_error;capitalization_error;spacing_error
test,"[NAME], 😍😍maniere inn souffer pou ggn sa ou","[NAME], 😍😍maniere inn sufer pu gagne sa ou.","[NAME], 😍😍maniere inn souffer pu gagne sa ou.",0.046511627906976744,0.125,False,capitalization_error;spacing_error
test,couraze alla fami,Couraz a la fami.,Couraz ala fami.,0.058823529411764705,0.5,False,spacing_error;missing_word_error
test,60000 Alle morf la ciebdictatur,60000 ale mort la. Ciebdictatur!,60000 Ale morf la ciebdictatur.,0.15625,0.8,False,punctuation_error;capitalization_error;spacing_error
test,Sori mo p dir sa apel sa parent iresponsable mw osi mo 1 parent mo ena zenfant pourtan mo zenfant ena 7ans kan nu ale la mer ler ban zenfant rent dan delo mo fer mo devoir papa mo vin debout dan bor delo mo get zot mo mem rent ziska 1 hauter kot mo fini dir zot pas travers mw mo deboute mo vey zot couma mo dir sorti sorti zame mo laiss zot 1 secon dan la mer tousel mem si zot p zoue dan bor avk disable ek la mer mo la,"Sori mo pe dir sa apel sa. Parent iresponsable. Mwa osi mo 1 parent mo ena zanfan pourtan mo zanfan ena 7 ans, kan nu ale la mer ler bann zanfan rantre dan dilo. Mo fer mo devoir papa mo vinn debout dan bor dilo. Mo get zot, momem rantre ziska 1 hauter kot mo fini dir zot pas travers mwa. Mo deboute mo veye zot: kuma mo dir sorti sorti, zame mo less zot 1 secon dan la mer tousel mem si zot pe zwe dan bor avek disable ek la mer, mo la.","Sori mo pe dir sa apel sa parent iresponsable. Mwa osi mo 1 parent mo ena zanfan pourtan mo zanfan ena 7 ans kan nu ale la mer, ler bann zanfan rantre dan dilo. Mo fer mo devoir papa mo vinn debout dan bor dilo. Mo get zot. Momem rantre ziska 1 hauter kot",0.4292237442922374,0.49473684210526314,False,punctuation_error;capitalization_error;spacing_error;missing_word_error
test,Pou Mover Zair pa Rentre.,Pu move air pa rantre.,Pu move zair pa rantre.,0.045454545454545456,0.2,False,capitalization_error;spacing_error
test,"[NAME], alors si toi tone envi pou couyone lepep la encor mo bizin laisse toi al fer micro trottoir pou coner si navin ou soit 1 lot kk pli bon ki Pravin good lick","[NAME], alors, si toi tonn anvi pu kuyonn lepep la ankor, mo bizin laisse toi ale fer micro trottoir pu kone si Navin ouswa 1 lot kaka plis bon ki Pravin. Good luck.","[NAME], alors si toi tonn anvi pu kuyon lepep la ankor. Mo bizin laisse toi ale fer micro trottoir pu kone si Navin ouswa 1 lot kaka plis bon ki Pravin. Good lick.",0.030303030303030304,0.15151515151515152,False,punctuation_error;capitalization_error;spacing_error
test,"Parler pour ne rien dire!! Zero update. Pa mm kner ki goal zot ena apres ki fini zot workshop.. Zot deza ine classe li comme illegal drug, b workshop pu kieter? Zot p geter si vremm li illegal? Zot pa sure? Ou boen p rode formule plan pu legaliser ou decriminalizer?","Parler pour ne rien dire!! Zero update. Pa mem kone ki goal zot ena apre ki fini zot workshop.. Zot deza inn classe li comme illegal drug, b workshop pu kiete? Zot pe get si vremem li illegal? Zot pa sure? Ou bien pe rode formule plan pu legalize ou decriminalize?","Parler pour ne rien dire!! Zero update. Pa mem kone ki goal zot ena apre ki fini zot workshop.. Zot deza inn classe li comme illegal drug, b workshop pu kiete? Zot pe get si vremem li illegal? Zot pa sure? Ou boen pe rode formule plan pu legalize ou decri",0.03787878787878788,0.0392156862745098,False,punctuation_error;capitalization_error;spacing_error
test,Mashallah,MashaAllah.,Mashallah.,0.09090909090909091,1.0,False,capitalization_error;spacing_error
test,Camion la full entord mais ene zafer louche¾ camion la fini sorti couma soffeur van la pane trouve li,"Camion la full antor mais enn zafer louche. ¾ camion la fini sorti, kuma sofer van la pann truve li?",Camion la full antor mais enn zafer louche¾ camion la fini sorti kuma sofer van la pann truve li.,0.04,0.2,False,punctuation_error;spacing_error;missing_word_error
test,Mo fer météo la mo mm gros lapli kot moi boss,Mo fer météo la momem: gros lapli kot moi boss.,Mo fer météo la momem gros lapli kot moi boss.,0.02127659574468085,0.1,False,punctuation_error;spacing_error
test,9 ere di matin dan britannia 🤪🤣. You need to have 2 lungs to compete with them down there 🍺🍺🍺🤪🤣,9 ere di matin dan Britannia. 🤪🤣 You need to have 2 lungs to compete with them down there. 🍺🍺🍺🤪🤣,9ere dimatin dan Britannia 🤪🤣. You need to have 2 lungs to compete with them down there. 🍺🍺🍺🤪🤣,0.041666666666666664,0.3,False,spacing_error;missing_word_error
test,Bus pena li bizin ale lecole li bizin apandan mam,Bus pena li bizin ale lekol li bizin apandan mem.,"Bus pena li bizin ale lekol, li bizin apandan mam.",0.04081632653061224,0.2,False,punctuation_error;spacing_error
test,"Camion la full entor oui, me toi n temps ki to n sofer si kav evite evite 💯","Camion la full antor oui me toi an tan ki to enn sofer si kapav evite, evite. 💯","Camion la full antor oui, me toi entant ki to enn sofer si kapav evite, evite. 💯",0.05063291139240506,0.16666666666666666,False,punctuation_error;capitalization_error;spacing_error;missing_word_error
test,Bnsr contacter moi,"Bonsoir, contacter moi.",Bann contacte moi.,0.30434782608695654,0.6666666666666666,False,punctuation_error;capitalization_error;spacing_error
test,Paret fami lamemd malad pas vini maurice nous ena a ce criminal la ce qui ou garson fer la ti bizen jette li ar crocodile sa,"Paret fami lamem malade. Pas vini Maurice. Nous ena a se criminal la. Ce qui ou garson fer la, ti bizin jette li ar crocodile sa.",Paret fami lamem malade pas vini. Maurice nous ena a se criminal la. Seki ou garson fer la ti bizin jette li ar crocodile sa.,0.07751937984496124,0.3076923076923077,False,punctuation_error;capitalization_error;spacing_error;missing_word_error
test,Si znfn Kumsa zrdi C akz parents kan miss bat zot dn lkl zot Al lagur dn lkl aster bne znfn la truV zot kav fr cki zot envi zot parents pu la… akz nu dn nu lepok pas ti ena sa,"Si zanfan kumsa zordi, se akoz parents. Kan miss bate zot dan lekol, zot ale lager dan lekol. Aster bann zanfan la truve zot kapav fer seki zot anvi, zot parents pu la… akoz nu dan nu lepok pas ti ena sa.","Si zanfan kumsa zordi, se akoz parents kan miss bate zot dan lekol, zot ale lager dan lekol. Aster bann zanfan la truve zot kapav fer seki zot anvi zot parents pu la… akoz nu dan nu lepok pas ti ena sa.",0.014705882352941176,0.07142857142857142,False,punctuation_error;capitalization_error;spacing_error
test,Nou envi kone [NAME] aster nou kapav dir si li vilain ou pas 🤣🤣🤣🤣🤣🤣🤣🤣🤣🤣🤣🤣🤣🤣,Nu anvi kone [NAME] aster. Nu kapav dir si li vilain ou pas. 🤣🤣🤣🤣🤣🤣🤣🤣🤣🤣🤣🤣🤣🤣,Nu anvi kone [NAME] aster nu kapav dir si li vilain ou pas. 🤣🤣🤣🤣🤣🤣🤣🤣🤣🤣🤣🤣🤣🤣🤣,0.04,0.21428571428571427,False,punctuation_error;capitalization_error;spacing_error
test,Zot ti fini monte prix la aster in baisse li 1 tigit 😂 😂,"Zot ti fini monte prix la, aster inn bese li 1 tigit. 😂 😂",Zot ti fini monte prix la aster inn bese li 1 tigit. 😂😂,0.03508771929824561,0.21428571428571427,False,punctuation_error;spacing_error;missing_word_error
test,Combien accident p arrv sa mois la.. Bane chauffeur transport la p rode sa permit a point veni plu vite possible kuma p trv la 🤔😞🙏,Combien accident pe arrive sa mois la. Bann chauffeur transport la pe rode sa permis a point vinn plis vite posib kuma pe truve la. 🤔😞🙏,Combien accident pe arrive sa mois la.. Bann chauffeur transport la pe rode sa permis a point vinn plis vite possible kuma pe truve la. 🤔😞🙏,0.02962962962962963,0.07692307692307693,False,punctuation_error;capitalization_error;spacing_error
test,Alez dire moi aster eski peemis a point p fer zot peur.. Mo ti dire sa li pa pou sanze nanrien sa akoz zis asoir ki enan bku inpreudant akoz pnan lapolice asoir,Ale dire moi aster eski permis a point pe fer zot peur.. Mo ti dire sa li pa pu sanze nanyin sa akoz zis aswar ki ena buku inprudant akoz pena lapolis aswar.,Ale dire moi aster eski peemis a point pe fer zot peur.. Mo ti dire sa li pa pu sanze nanyin sa akoz zis aswar ki ena buku inpreudant akoz pena lapolis aswar.,0.012738853503184714,0.06060606060606061,False,capitalization_error;spacing_error
test,2pie kan emtel ti faire myt money boss,"Depi kan Emtel ti faire MY.T money, boss.","2 pie kan Emtel ti faire MY.T money, boss?",0.0975609756097561,0.375,False,punctuation_error;capitalization_error;spacing_error;extra_word_error
test,Mme to don naissance n satan aret raconte zistoire,"Madame, to donne naissance enn satan aret raconte zistwar.","Madame to donne naissance enn satan, aret raconte zistwar.",0.034482758620689655,0.2222222222222222,False,spacing_error
test,"Ala zistwar bolom loulou, al raconte sa dans ou Cameroune la bas. Vous avez fumé la moquette ou quoi!","Ala zistwar bolom loulou, ale raconte sa dans ou Cameroun laba. Vous avez fume la moquette ou quoi!","Ala zistwar bolom loulou, ale raconte sa dans ou Cameroune laba. Vous avez fume la moquette ou quoi!",0.010101010101010102,0.05555555555555555,False,capitalization_error;spacing_error
test,"All cheke lor ilot phare, ki sanla p camper illegal., sans toilet.. Tout malpropre faire dans patrimoines.,. Et lendemain 100 tn des touristes pour visite et senti zot malpropreter🤮🤮","Ale chek lor I lot phare, kisanla pe camper illegal, sans toilet.. Tu malpropre faire dans patrimoines.,.. Et lendemain 100 tonn des touristes pour visite et senti zot malpropte.🤮🤮","Ale chek lor lilot phare, kisanla pe camper illegal., sans toilet.. Tu malpropre faire dans patrimoines.,. Et lendemain 100 tonn des touristes pour visite et senti zot malpropreter.🤮🤮",0.03888888888888889,0.1724137931034483,False,punctuation_error;capitalization_error;spacing_error;missing_word_error
test,Ban parent iresponsable sa Pou ki inn arrive sa,Bann parent iresponsable sa pu kinn arrive sa.,Bann parent iresponsable sa pu ki inn arrive sa.,0.043478260869565216,0.25,False,capitalization_error;spacing_error;extra_word_error
test,"[NAME], oui exactement li ena 17 ans et li fer babysitting donc au contraire mo trouve bien qui li tracer pou gagne so cass… non la majorité p amerder b ki laze li pou ale travail 30 ans.","[NAME], oui exactement! Li ena 17 ans et li fer babysitting donc au contraire mo truve bien qui li tracer pu gagne so kas… non la majorité pe amerde b ki laz li pu ale travail 30 ans.","[NAME], oui exactement, li ena 17 ans et li fer babysitting donc au contraire mo truve bien qui li tracer pu gagne so kas… non la majorité pe amerde, b ki laz li pu ale travail 30 ans.",0.01639344262295082,0.07894736842105263,False,punctuation_error;capitalization_error;spacing_error
test,Dan moris ena sa qualité fam open minded cumsa impè bizarre selma,"Dan Moris, ena sa qualité fam open minded kumsa? Enpe bizar selma.",Dan Moris ena sa qualité fam open minded kumsa. Enpe bizar selma.,0.030303030303030304,0.16666666666666666,False,punctuation_error;spacing_error
test,Mem zafer pu sa garson [NAME] zot ti touille li a midland depuis ler pas p tend narien lor mama la concubin in fini rend so judgements mais pu fam la pencore,Mem zafer pu sa garson [NAME]. Zot ti touy li a Midlands. Depuis ler pas pe tande nanyin lor mama la. Concubin inn fini rande so judgements. Mais pu fam la pankor.,Mem zafer pu sa garson [NAME]. Zot ti touy li a Midlands depuis ler pas pe tande nanyin lor mama la. Concubin inn fini rande so judgements mais pu fam la pankor.,0.024539877300613498,0.125,False,punctuation_error;capitalization_error;spacing_error
test,Bien bon bne pourritir,Bien bon bann pourriture.,Bien bon bann pourritir.,0.08,0.25,False,capitalization_error;spacing_error
test,Tombe n juste prix r toi meme polo,Tombe enn just prix ar tomem Polo.,Tombe enn just prix ar toi mem Polo.,0.058823529411764705,0.2857142857142857,False,capitalization_error;spacing_error;extra_word_error
test,"[NAME], sahh jour lahh waiii 😂😂😂😂","[NAME], sa jour la wi. 😂😂😂😂","[NAME], sa jour la wai. 😂😂😂😂",0.037037037037037035,0.16666666666666666,False,capitalization_error;spacing_error
test,Dimoune p vine plis en plis sovaz pena mm respect astere,Dimunn pe vinn plis en plis sovaz pena mem respect aster.,Dimunn pe vinn plis en plis. Sovaz pena mem respect aster.,0.03508771929824561,0.18181818181818182,False,punctuation_error;capitalization_error;spacing_error
test,Vin guet rue Gorah Issac p.verte ou pou trouver ki kantite cinema ena sa tigit sa vin la bas ou pou trover ki film cascadeur jouer,"Vin get rue Gorah Issac, Plaine Verte, ou pu truve ki kantite cinema ena. Sa tigit sa, vinn laba ou pu truve ki film cascadeur jouer.","Vinn get Rue Gorah Issac, Port Verte. Ou pu truve ki kantite cinema ena sa tigit sa. Vinn laba ou pu truve ki film cascadeur jouer.",0.09774436090225563,0.34615384615384615,False,punctuation_error;capitalization_error;spacing_error
test,Defimedia. info wii gramatin rs500000 inn deduire lr mo compt...... 😅😅,"Defimedia.info, wi gramatin Rs500000 inn dedir lor mo kont...... 😅😅",Defimedia.info: wi gramatin Rs500000 inn deduire lor mo compte...... 😅😅,0.1044776119402985,0.3,False,punctuation_error;capitalization_error;spacing_error
test,1 TI LAVOIX P DIRE MOI FAM LA ENA REZON 🙄🙄🙄,"1 TI LAVOIX PE DIRE MOI, FAM LA ENA REZON. 🙄🙄🙄",1 TI LAVOIX PE DIRE MOI FAM LA ENA REZON. 🙄🙄🙄,0.021739130434782608,0.09090909090909091,False,punctuation_error;spacing_error
test,Li fini avouér ki to p raconte p prend moricien pou couyon 1 cannibale mais madame arête raconte des salades,Li fini avoue. Ki to pe raconte? Pe prend Morisien pu kuyon 1 cannibale mais madame aret raconte des salades!,Li fini avoue ki to pe raconte? Pe prend Morisien pu kuyon 1 cannibale mais madame aret raconte des salades.,0.027522935779816515,0.15,False,punctuation_error;capitalization_error;spacing_error
test,Twa e to NTA ek NLTA ek to gouvernment tou mem pouriture.,"Twa et to NTA ek NLTA ek to gouvernment, tu mem pouritir.",Twa et to NTA ek NLTA ek to gouvernment tu mem pouritir.,0.017543859649122806,0.08333333333333333,False,punctuation_error;spacing_error
test,To bon respect sa bann situation coumsa la montrer nou a ki point zot systeme securiter fiasco net,To bon. Respect! Sa bann situation kumsa la montre nu a ki point zot system sekirite fiasco net.,To bon respect sa bann situation kumsa la. Montre nu a ki point zot system sekirite. Fiasco net.,0.08333333333333333,0.3888888888888889,False,punctuation_error;capitalization_error;spacing_error
test,Vraimeme in vinn bien fatigan sa situation l,Vremem inn vinn bien fatigan sa situation la.,Vremem inn vinn bien fatigan sa situation l.,0.022222222222222223,0.125,False,capitalization_error;spacing_error
test,Plis ki 10 ans sa ti koumsa aster kouma sa piti met sa post la ene tas chatwa koumence zaper😂😂,"Plis ki 10 ans sa ti kumsa. Aster kuma sa piti met sa post la, enta chatwa komans zape.😂😂",Plis ki 10 ans sa ti kumsa aster kuma sa piti met sa post la enta chatwa komans zape.😂😂,0.033707865168539325,0.15789473684210525,False,punctuation_error;capitalization_error;spacing_error
test,Tou les jours dan certain station ena sa transport la al pren x y sois pe al kit la caz sois pe al pren pou vinn travail🤔,Tulezur dan certain station ena sa transport la ale pran x y. Soi pe ale kite lakaz soi pe ale pran pu vinn travail.🤔,"Tulezur dan certain station ena sa transport la. Ale pran x y, soi pe ale kite lakaz, soi pe ale pran pu vinn travail.🤔",0.042735042735042736,0.20833333333333334,False,punctuation_error;capitalization_error;spacing_error
test,Soit disant king sa bezz liki aller villain creatire,Swadizan king sa. Bez liki ale villain kreatir.,"Swadizan king sa. Bez liki, ale vilain creatire.",0.0851063829787234,0.375,False,punctuation_error;spacing_error
test,Sanla li li zis koze in plin r zot,"Sanla li, li zis koze. Inn plin ar zot.",Sanla li li zis koze inn plin ar zot.,0.07692307692307693,0.3333333333333333,False,punctuation_error;capitalization_error;spacing_error
test,Hey pa fair sa mo pa encor al dan sa bis la,"Hey pa fer sa, mo pa ankor ale dan sa bis la.","Hey, pa fer sa, mo pa ankor ale dan sa bis la.",0.022222222222222223,0.08333333333333333,False,punctuation_error;spacing_error
test,Camarade [NAME] mo pe trouver pou ena ene lot 60-0,"Camarade [NAME], mo pe truve pu ena enn lot 60-0.",Camarade [NAME] mo pe truve pu ena enn lot 60-0.,0.02040816326530612,0.1,False,punctuation_error;spacing_error
test,"[NAME], fini ar canard aster romance 1ans ine gagner depi election narien pann faire zournalist lexpress lizie dan fess kan bizin ecrire actualitee reelle","[NAME], fini ar canard aster romance. 1 ans inn gagne depi election nanyin pann faire zournalist l'Express lizye dan fesse kan bizin ekrir actualite reelle.","[NAME], fini ar canard. Aster romance 1 ans inn gagne. Depi election nanyin pann faire. Zournalist l'Express lizye dan fesse kan bizin ekrir actualite reelle.",0.04487179487179487,0.28,False,punctuation_error;capitalization_error;spacing_error
test,Baaap sa kaliter la en 2026 kpv li ti p envi zot fer 1 plan à trois tone al gat partou,"Baap! Sa kalite la en 2026, kapav li ti pe anvi zot fer 1 plan à trois. Tonn ale gat partu.","Baap! Sa kalite la en 2026, kapav li ti pe anvi zot fer 1 plan à trois. Tonn ale gate partu.",0.01098901098901099,0.047619047619047616,False,capitalization_error;spacing_error
test,L'état pas p remarqué moris tous les jours banne véhicules p prend du feu 🔥🔥🔥 lors la route c'est quoi la cause qualité l'essence modification moteur fitness pas bon foder ena mort d'homme pou sympathisé et lerla ki pou rode problème la,L'état pas pe remarqué Moris tulezur bann véhicules pe prend du feu 🔥🔥🔥 lor la route. C'est quoi la cause? Qualité l'essence? Modification moteur? Fitness pas bon? Foder ena mort d'homme pu sympathisé et lerla ki pu rode problème la.,L'état pas pe remarqué Moris tulezur bann véhicules pe prend du feu 🔥🔥🔥 lor la route. C'est quoi la cause qualité l'essence modification moteur fitness pas bon fode ena mort d'homme pu sympathisé et lerla ki pu rode problème la.,0.03862660944206009,0.2,False,punctuation_error;capitalization_error;spacing_error
test,Pu 1 zenfant collage sa 50r ena valeur sa pu li 50r la couma dir 1000mil la,Pu 1 zanfan collage sa 50 Rs ena valeur sa. Pu li 50 Rs la kumadir 1000 mille la.,Pu 1 zanfan collage sa. 50 Rs ena valeur sa pu li 50 Rs la kumadir 1000 mille la.,0.037037037037037035,0.15789473684210525,False,capitalization_error;spacing_error
test,N dimoun seki ena loto pa kpv rend li sa service la do 🤣🤣🤣 g matin pran so parcel al kit dan travail tanto repren li pass dan jade bleu apre retourne so parcel lakaz 🤣🤣🤣koumsa li pa pou gagne pblm dan so travail la police 👮‍♂️😀😀😀🤣🤣,Enn dimunn seki ena loto pa kapav rande li sa service la dow 🤣🤣🤣 grand matin pran so parcel ale kite dan travail tanto repren li pass dan jade bleu apre retourne so parcel lakaz 🤣🤣🤣kumsa li pa pu gagne problem dan so travail la police. 👮‍♂️😀😀😀🤣🤣,Enn dimunn seki ena loto pa kapav rande li sa service la dow. 🤣🤣🤣 Grand matin pran so parcel ale kite dan travail tanto repren li pass dan jade bleu apre retourne so parcel lakaz 🤣🤣🤣kumsa li pa pu gagne problem dan so travail la police. ,0.04897959183673469,0.06382978723404255,False,punctuation_error;capitalization_error;spacing_error;missing_word_error
test,Kpve perdi la vie soit ale fermer pou nnyen. To trankil si to ggne problem ek dimoune. Pas koner ki bisin faire dns sa pays la🤬🤬,Kapav perdi lavi soi ale ferme pu nanyin. To trankil si to gagne problem ek dimunn. Pas kone ki bizin faire dans sa pays la.🤬🤬,Kapav perdi lavi soit ale ferme pu nanyin. To trankil si to gagne problem ek dimunn. Pas kone ki bizin faire dans sa pays la.🤬🤬,0.007936507936507936,0.04,False,capitalization_error;spacing_error
test,.. Pou atane dimoun sorti.. Bne ceki bzin al faire shopping lane tou cs.. Lerla kn partout ine inondee pou met avis pluie torrentielles la,.. Pu atann dimunn sorti.. Bann seki bizin ale faire shopping lane tusa.. Lerla kan partu inn inonde pu met avis pluie torrentielle la.,.. Pu atann dimunn sorti.. Bann seki bizin ale faire shopping lane tusa.. Lerla kan partu inn inonde pu met avis pluie torrentielles la.,0.007407407407407408,0.041666666666666664,False,capitalization_error;spacing_error
test,Bien trise pou u samedi,Bien trise pu enn samedi.,Bien trise pu ou samedi.,0.12,0.2,False,capitalization_error;spacing_error
test,"[NAME], non banela zis content montrer kan ine fek peine ene caré zone lor la croisé ine bousse ene trou lor chemin ine debouche canal","[NAME], non banla zis kontan montre kan inn fek peine enn caré zone lor la croisé, inn bouss enn trou lor chemin, inn debouche canal.","[NAME], non banla zis kontan montre kan inn fek peine enn caré zone lor la croisé inn bouss enn trou lor chemin inn debouche canal.",0.015037593984962405,0.08,False,punctuation_error;spacing_error
test,Fran tou bizin fair sa msg pac a fon resp a banla c pna zot nu maurice ti pu cuma sa poubel ki ena 1 ta moutouk la mo resp a zot tou mo ban frer et seour scavenging 🫶,Franc tu! Bizin fer sa message passe a fon. Respe a banla. Si pena zot nu Maurice ti pu kuma sa poubelle ki ena enta moutouk la. Mo respe a zottu mo bann frere et soeur scavenging. 🫶,Fran tu bizin fer sa message passe a fon. Respe a banla se pena zot. Nu Maurice ti pu kuma sa poubelle ki ena enta moutouk la. Mo respe a zottu mo bann frere et seour scavenging. 🫶,0.054945054945054944,0.21052631578947367,False,punctuation_error;capitalization_error;spacing_error
test,"[NAME], mari stressant.. Et pas fini zenfan la mm stresser.. Leker fr mal en tant parent, couma pou fr n zenfan prend bus portlouis pou ale rose belle, pna flexibilite. Mo d accord depuis ns change l adresse,, mais nous fr dde transfert,, zt ti bzn ena comprehension ki 1 fille 11 ans pas pou kpv voyager portlouis pou ale r. Belle.. Mo mm par l auto mo pas pou kpv ts les jours","[NAME], mari stressant.. Et pas fini zanfan lamem stresse.. Leker fer mal entant parent, kuma pu fer enn zanfan prend bus Port Louis pu ale Rose Belle, pena flexibilite. Mo dakor depuis nous change l adresse, mais nous fer dde transfert, zot ti bizin ena comprehension ki 1 fille 11 ans pas pu kapav voyage Port Louis pu ale Rose Belle.. Mo mem par loto mo pas ou kapav tulezur.","[NAME], mari stressant.. Et pas fini zanfan lamem stresse.. Leker fer mal entant parent, kuma pu fer enn zanfan prend bus Port Louis pu ale Rose Belle, pena flexibilite. Mo dakor depuis nu change l adresse, mais nous fer dde transfert, zot ti bizin ena co",0.3253968253968254,0.37142857142857144,False,punctuation_error;capitalization_error;spacing_error;missing_word_error
test,Apre pour tir le 🐀 tout,Apre pour tire 🐀 tu.,Apre pour tire le 🐀 tu.,0.15,0.2,False,capitalization_error;spacing_error;extra_word_error
test,Cari poule flmm🤣ale get osman spi eshan pou deblock laroute 🤣,Cari poul flmm.🤣Ale get Osman soi Eshan pu deblock la route. 🤣,Kari poule flmm🤣ale get Osman Spi Eshan pu deblock la route. 🤣,0.0967741935483871,0.3333333333333333,False,punctuation_error;capitalization_error;spacing_error
test,"Samedi dernier zot ti fer sa r moi sa 2 figures kan mo in alle cherche mo tifi lecon danse a terre rouge, mo ti pres pu amen li lhopital tou mais li refuse aller li ti p rode cash fer semblant lebras in enfler bon dieu grand sa lheure la 1 misier ti p passer lor moto li dire moi madam 1 scam sa zot ban arnaqueurs mo p telephone la police la et misier la dire aller ou madame kuma zot tande sa zot met lor position pattin. Merci Bon dieu et sa misier kin vin a temps la 🙏🙏","Samedi dernier zot ti fer sa ar moi sa 2 figures. Kan mo inn ale cherche mo tifi lesson danse a Terre Rouge, mo ti pre pu amenn li lopital tu mais li refiz ale. Li ti pe rode cash fer semblant lebra inn enfler. Bondieu grand sa ler la 1 misye ti pe passe lor moto li dire moi madam 1 scam sa zot bann arnaqueurs. Mo pe telephone la police la et misye la dire ale ou madame kuma zot tande sa zot met lor position pattin. Merci Bondieu et sa misye kinn vinn a tan la. 🙏🙏","Samedi dernier zot ti fer sa ar moi sa 2 figures kan mo inn ale cherche mo tifi lesson danse a Terre Rouge, mo ti pre pu amenn li lopital tu mais li refiz ale. Li ti pe rode cash fer semblant lebra inn enfler. Bondieu grand sa ler la 1 misye ti pe passe l",0.45726495726495725,0.47,False,punctuation_error;capitalization_error;spacing_error;missing_word_error
test,Apres 9 ans madam bien drolle sirma banal ine tappe tou pu ou naiba tro tard aster ou program alle vini la cour,"Apre 9 ans, madam bien drole. Surement banla inn tape tu pu ou. Naiba, tro tard aster! Ou program ale vini lakour.","Apre 9 ans, madam bien drolle. Sirma banal inn tape tu pu ou naiba. Tro tard aster ou program ale vini lakour.",0.12280701754385964,0.36363636363636365,False,punctuation_error;capitalization_error;spacing_error
test,Emtel ena my t money mons sa et dir moi kot sa p ggn sa,"Emtel ena MY.T money, mons sa. Et dir moi kot sa pe gagne sa?",Emtel ena MY.T money monsieur sa et dir moi kot sa pe gagne sa?,0.11475409836065574,0.2857142857142857,False,punctuation_error;capitalization_error;spacing_error
test,A few moments later li fer 150m la semaine li li pu ena kings counsel hahahahaha,A few moments later: li fer 150 mo la semaine li li pu ena kings counsel. Hahahahaha.,"A few moments later li fer 150 mo la semaine li. Li pu ena kings counsel, hahahahaha.",0.058823529411764705,0.29411764705882354,False,punctuation_error;capitalization_error;spacing_error
test,Puisque les 2 mineurs donc statutory rape et charges contre le 2 curieuse cuma zot traite sa situation la d'un point de vue légale sinon pendant 3 jours tout ti bon 4eme jour ki pane bon,"Puisque les 2 mineurs, donc statutory rape et charges contre le 2? Curieuse kuma zot traite sa situation la d'un point de vue légale. Sinon pendant 3 jours tu ti bon, 4eme jour ki pann bon?",Puisque les 2 mineurs donc statutory rape et charges contre le 2 curieuse kuma zot traite sa situation la d'un point de vue légale sinon pendant 3 jours tu ti bon. 4eme jour ki pann bon.,0.037037037037037035,0.19444444444444445,False,punctuation_error;capitalization_error;spacing_error
test,Trouvé so premier fois sa sa manière line demander la madame lameme refiz li lerla li prend pepsi li aller hey larmé al travail tranquil pena lavenir ladan 🤦🏾‍♂️🤦🏾‍♂️,"Truve so premier fois sa: sa manière linn demande la, madame lamem refiz li lerla li prend Pepsi li ale. Hey larme, ale travail trankil, pena lavenir ladan. 🤦🏾‍♂️🤦🏾‍♂️","Truve so premier fois sa. Sa manière linn demande la madame lamem refiz li lerla li prend Pepsi li ale. Hey larme, ale travail trankil, pena lavenir ladan. 🤦🏾‍♂️🤦🏾‍♂️",0.017964071856287425,0.10344827586206896,False,punctuation_error;capitalization_error;spacing_error
test,B kot mineur la so declaration accuser la coter mineur étranger mais li vine fer baby-sitting dans ene l’endroit li pa coner,B kot mineur la so deklarasyon? Accuse la kot? Mineur étranger mais li vinn fer baby-sitting dans enn l’endroit li pa kone?,B kot mineur la so declaration accuser la? Kot mineur étranger mais li vinn fer baby-sitting dans enn l’endroit li pa kone?,0.08130081300813008,0.22727272727272727,False,punctuation_error;capitalization_error;spacing_error
test,Sa bne kala kine koster ek li laa ki ti p pnc [NAME] dne cado laa 🤣,"Sa bann kala kinn koste ek li la, ki ti pe pense? [NAME] donne cado la. 🤣",Sa bann kala kinn koste ek li la ki ti pe pense [NAME] donne cado la. 🤣,0.0273972602739726,0.11764705882352941,False,punctuation_error;spacing_error
test,Ah seigneur ki nu pa trouv dans sa moris la. Zot penc akoz zot in trouve zot mari joli nu suppose interesse r zot. Non fiiiiii ban la route badia koki nu pa la dan.. To mari li zoli pu tw pa pu nu🤣🤣🤣🤣 alors ramasse to problem kot tw. Pa include nu ladan. Merci,Ah Seigneur! Ki nu pa truve dans sa Moris la. Zot pense akoz zot inn truve zot mari joli nu suppose interese ar zot. Non tifi bann la route badia koki nu pa ladan.. To mari li zoli pu twa pa pu nu🤣🤣🤣🤣 alors ramasse to problem kot twa. Pa include nu ladan. Merci.,"Ah Seigneur, ki nu pa truve dans sa Moris la. Zot pense akoz zot inn truve zot mari joli nu suppose interes ar zot. Non tifi bann la route badia koki nu pa ladan.. To mari li zoli pu twa pa pu nu🤣🤣🤣🤣 alors ramasse to problem kot twa. Pa includ",0.08015267175572519,0.12962962962962962,False,punctuation_error;capitalization_error;spacing_error;missing_word_error
test,"[NAME], to p penser to p zwer cod??","[NAME], to pe pense to pe zwe cod??","[NAME], to pe pense to pe zwe code??",0.02857142857142857,0.125,False,capitalization_error;spacing_error
test,Courage a la familles toulejr accident lor nous la route pa facile,"Courage à la famille. Tulezur accident lor nous la route, pa facile.",Courage à la famille. Tulezur accident lor nous la route pa facile.,0.014705882352941176,0.08333333333333333,False,punctuation_error;spacing_error
test,Janvier 2026 fek coumanse accident lor accident... Sa. Montre ki car mem applique permis à point.. Sa pa pou change nanien.. Sinon mes sympathies à toutes ses famille😥,"Janvier 2026 fek komans, accident lor accident... Sa. Montre ki karmem applique permis à point.. Sa pa pu change nanyin.. Sinon mes sympathies à toutes ses famille.😥",Janvier 2026 fek komans accident lor accident... Sa montre ki car mem applique permis à point.. Sa pa pu change nanyin.. Sinon mes sympathies à toutes ses famille.😥,0.030303030303030304,0.18518518518518517,False,punctuation_error;capitalization_error;spacing_error;extra_word_error
test,Bon courage les enfants pour le [NAME] et hsc results,Bon courage! Les enfants pour le rezilta SC et HSC results.,Bon courage les enfants pour le [NAME] et HSC results.,0.2033898305084746,0.36363636363636365,False,punctuation_error;capitalization_error;spacing_error;missing_word_error
test,Suspect… gros palto p voyage 🧳,Suspect… gros palto pe voyage.🧳,Suspect… gros palto pe voyage. 🧳,0.03225806451612903,0.4,False,spacing_error;extra_word_error
test,Top net il faut bien plus que sa pas juste au moment de la fête pense que on roule tout le jours,Top net! Il faut bien plus que sa pas just au moment de la fête pense que on roule tu le jours.,"Top net, il faut bien plus que sa pas just au moment de la fête. Pense que on roule tulezur.",0.09473684210526316,0.3181818181818182,False,punctuation_error;capitalization_error;spacing_error;missing_word_error
test,Haut grader la so parents pa ti met nom avec li commissaire de police bizin suspend ce kin don instruction pou fer sa travail la tou le jour esperon la police a dir camera safe city pan record nenrien,Haut gradé la so parents pa ti met nom avec li? Commissaire de police bizin suspend se kinn donne instruction pu fer sa travail la tulezur. Esperons la police a dir camera safe city pann record nanyin.,Haut gradé la so parents pa ti met nom avec li. Commissaire de police bizin suspend seki non instruction pu fer sa travail la tulezur. Esperons la police a dir camera safe city pann record nanyin.,0.03482587064676617,0.10810810810810811,False,punctuation_error;capitalization_error;spacing_error;missing_word_error
test,Quand 🤡dire li pour met permi a point touts les jour ena mort lor la route chaufer pas p per permi a point missier 🤡nek pas 1 la loa quand ou fair 1 accident et qui ou entort 10 prison direct ni ou pour gagne caution ou guet couma chaufer dresse,Quand 🤡dire li pour met permis a point. Tulezur ena mort lor la route. Chauffeur pas pe per permis a point misye 🤡nek pas 1 la loa quand ou fer 1 accident et qui ou antor 10 prison direct. Ni ou pour gagne caution. Ou get kuma chauffeur dresse.,"Quand 🤡dire li pour met permis a point tulezur ena mort lor la route. Chauffeur pas pe per permis a point misye 🤡nek pas 1 la loa. Quand ou fer 1 accident et qui ou antor 10 prison direct ni ou pour gagne caution, ou get kuma chauffeur dresse.",0.03278688524590164,0.16326530612244897,False,punctuation_error;capitalization_error;spacing_error
test,4 credit corek sa monter meme sa,"4 credit, korek sa monte mem sa.","3 credit korek, sa monte mem sa.",0.09375,0.42857142857142855,False,spacing_error
test,"Van la pe roule vite oui... Mais ene chauffeur bizin cone so vehicle.... Mo ene dimune ki roule camion, loto, bus tout.. Sak vehicle ena so façon roulé.. Ceki pas coné ferme fess.... Ena bann facteur ki sa chauffeur camion la ti bizin prend ene considération.. Par exemple li bizin kapav jugé ki vitesse van la pé vini.. Eski li gagn letemp sorti..? Longueur so vehicle li bizin coné.. Poid so vehicle... Ene loto dans 1 second ou kapav déboucher akoz li pli vif.. Ene camion li pli lourd donc li démarre pli lentemain... Pou mwa.. Chauffeur van la pann réalisé ki cetait ene longue camion.. Linn pensé camion la ti pou gagn letemp sorti... Et chauffeur camion la osi inn fané en pensant ki li gagn letemp sorti et li pann jugé ki van la pé vine vite.... Bann accident ki kapav évité sa.","Van la pe roule vite oui... Mais enn chauffeur bizin kone so vehicle.... Mo enn dimunn ki roule camion, loto, bus tu.. Sak vehicle ena so façon roule.. Seki pas kone ferme fesse.... Ena bann facteur ki sa chauffeur camion la ti bizin prend enn considération.. Par exemple li bizin kapav zize ki vites van la pe vini.. Eski li gagne letan sorti..? Longueur so vehicle li bizin kone.. Poid so vehicle... Enn loto dans 1 second ou kapav déboucher akoz li plis vif.. Enn camion li plis lourd donc li démarre plis lentman... Pu mwa.. Chauffeur van la pann réalisé ki ete enn longue camion.. Linn pense camion la ti pu gagne letan sorti... Et chauffeur camion la osi inn fane en pensant ki li gagne letan sorti et li pann zize ki van la pe vinn vite.... Bann accident ki kapav evite sa.","Van la pe roule vite oui... Mais enn chauffeur bizin kone so vehicle.... Mo enn dimunn ki roule camion, loto, bus tu.. Sak vehicle ena so façon roule.. Seki pas kone ferme fesse.... Ena bann facteur ki sa chauffeur camion la ti bizin prend enn considéra",0.6756410256410257,0.6896551724137931,False,punctuation_error;capitalization_error;spacing_error;missing_word_error
test,Facebook bzznn upgrade bizin laisse nous react bravo labas 😡,"Facebook bizin upgrade, bizin laisse nous react bravo laba. 😡",Facebook bizin upgrade. Bizin laisse nous react. Bravo laba. 😡,0.06557377049180328,0.4,False,punctuation_error;capitalization_error;spacing_error
test,Si reduction lecons priver private coaching = meilleurs % pass SC HSC 👍 mais c’est le contraire,"Si reduction lesson prive private coaching = meilleurs % pass SC, HSC 👍 mais c’est le contraire.",Si reduction lesson prive private coaching = meilleurs % pass SC HSC 👍 mais se le contraire.,0.052083333333333336,0.11764705882352941,False,punctuation_error;capitalization_error;spacing_error
test,"[NAME], wai mais kan yo rest dans ene pays to bizin geuter ki mieux pou pays la","[NAME], wi mais kan to reste dans enn pays to bizin get ki mieux pu pays la.","[NAME], wai mais kan you reste dans enn pays, to bizin get ki mieux pu pays la.",0.05263157894736842,0.17647058823529413,False,punctuation_error;capitalization_error;spacing_error
test,Si ena pu ggn accident pu ggnr mm sa p gaspiy leten ar sa bne zafr la ki p rod mntre lapolice p travail dure 🤣🤣,"Si ena pu gagne accident, pu gagne mem. Sa pe gaspiy letan ar sa bann zafer la ki pe rode montre lapolis pe travail dure. 🤣🤣",Si ena pu gagne accident pu gagne mem sa. Pe gaspiy letan ar sa bann zafer la ki pe rode montre lapolis pe travail dure. 🤣🤣,0.04032258064516129,0.15384615384615385,False,punctuation_error;capitalization_error;spacing_error
test,Moustik p fr cover up lepok COVID si mm zafr apre tan baw 3 cas 1 sel kou apre truV bis lor bis pou ale sers dim lakaz pou fr isolation,Moustik pe fer cover up. Lepok COVID si mem zafer apre tande baw: 3 cas 1 sel kut apre truve bis lor bis pu ale sers dimunn. Lakaz pu fer isolation.,"Moustik pe fer cover up lepok COVID. Si mem zafer apre tande baw 3 cas, 1 sel kut. Apre truve bis lor bis pu ale sers dim, lakaz pu fer isolation.",0.08783783783783784,0.3225806451612903,False,punctuation_error;capitalization_error;spacing_error
test,"[NAME], bro system la ki pas bon chaque 5 ans pas capave change system éducation, plus nu lepok cpe mem nu travail pu passe dans 30 a 35 zefant 2 ou 3 ti pe fail. Demand bane 55 ans a monte zot pu dire ou","[NAME], brother! System la ki pas bon. Chaque 5 ans pas kapav change system éducation. Plus nu lepok CPE mem, nu travail pu passe: dans 30 a 35 zanfan, 2 ou 3 ti pe fail. Demande bann 55 ans a monte, zot pu dire ou.","[NAME], brother, system la ki pas bon chaque 5 ans pas kapav change system éducation, plus nu lepok kapav mem nu travail pu passe dans 30 a 35 zanfan 2 ou 3 ti pe fail. Demande bann 55 ans a monte zot pu dire ou.",0.06976744186046512,0.24444444444444444,False,punctuation_error;capitalization_error;spacing_error
test,Govt ine sanzer cyclone la si ine sanzer,"Guvernman inn sanze, cyclone la si inn sanze.",Guvernman inn sanze cyclone la si inn sanze.,0.022222222222222223,0.125,False,punctuation_error;spacing_error
test,Ta ggot zot lagare la mem la,"Ta gogot, zot lagare lamem la.",Ta gogot zot lagare lamem la.,0.03333333333333333,0.16666666666666666,False,punctuation_error;spacing_error
test,Tonne vieux en esprit... Bizin poser. Laisse pays la tranquille et laisse developments so place,Tonn vieux enn esprit... Bizin poser. Laisse pays la trankil et laisse developments so place.,Tonn vieux en esprit... Bizin poser. Laisse pays la trankil et laisse developments so place.,0.010752688172043012,0.06666666666666667,False,capitalization_error;spacing_error
test,Dir li done moi so uniform et mo motrer li golden rules,Dir li donne moi so uniform et mo montre li golden rules.,Dir li donne moi so uniform et mo motre li golden rules.,0.017543859649122806,0.08333333333333333,False,capitalization_error;spacing_error
test,"Boss, ou loto p fer MUR 10 par KM - Ki machine ha Boss? Kombien cc sa? Surment 1 KIA saa.","Boss, ou loto pe fer MUR 10 par KM - Ki machine ha boss? Kombien cc sa? Surment 1 KIA sa.","Boss, ou loto pe fer MUR 10 par KM - Ki machine ha Boss? Komie CC sa? Surement 1 KIA sa.",0.06741573033707865,0.19047619047619047,False,capitalization_error;spacing_error
test,La coz permi a point 1er mort,"Akoz permis a point, 1er mort.",Lakoz permis a point 1er mort.,0.1,0.3333333333333333,False,punctuation_error;capitalization_error;spacing_error
test,"La loi exister pou tout dinoune ki mineure ou majeure chacun bizin respecter ban mineurs pe gagné trop bokou liberté faire ce ki zot envi, nepli ena moral éthique, respect, si zot le vivre la vie adulte zot bizin condamner kouma adult c'est simple. Auvlieu apren pou kapav servi le pays plus tard pe zouer are l'avenir, ça même perna nurse, docteur, policiers et autre dans moris après bizin importe étrangers, ile pou nepli ena morisiens pou diriger ou dans ban poste haut gradé","La loi existe pu tu dimunn ki mineure ou majeure. Chacun bizin respecte bann mineurs. Pe gagne trop buku liberté faire seki zot anvi, nepli ena moral éthique, respect. Si zot lei viv lavi adulte, zot bizin kondann kuma adult c'est simple. Olye aprann pu kapav servi le pays plus tard pe zwe ar l'avenir, sa même pena nurse, docteur, policiers et autre dans Moris après bizin importe étrangers. Lil pu nepli ena Morisien pu diriger ou dans bann poste haut gradé.","La loi existe pu tu dinoune ki mineure ou majeure chacun bizin respecte bann mineurs pe gagne trop buku liberté faire seki zot anvi. Nepli ena moral éthique, respect, si zot le viv lavi adulte zot bizin kondann kuma adult c'est simple. Ovelieu aprann pu",0.47288503253796094,0.5975609756097561,False,punctuation_error;capitalization_error;spacing_error;missing_word_error
test,"[NAME], mari high time enkor zot p attann gard mor lerla","[NAME], mari high time ankor. Zot pe atann garde mort lerla.","[NAME], mari high time ankor zot pe atann garde mort lerla.",0.03333333333333333,0.18181818181818182,False,punctuation_error;capitalization_error;spacing_error
test,5 credits vin 3 credits astr ki pu fer,5 credits vinn 3 credits aster. Ki pu fer?,5 credits vinn 3 credits aster ki pu fer?,0.047619047619047616,0.2222222222222222,False,punctuation_error;capitalization_error;spacing_error
test,Kan ggn toi ek l'alcool ou la drogue lor volant pas bizin ki to fer accident ou ena mort d'homme nanier sa couma ggn toi ti bizin fermé mm et pas done caution nanier bez toi fermer pou 3mois minimum ou geté si kiken ti pou boire ou droguer condire ene seul coup ti pou fini sa zafer la la lois trop en kk dans sa moris la,"Kan gagne toi ek l'alcool ou la drogue lor volant, pas bizin ki to fer accident ou ena mort d'homme nantyin sa, kuma gagne toi ti bizin ferme mem et pas donne caution nanyin. Bez toi ferme pu 3 mois minimum ou get si kiken ti pu boire ou droguer kondir. Enn seul kut ti pu fini sa zafer la, la lois trop en kaka dans sa Moris la.",Kan gagne toi ek l'alcool ou la drogue lor volant pas bizin ki to fer accident ou ena mort d'homme nanyin sa. Kuma gagne toi ti bizin ferme mem et pas donne caution nanyin. Bez toi ferme pu 3 mois minimum. Ou get si kiken ti pu boire ou droguer konduire e,0.24316109422492402,0.36231884057971014,False,punctuation_error;capitalization_error;spacing_error;missing_word_error
test,"[NAME], tone confirme moi ki ena bokou dimoune deranzer dan sa pays la zot la tet pa p bon ban danger public sa 🫩","[NAME], tonn confirme moi ki ena buku dimunn deranzer dan sa pays la. Zot latet pa pe bon. Bann danger public sa. 🫩","[NAME], tonn konfirme moi ki ena buku dimunn deranz dan sa pays la. Zot latet pa pe bon bann danger public sa. 🫩",0.043478260869565216,0.17391304347826086,False,punctuation_error;capitalization_error;spacing_error
test,Negligence parentale bien triste sa bizin donne zot ene bon punition pour sa pa repeter,Negligence parentale. Bien triste sa. Bizin donne zot enn bon punition pour sa pa repeter.,Negligence parentale bien triste sa. Bizin donne zot enn bon punition pour sa pa repeter.,0.022222222222222223,0.13333333333333333,False,punctuation_error;capitalization_error;spacing_error
test,Si pe tire canard la bas ca ve dire bizin tire angui poissons zako zozo ek dimoun aussi eski zote fine déjà analyz delo gange en inde sa même delo plis pollué dans le monde pe zette cadav dan gange,"Si pe tire canard laba, sa vdire bizin tire angui, poissons, zako, zozo ek dimunn aussi. Eski zot finn déjà analiz dilo gagne en Inde? Samem dilo plis pollué dans le monde. Pe zet cadav dan gange.","Si pe tire canard laba, sa vdire bizin tire angui, poissons, zako, zozo ek dimunn aussi. Eski zot finn déjà analiz dilo gagne en Inde, samem dilo plis pollué dans le monde pe zet cadav dan gange?",0.025510204081632654,0.13513513513513514,False,punctuation_error;capitalization_error;spacing_error
test,3 credit dans content fer aranz 1 la chambre dan classe la mem zot rester,3 credit dans kontan. Fer aranz 1 la chambre dan classe lamem zot reste.,3 credit dans kontan fer aranz. 1 la chambre dan classe lamem zot reste.,0.041666666666666664,0.21428571428571427,False,capitalization_error;spacing_error
test,Travaille ggne largent apart ou salaire ki Allah in done ou dire mercies pas rod plis,Travaille gagne larzan apart ou salaire ki Allah inn donne ou dire mercies pas rode plis.,Travail gagne larzan apart ou salaire ki Allah inn donne ou dire. Mercies pas rode plis.,0.0449438202247191,0.1875,False,punctuation_error;capitalization_error;spacing_error
test,Mo dman mooi sa bne kine sipoze pren leçon ek li la eski zt ine ggn kass plis ki li ou bien non parski tout le temps limem ki plis kass ki zt,Mo demande moi sa bann kinn sipoze pran leçon ek li la eski zot inn gagne kas plis ki li ou bien non? Parski tu letan limem ki plis kas ki zot.,Mo demande moi sa bann kinn sipoze pran leçon ek li la. Eski zot inn gagne kas plis ki li ou bien non? Parski tu letan limem ki plis kas ki zot.,0.013986013986013986,0.0625,False,punctuation_error;capitalization_error;spacing_error
test,madam arret prn par ou pitiii li pa bon mercii🤷🏻‍♀️,"Madam, aret pran par ou piti li pa bon. Merci.🤷🏻‍♀️","Madam, aret pran par ou piti. Li pa bon merci.🤷🏻‍♀️",0.0784313725490196,0.4,False,capitalization_error;spacing_error
test,Loto ena garage pena 🤣🤣🤣🤣🤣🤣🤣🤣🤣🤣Ki laroute,"Loto ena, garage pena 🤣🤣🤣🤣🤣🤣🤣🤣🤣🤣ki la route?",Loto ena garage pena. 🤣🤣🤣🤣🤣🤣🤣🤣🤣🤣Ki la route?,0.06818181818181818,0.42857142857142855,False,punctuation_error;capitalization_error;spacing_error
test,Linde ti bizin met confinement enpes dimoun voyagé parski li bien grave la bizin pa blier komier dimoun ine mort ar covid,"L'Inde ti bizin met confinement, enpes dimunn voyage parski li bien grave la. Bizin pa bliye komie dimunn inn mort ar Covid.",Linde ti bizin met confinement enpes dimunn voyage parski li bien grave la. Bizin pa bliye komie dimunn inn mort ar Covid.,0.024193548387096774,0.09090909090909091,False,punctuation_error;capitalization_error;spacing_error
test,Pou. baise cash,Pu bez cash.,Pu bese cash.,0.16666666666666666,0.3333333333333333,False,capitalization_error;spacing_error
test,N stresse p trappe moi baaap koi kil en soit mo garcon ine donne tou pou sa exams la bane zenfants peut importe ki arrivé pa baisse les bras pren n cours fer zot lavenir pa atane dimoune faire pou zot,"Enn stress pe trape moi bap! Koi kil en soit mo garcon inn donne tu pu sa exams la. Bann zanfan peut importe ki arrive pa bese les bras, pran enn cours fer zot lavenir pa atann dimunn faire pu zot.",Enn stresse pe trape moi baap. Koi kil en soit mo garson inn donne tu pu sa exams la. Bann zanfan peut importe ki arrive. Pa bese les bras pran enn cours. Fer zot lavenir pa atann dimunn faire pu zot.,0.04568527918781726,0.1951219512195122,False,punctuation_error;capitalization_error;spacing_error
test,𝑭𝒊𝒏𝒊 𝒕𝒊𝒓𝒆́ 𝒔𝒂 𝒏𝒐 𝒘𝒂𝒓𝒏𝒊𝒏𝒈 𝒛𝒕 𝒆𝒏𝒓𝒆𝒕𝒂𝒓𝒅🤣🤣🤣🤣,"𝑭𝒊𝒏𝒊 𝒕𝒊𝒓𝒆e 𝒔𝒂 𝒏𝒐 𝒘𝒂𝒓𝒏𝒊𝒏𝒈, 𝒛o𝒕 𝒆𝒏𝒓𝒆𝒕𝒂𝒓𝒅.🤣🤣🤣🤣",𝑭𝒊𝒏𝒊 𝒕𝒊𝒓𝒆 𝒔𝒂 𝒏𝒐 𝒘𝒂𝒓𝒏𝒊𝒏𝒈 𝒛𝒕 𝒆𝒏𝒓𝒆𝒕𝒂𝒓𝒅🤣🤣🤣🤣,0.09302325581395349,0.5714285714285714,False,punctuation_error;capitalization_error;spacing_error
test,Copy paste apart sa action nil des zot parte incompetent kumence dpuis la haut vini p couler kuma titanic laise place bane jeune dow matlo,"Copy paste, apart sa action nil des zot parte. Incompetent komans depi la haut vini, pe koule kuma Titanic. Laisse place bann jeune dow matlo.",Copy paste apart sa action. Nil des zot parte incompetent komans depi la haut vini pe koule kuma Titanic. Laisse place bann jeune dow matlo.,0.04225352112676056,0.24,False,punctuation_error;capitalization_error;spacing_error
test,Pas seulement fromage gato piments aussi,Pas seulement fromage. Gato piments aussi.,Pas seulement fromage gato piments aussi.,0.047619047619047616,0.3333333333333333,False,punctuation_error;capitalization_error;spacing_error
test,Merit 1 robot la akoz sa barage la sofer van la osi ki vitess ti p vini,Merit 1 robot la akoz sa baraz la sofer van la osi ki vites ti pe vini.,Merite 1 robot la akoz sa baraz la. Sofer van la osi ki vites ti pe vini.,0.04225352112676056,0.17647058823529413,False,punctuation_error;capitalization_error;spacing_error
test,its all about our familly and kids take it seriously plz si ena pou met lockdown meter,It's all about our familly and kids. Take it seriously please. Si ena pu met lockdown met.,Its all about our familly and kids. Take it seriously please. Si ena pu met lockdown met.,0.011111111111111112,0.058823529411764705,False,spacing_error
test,Pa kit li madame tank ki li tire ou la vie rest avk li mem,"Pa kite li madame tank ki li tire ou lavi, reste avek limem.","Pa kite li madame, tank ki li tire ou lavi. Reste avek limem.",0.05,0.23076923076923078,False,punctuation_error;capitalization_error;spacing_error
test,"Sunday times, to ekrire inspecteur selma to met photo sergent. 1 lot zournal p dir en trainee police constable. Which is which mari sa zot ekrir seki pass dan zot latete, pa verifié narien","Sunday Times, to ekrir inspecteur selma to met photo sergent. 1 lot zournal pe dir enn trainee police constable. Which is which? Mari sa! Zot ekrir seki pass dan zot latet, pa verifié nanyin.","Sunday Times, to ekrir inspecteur selma to met photo sergent. 1 lot zournal pe dir en trainee police constable. Which is which? Mari sa zot ekrir seki passe dan zot latet, pa verifié nanyin.",0.020942408376963352,0.11764705882352941,False,punctuation_error;capitalization_error;spacing_error
test,Ey arete fr boufon dow matlo apres ki pu tirer ban poissson ki ena dan lac sacrer,"Ey aret fer boufon dow matlo, apre ki pu tire bann poissson ki ena dan lac sacre.","Ey, aret fer boufon dow matlo. Apre ki pu tire bann poisson ki ena dan lac sacrer.",0.06172839506172839,0.29411764705882354,False,punctuation_error;capitalization_error;spacing_error
test,Hiver airconde bon ete casser tou cou mm zistoire,"Hiver, aircon bon. Ete, kase tukut. Mem zistwar.",Hiver aircon bon ete. Kase tukut mem zistwar.,0.14583333333333334,0.75,False,punctuation_error;capitalization_error;spacing_error
test,"Pou dokter, nurse, infirmiers ek gateman pas bourrey asoir.....","Pu dokter, nurse, infirmiers ek gateman pas boure asoir.....","Pu docteur, nurse, infirmiers ek gateman pas boure aswar.....",0.06666666666666667,0.2222222222222222,False,capitalization_error;spacing_error
test,"[NAME], kan pa kone servi fizi avek balle servi fizi delo to trouver la to p bizin dormi dan lopital 1 grand kumensment lannée🤣","[NAME], kan pa kone servi fizi avek balle, servi fizi dilo. To truve la: to pe bizin dormi dan lopital, 1 grand kumensman lannée. 🤣","[NAME], kan pa kone servi fizi avek balle, servi fizi dilo. To truve la to pe bizin dormi dan lopital 1 grand komansment lannée.🤣",0.05343511450381679,0.2,False,punctuation_error;capitalization_error;spacing_error;missing_word_error
test,"[NAME], li p vine pareil intel ti akapare show lot fois la ein 🤣🤣","[NAME], li pe vinn pareil intel ti akapar show lot fois la ein. 🤣🤣","[NAME], li pe vinn pareil. Intel ti akapare show lot fois la ein. 🤣🤣",0.045454545454545456,0.21428571428571427,False,punctuation_error;capitalization_error;spacing_error
test,Boug la ine aret sorti dans so la kaze Tend dire li confiner,Boug la inn aret sorti dans so lakaz. Tande dire li confiner.,Boug la inn aret sorti dans so lakaz. Tande dire li confine.,0.01639344262295082,0.08333333333333333,False,capitalization_error;spacing_error
test,Courtoisie nepli ena la route pou site cote faire ce zote content,Courtoisie nepli ena. La route pu site. Kot faire se zot kontan.,Courtoisie nepli ena la route pu site. Kot faire se zot kontan.,0.03125,0.16666666666666666,False,punctuation_error;capitalization_error;spacing_error
test,"[NAME], fameux 146, mo pensé c'est n centre d'appel est pa pou prend personel médical pou met travail la dans, ti pou intéressant konai ki sana p travail dans sa centre la, ske pane créé sa pou place zot dimoune?","[NAME], fameux 146: mo pense c'est enn centre d'apel est pa pu prend personel médical pu met travail ladan. Ti pu intéressant kone ki pe travail dans sa centre la, seki pann créé sa pu place zot dimunn?","[NAME], fameux 146, mo pense c'est enn centre d'apel est pa pu prend personel médical pu met travail ladan, ti pu intéressant kone kisanla pe travail dans sa centre la, seki pann créé sa pu place zot dimunn?",0.039603960396039604,0.10526315789473684,False,punctuation_error;capitalization_error;spacing_error
test,No Ah get en kout 😣🤣,Nu ava get enn kut.😣🤣,"No ah, get enn kut. 😣🤣",0.19047619047619047,0.8,False,punctuation_error;capitalization_error;spacing_error;extra_word_error
test,"Li bien grave sa ENA risk tsunami, Dieu vous protège 🙏","Li bien grave sa ena risk tsunami, Dieu vous protège. 🙏","Li bien grave sa. Ena risk tsunami, Dieu vous protège. 🙏",0.03636363636363636,0.18181818181818182,False,punctuation_error;capitalization_error;spacing_error
test,Bon dieu ramasse [NAME] rane nous [NAME] stp,Bondieu ramasse [NAME] rande nous [NAME] stp.,"Bondieu ramasse [NAME], rande nous [NAME] stp.",0.022222222222222223,0.14285714285714285,False,punctuation_error;spacing_error
test,Si apres 1 ans in fer sa planing la.. Sa vedir apres 2 ans ki travail la pu coumanser🥱,Si apre 1 ans inn fer sa planning la.. Sa vedir apre 2 ans ki travail la pu komans.🥱,Si apre 1 ans inn fer sa planing la.. Sa vedir apre 2 ans ki travail la pu komans.🥱,0.011904761904761904,0.05263157894736842,False,capitalization_error;spacing_error
test,Zt coner Pa necessaire met alliance Ena acte mariaz pu prouver zt married ek sa prix la ki kantité kitsoz zt kpv fr Investi dan lor plito ki asté bizou Ou pli gagnant 😉,"Zot kone pa neseser met alliance. Ena acte mariaz pu prouve zot married. Ek sa prix la ki kantite kitsoz zot kapav fer. Investi dan lor plito ki aste bizou, ou pli gagnant. 😉",Zot kone pa neseser met alliance. Ena acte mariaz pu prouve zot married ek sa prix la. Ki kantite kitsoz zot kapav fer? Investi dan lor plito ki aste bizou ou plis gagnant. 😉,0.040229885057471264,0.20588235294117646,False,punctuation_error;capitalization_error;spacing_error
test,Hey met veille de fort pluie 1 merd pa p kave srti dan lakz pu ale travail,"Hey, met veille de fort pluie 1 merd pa pe kapav sorti dan lakaz pu ale travail.","Hey, met veille de fort pluie. 1 merd pa pe kapav sorti dan lakaz pu ale travail.",0.0125,0.058823529411764705,False,punctuation_error;spacing_error
test,DIR to Galant Navin Paul Arvind repond,"Dir to galant Navin, Paul, Arvind repond.","Dir to galant Navin, Paul Arvind reponn.",0.04878048780487805,0.2857142857142857,False,punctuation_error;spacing_error
test,#eyeforeye lever morisien prend la loi dan zot lamain governma opposition la loi et la police pa la pou toi prend la loi dan ou la main,"#eyeforeye leve Morisien. Prend la loi dan zot lamain. Guvernman, opposition, la loi et la police pa la pu toi. Prend la loi dan ou la main.",#eyeforeye leve. Morisien prend la loi dan zot lamain. Guvernman opposition la loi et la police pa la pu toi prend la loi dan ou la main.,0.05,0.25925925925925924,False,punctuation_error;capitalization_error;spacing_error
test,"Guet bien, van la p flash chauffeur la, dapres mo l’expérience, chauffeur camion la ine pense li p dire li aller, mais dan sa cas la chauffeur la p dire li pas sorti akoz mo p vine tres vite","Get bien, van la pe flash chauffeur la. Dapre mo l’expérience, chauffeur camion la inn pense li pe dire li ale mais dan sa cas la chauffeur la pe dire li pas sorti akoz mo pe vinn tre vite.","Get bien, van la pe flash chauffeur la, dapre mo l’expérience, chauffeur camion la inn pense li pe dire li ale, mais dan sa cas la chauffeur la pe dire li pas sorti akoz mo pe vinn tre vite.",0.015873015873015872,0.07692307692307693,False,punctuation_error;capitalization_error;spacing_error
test,Mais bon ridicule tue mais alle faire l’école alle apprend bouge toi chanter assez gâte sa limage mauricien la. Ou sois alle faire star académie,"Mais bon, ridicule tue. Ale fer l’école, ale aprann, bouge to, chante. Assez gâte sa zimaz Mauricien la. Ouswa ale fer star académie.","Mais bon ridicule tue. Mais ale faire l’école, ale aprend, bouge toi, chante. Assez gâte sa zimaz Mauricien la. Ouswa ale faire star académie.",0.12030075187969924,0.30434782608695654,False,punctuation_error;capitalization_error;spacing_error;extra_word_error
test,Kan pou re arete wendip caca partou,"Kan pu re aret wendip, kaka partu.",Kan pu re aret? Wendip kaka partu.,0.08823529411764706,0.2857142857142857,False,punctuation_error;capitalization_error;spacing_error
test,Monn gagne alzheimer's monn gagne alzheimer's devwar pu cp li bizin ekrier sa trwa fois sinon li pu bliyer tou,"Mon gagne Alzheimer's. Mon gagne Alzheimer's. Devwar pu CP li bizin ekrir sa trwa fois, sinon li pu bliye tu.","Mon gagne Alzheimer's, mon gagne Alzheimer's devwar pu CP. Li bizin ekrir sa trwa fois sinon li pu bliye tu.",0.06422018348623854,0.35,False,punctuation_error;capitalization_error;spacing_error
test,"[NAME], 17 and madame li grand più al travail. Malheur partous enan. Li ti pe trasse so la vie","[NAME], 17 ans. Madame li grand pu ale travail. Malheur partu ena. Li ti pe trasse so lavi.","[NAME], 17 and madame, li grand pu ale travail. Malheur partu ena. Li ti pe trasse so lavi.",0.04395604395604396,0.1111111111111111,False,punctuation_error;capitalization_error;spacing_error
test,Bien dire sa monsieur.. Aster dimoune zot pna pitié ni respect pour les travaille des autres.. Pna sous métiers.. Ban dimoune ki faire sauvage bein remettre ordures la dans zot la cœurs mem laisse zot senti zot caca... Respect un peu respect pour ns ban eboueurs svp si zot ena l'éducation.,Bien dire sa monsieur.. Aster dimunn zot pena pitié ni respect pour les travail des autres.. Pena sous métiers.. Bann dimunn kifer sauvage bein remettre ordures ladan zot la cœurs mem laisse zot senti zot kaka..... Respect un peu respect pour nu bann eboueurs svp si zot ena l'éducation.,Bien dire sa monsieur.. Aster dimunn zot pena pitié ni respect pour les travail des autres.. Pena sous métiers.. Bann dimunn kifer sauvage bein remettre ordures ladan zot laker mem laisse zot senti zot kaka... Respect un peu respect pour nu bann eboueur,0.1254355400696864,0.1836734693877551,False,punctuation_error;capitalization_error;spacing_error;missing_word_error
test,LESS TOMBER CAMARADE FER ZOT TRAVAY PEY ZOT POU SA MONTER KI ZOT PE TRAVAY AVEC ENN DITHE BHAJIA SAMOUSA DAN BIRO KAAN PAK GAL,"LESS TOMBE CAMARADE, FER ZOT TRAVAIL. PEYE ZOT PU SA MONTE KI ZOT PE TRAVAIL AVEC ENN DITHE, BHAJIA, SAMOUSA DAN BIRO. KAAN PAK GAL.",LESS TOMBE CAMARADE. FER ZOT TRAVAIL PEYE ZOT PU SA MONTE KI ZOT PE TRAVAIL AVEC ENN DITHE BHAJIA SAMOUSA DAN BIRO KAAN PAK GAL.,0.03787878787878788,0.2,False,punctuation_error;spacing_error
test,Moricien in vine expert lor comments li paraitre tous ki pe cause sans preuve zot ti labas sa ler la ou zot complice vive expert molisien,"Morisien inn vinn expert lor comments. Li paret tu ki pe cause sans preuve. Zot ti laba sa ler la, ou zot complice? Viv expert Morisien.",Morisien inn vinn expert lor comments. Li paret tu ki pe cause sans preuve. Zot ti laba sa ler la ou zot complice. Viv expert Morisien.,0.014705882352941176,0.07692307692307693,False,punctuation_error;spacing_error
test,"[NAME], pa pu ena sanzmemt tanq sa ban dinosaurs la o pouvoir blier sa pu ena vrai sanzmemt kan pu ena lot zeneration","[NAME], pa pu ena sanzmemt tanq sa bann dinosaurs la o pouvoir bliye sa. Pu ena vrai sanzmemt kan pu ena lot zeneration.","[NAME], pa pu ena sanzmem tank sa bann dinosaurs la o pouvoir bliye sa pu ena vrai sanzmem kan pu ena lot zeneration.",0.041666666666666664,0.21739130434782608,False,punctuation_error;capitalization_error;spacing_error
test,"[NAME], excuse moi mais tu connais pas la situation arrête vin met ban commentaire n’importe pas zot pas kné dans ki circonstances in arrive sa zot juste derrière ene l’écran p juger","[NAME], excuse moi. Mais tu kone pas la situation: aret vinn met bann commentaire enn'importe. Zot pa kone dan ki sirkonstans inn arrive sa. Zot zis derrière enn l’écran pe juger.","[NAME], excuse moi mais tu kone pas la situation. Aret vinn met bann commentaire. N’importe pas zot pas kone dans ki circonstances inn arrive sa, zot just derrière enn l’écran pe juger.",0.13966480446927373,0.45161290322580644,False,punctuation_error;capitalization_error;spacing_error;extra_word_error
test,"Ladrogue ek ena p sorti pa mem chek zot, zot ena zot dimoune ki fr zot sorti, sa zot pa guete sa","Ladrog ek ena pe sorti pa mem chek zot, zot ena zot dimunn ki fer zot sorti, sa zot pa get sa.","Ladrog ek ena pe sorti pa mem chek zot. Zot ena zot dimunn kifer zot sorti, sa zot pa get sa.",0.031914893617021274,0.18181818181818182,False,punctuation_error;capitalization_error;spacing_error;missing_word_error
test,Enfin grand merci reusi decouver sa,Enfin grand merci resi decouver sa.,"Enfin, grand merci resi decouver sa.",0.02857142857142857,0.16666666666666666,False,punctuation_error;spacing_error
test,Sa zes zot pe faire alheurment zot pou ment quitchoses dans super marche le peuple aret dormie. Wake up for your right,"Sa zess zot pe faire, alerman zot pu met kitsoz dans sipermarket. Le peuple, aret dormie! Wake up for your right.","Sa zess zot pe faire, alerman zot pu met kitsoz dans sipermarket. Le peuple aret dormie. Wake up for your right.",0.017699115044247787,0.09523809523809523,False,punctuation_error;spacing_error
test,"[NAME], nou nou pu rest tujur p trimé pu pey loyer a high price.. dépasse nou budget.. mange a moitié ventre..","[NAME], nu nu pu reste tuzur pe trime pu pey loyer a high price.. dépasse nu budget.. manze a moitié ventre..","[NAME], nu nu pu reste tuzur pe trime pu peye loyer a high price.. dépasse nu budget.. manze a moitié ventre..",0.009174311926605505,0.047619047619047616,False,capitalization_error;spacing_error
test,Bizin bour pln la ferme li permi soter loto sezi😡😡,"Bizin boure pilon la ferme li: permis saute, loto sezi.😡😡","Bizin boure pilon la ferme li permis saute, loto sezi.😡😡",0.017543859649122806,0.1,False,punctuation_error;spacing_error
test,Kan tire sabre ek lapolice bizin tire revolver lor lipied sinon lezot pour fer pareil,"Kan tire sabre ek lapolis bizin tire revolver lor lipied, sinon lezot pour fer pareil.","Kan tire sabre ek lapolis, bizin tire revolver lor lipied sinon lezot pour fer pareil.",0.023255813953488372,0.13333333333333333,False,spacing_error
test,Bnla ind prend pou gopia ale rempli lettre transfer apres narien pne fer fiasco,"Banla inn prend pu gopia, ale rempli lettre transfer apre nanyin pann fer. Fiasco.",Banla inn prend pu gopia ale rempli lettre transfer apre nanyin pann fer fiasco.,0.036585365853658534,0.21428571428571427,False,punctuation_error;capitalization_error;spacing_error
test,Dpi kan zot travail 24/7👀 🤔 3/4 letmp kan t aler doctor mm pna,Depi kan zot travail 24/7.👀 🤔 3/4 letan kan to ale doctor mem pena.,Depi kan zot travail 24/7👀 🤔 3/4 letan kan to ale doctor mem pena.,0.014925373134328358,0.07142857142857142,False,punctuation_error;spacing_error
test,Zis volere legumes bonbon chocolat banne bricol etc sa zot met nom dimoune la si kokain gros som largent no name volere la pa declarez,"Zis voler legim, bonbon, chocolat, bann bricol, etc. Sa zot met nom dimunn la si kokin gros som larzan: no name. Voler la pa deklare.","Zis voler legim, bonbon chocolat, bann bricol etc sa. Zot met nom dimunn la si kokin gros som larzan, no name, voler la pa deklare.",0.06766917293233082,0.32,False,punctuation_error;capitalization_error;spacing_error
test,Svp eski kpav retire sa ban ceki dans parlement la aussi??,"Svp, eski kapav retire sa bann seki dans parlement la aussi??",Svp eski kapav retire sa bann seki dans parlement la aussi??,0.01639344262295082,0.09090909090909091,False,punctuation_error;spacing_error
test,P badiner dans lheure travail bal pas sorti par li tt sel,Pe badine dans ler travail. Bal pas sorti par li tousel.,Pe badine dans ler travail. Bal pas sorti par li tusel.,0.017857142857142856,0.09090909090909091,False,capitalization_error;spacing_error
test,"Al ramass 1pè gandia kine saisie al fair donation tou seki envi fimè fimè ankor p travail em, simik 100 pou reste vandè em, travail reflèchi 2028 to gayn proposition 2029 to reflèchi enkor 2030 to ankor dèbatè em","Ale ramasse enpe gandia kinn saisie. Ale fer donation tu seki anvi fime fime ankor pe travail mem, simik 100 pu reste vande mem, travail reflechi 2028 to gagne proposition 2029 to reflechi ankor 2030 to ankor debate mem.","Ale ramasse 1 pe gandia kinn saisie ale fer donation tu seki anvi fime fime ankor pe travail mem, simik 100 pu reste vande mem. Travail reflechi 2028 to gagne proposition 2029 to reflechi ankor 2030 to ankor debate mem.",0.02727272727272727,0.15384615384615385,False,punctuation_error;capitalization_error;spacing_error;extra_word_error
test,Pas capave soigne so zenfan fine rode la vie moris ey madame tourn page gagne nausée ecoute ou tous maman jamais pas accepter zotte garçon faire crime la presse manque travail coz avec banne nimporte🙄🙄🙄🙄,"Pas kapav soigne so zanfan, finn rode lavi Moris. Ey madame, tourne page. Gagne nausée ekut ou. Tu maman jamais pas accepte zot garçon faire crime. La presse manque travail, koze avec bann nerport. 🙄🙄🙄🙄","Pas kapav soigne so zanfan finn rode lavi Moris. Ey madame, tourne page, gagne nausée, ekut ou tu maman. Jamais pas accepte zot garçon, faire crime, la presse, manque travail, koze avec bann nerport.🙄🙄🙄🙄",0.06435643564356436,0.4,False,punctuation_error;capitalization_error;spacing_error;missing_word_error
test,"[NAME], travail ene zour dan lopital public avant to jazer","[NAME], travail enn zur dan lopital public avant to zaze.","[NAME], travail enn zur dan lopital public avant to jazer.",0.03508771929824561,0.1,False,capitalization_error;spacing_error
test,La dimoun innocent inn gagne bezé capave mort tout ar la cide ena zenfant p assigé tout pas facile sa,"La dimunn innocent inn gagne bez, kapav mort tu ar lasid ena zanfan pe asize tu pas facile sa.",La dimunn innocent inn gagne bez. Kapav mort tu ar la cide. Ena zanfan pe assigne tu. Pas facile sa.,0.1276595744680851,0.42105263157894735,False,punctuation_error;capitalization_error;spacing_error;extra_word_error
test,"[NAME], jour fortes pluies la li tir avis veille lassi....😉😀","[NAME], jour fortes pluies la li tire avis veille lasi....😉😀","[NAME], jour fortes pluies la, li tire avis veille lasi....😉😀",0.016666666666666666,0.1,False,punctuation_error;spacing_error
test,"[NAME], s'il vous plaît apran respectè malheur les autres zordi sa famille p souffer demain li capave ou si perna compassion pou ou prochain pas cozè souflè merci de ou compréhension","[NAME], s'il vous plaît aprann respekte malheur lezot. Zordi sa famille pe sufer. Demain li kapav ou. Si pena compassion pu ou prosin, pa koze soufle. Merci de ou compréhension.","[NAME], s'il vous plaît aprann respect malheur les autres. Zordi sa famille pe souffer demain li kapav ou. Si pena compassion pu ou prochain pas koze soufle. Merci de ou compréhension.",0.1016949152542373,0.23333333333333334,False,punctuation_error;capitalization_error;spacing_error;extra_word_error
test,Kan to fini tir zt pas blier you are next🙉🙊🙈,"Kan to fini tire zot, pas bliye you are next.🙉🙊🙈",Kan to fini tire zot pas bliye you are next.🙉🙊🙈,0.020833333333333332,0.1,False,punctuation_error;spacing_error
test,"[NAME], dans nous lepok pa ti ena sa to rapel fat","[NAME], dans nous lepok pa ti ena sa to rapel fat","[NAME], dans nous lepok pa ti ena sa, to rapel fat.",0.04081632653061224,0.18181818181818182,False,punctuation_error;spacing_error
test,Attend c'est lui qui jouer dans trioco Taiii ena Bez la!!,"Attend c'est lui qui jouer dans trioco. Tai, ena bez la!!",Attend c'est lui qui jouer dans trioco. Tahey ena bez la!!,0.05263157894736842,0.09090909090909091,False,punctuation_error;capitalization_error;spacing_error
test,"Mo pa surprit dutou. Tu collegien et collegienne ena ti copain ti copine aster. Pa mem tard qui Hier mo ti ena rendez vous cot dentiste, 2 mamzelle p assize a coter moi, 1 la dir st Valentin p vini la, mo fidele moi pa Cuma toi qui ena plusieurs. Aster compran Cuma pa cpv gagn 3 credits. P garde 4 5 gallant, lot la p pli interesser r fete st Valentin Dan place gagn traka Li pa p compran nanier Dan add maths","Mo pa surpri ditou. Tu collegien et collegienne ena ti copain, ti copine aster. Pa mem tard qui hier mo ti ena rendez vous kot dentiste, 2 mamzelle pe asize akot moi, 1 la dir St Valentin pe vini la, mo fidele moi pa kuma toi qui ena plusieurs. Aster konpran kumsa pa kapav gagne 3 credits. Pe garde 4, 5 gallant, lot la pe plis interese ar fete St Valentin dan place gagne tracas li pa pe konpran nanyin dan Add Maths.","Mo pa surprit ditou. Tu collegien et collegienne ena ti copain ti copine aster. Pa mem tard qui hier mo ti ena rendez vous kot dentiste, 2 mamzelle pe asize akote moi, 1 la dir St Valentin pe vini la, mo fidele moi pa kuma toi qui ena plusieurs. Aster kon",0.4009546539379475,0.43373493975903615,False,punctuation_error;capitalization_error;spacing_error;missing_word_error
test,"[NAME], ceki nu pe konner si 1 dimoune ki travail dan 1 banque tir rs10 dan compte dimounes tous les jours person pa pu konner","[NAME], seki nu pe kone: si 1 dimunn ki travail dan 1 banque tire Rs10 dan compte dimunn tulezur, personne pa pu kone.","[NAME], seki nu pe kone. Si 1 dimunn ki travail dan 1 banque, tire Rs10 dan compte dimunn. Tulezur personne pa pu kone.",0.05084745762711865,0.21739130434782608,False,punctuation_error;capitalization_error;spacing_error
test,Bizin tir poison angui tout Sa Ena Ladan😄,"Bizin tire pwason, angui. Tusa ena ladan.😄",Bizin tire pwason angui tu sa ena ladan.😄,0.09523809523809523,0.5714285714285714,False,punctuation_error;capitalization_error;spacing_error;extra_word_error
test,Si saem suspect ki zot in baT bein li merité Ocontraire ti bzn touiye li 🤗,Si samem suspect ki zot inn bate bein li merite. Ocontraire ti bizin touy li 🤗,"Si samem suspect ki zot inn bate, bein li merite. Ocontraire ti bizin touy li. 🤗",0.02564102564102564,0.125,False,punctuation_error;spacing_error
test,Combien navire étranger la pêche illegale da nous logon pe trapp ceki pli facile (mauriciens ) la honte pou bann incompetents,Combien navire étranger lapess illegale dan nous lagon? Pe trape seki plis facile (Mauriciens ). La honte pu bann incompetents.,Combien Navin étranger? La pêche illegale da nous logon pe trape seki plis facile (Mauriciens ). La honte pu bann incompetents.,0.11023622047244094,0.35,False,capitalization_error;spacing_error;extra_word_error
test,Posson cote zotte,Pwason kot zot?,Poisson kot zot.,0.26666666666666666,0.6666666666666666,False,punctuation_error;capitalization_error;spacing_error
test,"[NAME], exact zot title pa reflet vrai revendication","[NAME], exact zot title pa reflet vrai revendication.","[NAME], exact zot title. Pa reflet. Vrai revendication.",0.07547169811320754,0.5,False,punctuation_error;capitalization_error;spacing_error
test,Mo conne zot bane kk liki meme ca bizin crévé pilon dominere si mo chagrin c so mama papa soeur frere so famille pas ca pilon la heureusement pane touille lot dimoun lor trotoir etc,"Mo kone zot, bann kaka liki mem sa. Bizin crévé, pilon dominer! Si mo chagrin, se so mama, papa, soeur, frere, so famille, pas sa pilon la. Heureusement pann touy lot dimunn lor trotoir, etc.","Mo kone zot bann kaka liki mem sa. Bizin crévé pilon dominer. Si mo chagrin se so mama, papa, soeur, frere, so famille pas sa pilon la. Heureusement pann touy lot dimunn lor trotoir, etc.",0.02617801047120419,0.14285714285714285,False,punctuation_error;spacing_error
test,voleur arnaker zis ban couyoun ki cnt cash facile pou al r toi escrosc sa,"Voleur, arnaker. Zis bann kuyon ki kontan cash facile, pu ale ar toi escrosc sa.",Voleur arnaker. Zis bann kuyon ki kontan cash facile pu ale ar toi escrosc sa.,0.025,0.13333333333333333,False,punctuation_error;spacing_error
test,Taa ena bez la kot srti sa fam la😒😒 dire li post mari lr acheter vender 😒,Ta ena bez la! Kot sorti sa fam la?😒😒 Dire li post mari lor aste vande. 😒,"Ta, ena bez la! Kot sorti sa fam la?😒😒 Dire li post mari lor aste vande. 😒",0.0136986301369863,0.058823529411764705,False,punctuation_error;spacing_error
test,Akz en 1999 ban 👨🏿‍🦱 ti p rod craz partou,Akoz en 1999 bann 👨🏿‍🦱 ti pe rode kraze partu.,"Akoz en 1999, bann 👨🏿‍🦱 ti pe rode kraze partu.",0.021739130434782608,0.1,False,punctuation_error;spacing_error
test,Pour moi bizin ena la main bane missier la aussi ladan,Pour moi bizin ena la main bann misye la aussi ladan.,Pour moi bizin ena la main. Bann misye la aussi ladan.,0.03773584905660377,0.18181818181818182,False,punctuation_error;capitalization_error;spacing_error
test,P rod fer nous concentré lor la non pas ditous vine lor paul so départ qui p preuvu pu bientôt aret sak fois ena problem entrer zot zot bour ancien la dans 2026 la pu vine jouer kine fini jouer 2025 coumsa zot croire nu couyon just nu perna pouvoir mais nu pas couyon nous acepter parce ki kan pravin ti la to kozee to ta c aster k v,"Pe rode fer nous concentré lor la non pas ditou. Vinn lor Paul so départ qui pe preuvu pu bientôt. Aret sak fois ena problem entre zot, zot boure ancien ladan. 2026 la! Pu vinn jouer kinn fini jouer 2025? Kumsa zot croire nu kuyon? Just nu pena pouvoir mais nu pas kuyon. Nous accepte parski kan Pravin ti la to koze to tasse, aster kave.","Pe rode fer nous concentré lor la non. Pas ditou vinn lor Paul so départ qui pe preuvu pu bientôt. Aret sak fois ena problem entre zot. Zot boure ancien ladan 2026 la pu vinn jouer, kinn fini jouer. 2025 kumsa. Zot croire nu kuyon, just nu pena pouvoir",0.3047337278106509,0.5,False,punctuation_error;capitalization_error;spacing_error;missing_word_error
test,Li pe prend nou pou so pln zot pas ppe trouve li p rode fair so ti fille pass lor la tete ban mem re militan pou vine boss Dan's mmm,Li pe prend nu pu so pilon. Zot pas pe truve? Li pe rode fer so ti fille passe lor latet bann mem re-militan pu vinn boss dan MMM.,Li pe prend nu pu so pilon. Zot pas pe truve li pe rode fer so ti fille pass lor latet. Bann mem re militan pu vinn boss dans MMM.,0.05384615384615385,0.27586206896551724,False,punctuation_error;capitalization_error;spacing_error;extra_word_error
test,Janvier 2026 fek coumanse accident lor accident sa montre ki car mem applique permis à point sa pa pou change nanien sinon mes sympathies à toutes ses famille😥,"Janvier 2026 fek komans, accident lor accident. Sa. Montre ki karmem applique permis à point. Sa pa pu change nanyin. Sinon mes sympathies à toutes ses famille.😥",Janvier 2026 fek komans accident lor accident. Sa montre ki car mem applique permis à point sa pa pu change nanyin. Sinon mes sympathies à toutes ses famille.😥,0.043478260869565216,0.25925925925925924,False,punctuation_error;capitalization_error;spacing_error;extra_word_error
test,"[NAME], pou pinokio sa c ledi macbef kinn tirr sa foto la koz pinokio ti piez li avec valiz larzan","[NAME], pu Pinokio sa, se Lady Macbeth kinn tire sa foto akoz Pinokio ti pyez li avec valiz larzan.","[NAME], pu Pinokio sa, se Ledi Macbeth kinn tire sa foto la. Koz Pinokio ti pyez li avec valiz larzan.",0.06060606060606061,0.15789473684210525,False,punctuation_error;capitalization_error;spacing_error;extra_word_error
test,"[NAME], a nou lire comment gt komien gro poumon","[NAME], a nu lire comment, get komie gro poumon.","[NAME], a nu lire comment get, komie gro poumon?",0.0625,0.3333333333333333,False,punctuation_error;spacing_error
test,Simple sa met speed vitess 60km lor tou vehicle oligatoir pou gagne fitness ou machine neuf. Problem fini. Mai zot pena volonte pou fer li. Akoz zot bez kas lor excess vitess. La police pa pou ena travay lerla,Simple sa met speed vites 60km lor tu vehicle obligatwar pu gagne fitness ou machine neuf. Problem fini. Me zot pena volonte pu fer li akoz zot bez kas lor excess vites. La police pa pu ena travail lerla.,Simple sa met speed vites 60km lor tu vehicle olygatwar pu gagne fitness ou machine neuf. Problem fini. Me zot pena volonte pu fer li. Akoz zot bez kas lor excess vites. La police pa pu ena travail lerla.,0.0196078431372549,0.07692307692307693,False,punctuation_error;capitalization_error;spacing_error
test,Bravo bon travail,Bravo bon travail.,"Bravo, bon travail.",0.05555555555555555,0.3333333333333333,False,punctuation_error;spacing_error
test,"Mo dakor ena enta van ki roule extra brite, mais la pas pou kapav defan l’indefendable, mem si van la p roule vite, camion la en tort","Mo dakor ena enta van ki roule extra brite mais la pas pu kapav defane l’indefendable, mem si van la pe roule vite, camion la antor.","Mo dakor ena enta van ki roule extra brite, mais la pas pu kapav defane l’indefendable, mem si van la pe roule vite, camion la antor.",0.007575757575757576,0.038461538461538464,False,punctuation_error;spacing_error
test,Wui c vrai vert ki veg sa c curry flavour,"Wi se vrai, vert ki veg. Sa se curry flavour.",Wi se vrai vert ki veg sa se curry flavour.,0.06666666666666667,0.3,False,punctuation_error;capitalization_error;spacing_error
test,Nou nepli envi ecoute xot assez assez,"Nu nepli anvi ekut zot. Assez, assez.","Nu nepli anvi ekut zot assez, assez.",0.05405405405405406,0.2857142857142857,False,punctuation_error;capitalization_error;spacing_error
test,Bizin fou toi ek to tifi dehors arret couyone population deja toi to pas pu trouve lautre election to deja p vivre dans overtime la. To p faire cumant jagnat pu dress place pu to tifi ek famile. Zote pas pu elu guet bien,"Bizin fou toi ek to tifi dehors! Aret kuyon population. Deza toi, to pas pu truve lot election, to deza pe viv dans overtime la. To pe faire kuma Jagnat pu dress place pu to tifi ek famille. Zot pas pu elu, get bien.",Bizin fou toi ek to tifi dehors. Aret kuyon population deza toi. To pas pu truve lot election to deza pe viv dans overtime la. To pe faire kuma Jagnat pu dress place pu to tifi ek famille. Zot pas pu elu get bien.,0.032407407407407406,0.1590909090909091,False,punctuation_error;capitalization_error;spacing_error
test,Chef alzheimer so assistant volere roche😂,"Chef Alzheimer, so assistant voler roche.😂",Chef Alzheimer so assistant voler roche.😂,0.023809523809523808,0.16666666666666666,False,punctuation_error;spacing_error
test,"[NAME], b pa samem mo ine dir toi lao la met plisse dr et amilior shift system la aret redi","[NAME], b pa samem mo inn dir toi lao la, met plis doctor et amlyor shift system la. Aret redi.","[NAME], b pa samem mo inn dir toi lao la met plis doctor et amelyor shift system la. Aret redi.",0.021052631578947368,0.1,False,punctuation_error;capitalization_error;spacing_error
test,TOP FM Mauritius eski ou ene professionelle ou bien ou ramasse labav ki rapport r sa photo eski sa dimoune ki zot p baté coumadir p bate tang à mort la kine faire sa kifaire ou p associê sa r ou txt sois ou p faire sa comme sensation pou retourne lintention,TOP FM Mauritius eski ou enn professionelle ou bien ou ramasse labav ki rapport ar sa photo. Eski sa dimunn ki zot pe bate kumadir pe bate tang à mort la kinn faire sa? Kifer ou pe associe sa ar ou txt sois ou pe faire sa comme sensation pu retourne lintention.,"Top FM Mauritius, eski ou enn professionelle ou bien ou ramasse labav ki rapport ar sa photo? Eski sa dimunn ki zot pe bate kumadir pe bate tang à mort la? Kinn faire sa? Kifer ou pe associê sa ar ou txt? Soi ou pe faire sa comme sensation pu retourne l",0.07662835249042145,0.17307692307692307,False,punctuation_error;capitalization_error;spacing_error
test,Pas dan cité sa grsn,Pas dan cité sa garson.,Pas dan cité sa grand.,0.17391304347826086,0.2,False,capitalization_error;spacing_error
test,"[NAME], ki mo pou toi fi! A la santé de 2026! 🥂😁😂🤣😂","[NAME], ki mo pu toi fi! A la santé de 2026! 🥂😁😂🤣😂","[NAME], ki mo pu toi tifi! A la santé de 2026! 🥂😁😂🤣😂",0.04,0.08333333333333333,False,capitalization_error;spacing_error
test,Ban journalists dan maurice rapid lor faire sensation forte... Mais failed kon bizin donne information lor criminals.... Ene sel solution... Ale vend baja... Facilement zot pou gagne zot la vie sans oken represailles.. 🙊🙉🙈,Bann journalists dan Maurice rapid lor faire sensation forte... Mais failed kan bizin donne information lor criminals.... Enn sel solution... Ale vend baja... Facilement zot pu gagne zot lavi sans okenn represailles.. 🙊🙉🙈,Bann journalists dan Maurice rapid lor faire sensation forte... Mais failed kone bizin donne information lor criminals.... Enn sel solution... Ale vend baja... Facilement zot pu gagne zot lavi sans okenn represailles.. 🙊🙉🙈,0.00904977375565611,0.030303030303030304,False,capitalization_error;spacing_error
test,Boug la ena alzimer doh.. Li papu rapel apre saaa🤣🤣,Boug la ena Alzheimer dow.. Li papu rapel apre sa.🤣🤣,Boug la ena Alzheimer dow.. Li pa pu rapel apre sa.🤣🤣,0.019230769230769232,0.2,False,spacing_error;extra_word_error
test,Dan ki in amen tousa dan potmoner😍😍😍😍,Dan ki inn amenn tusa? Dan portmoner.😍😍😍😍,Dan ki inn amenn tusa dan potmoner.😍😍😍😍,0.07317073170731707,0.42857142857142855,False,punctuation_error;capitalization_error;spacing_error
test,Body cam + taser,Body kamarad + taser.,Bodycam + taser.,0.2857142857142857,0.5,False,capitalization_error;spacing_error;missing_word_error
test,Tir tou seki fr zot plaisir 🤌🏾. Moo p santii ki sa lanney pu bien mov pu zot ✌🏽😂 lepep ki pu decide saa 🤷🏽‍♂️,Tire tu seki fer zot plaisir. 🤌🏾 Mo pe santi ki sa lane pu bien move pu zot. ✌🏽😂 Lepep ki pu decide sa. 🤷🏽‍♂️,Tire tu seki fer zot plaisir. 🤌🏾 Mo pe santi ki sa lane pu bien move pu zot ✌🏽😂 lepep ki pu decide sa. 🤷🏽‍♂️,0.01834862385321101,0.08,False,punctuation_error;capitalization_error;spacing_error
test,Camion la en tort,Camion la en tort.,Camion la antor.,0.16666666666666666,0.5,False,capitalization_error;spacing_error;missing_word_error
test,Chnace pane defonce toi later ki to eter,Chance pann defonce toi later ki to ete.,Chanace pann defonce toi later ki to ete?,0.05,0.25,False,punctuation_error;capitalization_error;spacing_error
test,Mopays. com pa gat ou pages ek sa ban banal la svp,Mopays.com pa gat ou pages ek sa bann banal la svp.,Mopays.com pa gate ou pages ek sa bann banal la svp.,0.0196078431372549,0.09090909090909091,False,capitalization_error;spacing_error
test,Au lieu rehausse nou niveau leducation zot pe fer nivellement vers le bas de nou leducation aster zot penser etudiant pou travail pou 5 credit kan 3 credit assez pou monter,"Au lieu rehausse nu niveau ledikasyon, zot pe fer nivellement vers le bas de nu ledikasyon. Aster zot pense etudiant pu travail pu 5 credit kan 3 credit assez pu monte?",Au lieu rehausse nu niveau ledikasyon zot pe fer nivellement vers le bas de nu ledikasyon aster zot pense etudiant pu travail pu 5 credit kan 3 credit assez pu monte.,0.023809523809523808,0.12903225806451613,False,punctuation_error;capitalization_error;spacing_error
test,Kuma dire chaffeur la ki entort si zenfant ine quitte so la cour ine apparaitre soudaimement devant loto la,Kumadir chaffeur la ki antor si zanfan inn quitte so lakour inn aparet soudainement devant loto la.,"Kumadir chaffeur la ki antor. Si zanfan inn quitte so lakour, inn aparet soudaimement devant loto la.",0.04040404040404041,0.23529411764705882,False,punctuation_error;capitalization_error;spacing_error
test,"[NAME], bonjour li ti pu bon si ou ti kpve guet situation transport laroute st hubert 1 tigit dimanche prend 1hrs pu vin 3hrs mo lor bus stop lopital lundi zanfan pa gngn transport pu ale lekol la veille noel nkr 1 tigit mo rest dan rose bellle mem li ti pu bon ou guet 1 tigit parti ici osi parki nu p pass 1 miszir noir ici zanfan ale lekol curepipe gngn bus lekol new grove akoz sa gngn bus p bizin pass par mahebourg pu gngn transport pu ale lekol eski ou trve sa correct","[NAME], bonjour. Li ti pu bon si ou ti kapav get situation transport la route St Hubert 1 tigit. Dimanche prend 1hr pu vinn 3hr mo lor bus stop lopital. Lundi zanfan pa gngne transport pu ale lekol. La veille noel ankor 1 tigit mo reste dan Rose Belle mem. Li ti pu bon ou get 1 tigit parti ici osi. Parski nu pe passe 1 mizer noir ici. Zanfan ale lekol Curepipe gagne bus lekol New Grove akoz sa gagne bus pe bizin passe par Mahebourg pu gagne transport pu ale lekol. Eski ou truve sa correct?","[NAME], bonjour li ti pu bon. Si ou ti kapav get situation transport la route St Hubert 1 tigit dimanche prend 1hr pu vinn 3hr. Mo lor bus stop lopital lundi zanfan pa gagne transport pu ale lekol la veille noel ankor 1 tigit. Mo reste dan Rose Belle mem ",0.5141700404858299,0.6530612244897959,False,punctuation_error;capitalization_error;spacing_error;missing_word_error
test,Asterki p dire sa 1 ta dimoune p gagne gros la fièvre,Aster ki pe dire sa. Enta dimunn pe gagne gros la fièvre,Asterki pe dire sa: enta dimunn pe gagne gros la fièvre.,0.07142857142857142,0.4166666666666667,False,punctuation_error;capitalization_error;spacing_error;missing_word_error
test,"[NAME], bien vu wait and see asterr","[NAME], bien vu.Wait and see aster!","[NAME], bien vu. Wait and see aster.",0.05714285714285714,0.5,False,punctuation_error;spacing_error;extra_word_error
test,"Et zot vote toujours ban la même, b aster mo penser ki nou tou nou fine tire ene mari zoli leçon. Jamais plus commettre les mêmes erreurs, bisin grandi maintenant pou nepli laisse la place aux bandits ki penrdi tou l'économie et le peuple perdi dans sa bane nafrath ki pe faire la",Et zot vote toujours bann lamem. B aster mo pense ki nu tu nu finn tire enn mari zoli leçon. Jamais plus commettre les mêmes erreurs. Bizin grandi maintenant pu nepli laisse la place aux bandits ki perdi tu l'économie et le peuple perdi dans sa bann nafrath ki pe faire la.,"Et zot vote toujours bann lamem, b aster mo pense ki nu tu nu finn tire enn mari zoli leçon. Jamais plus commettre les mêmes erreurs, bizin grandi maintenant pu nepli laisse la place aux bandits ki pena tu l'économie et le peuple perdi dans sa bann naf",0.0989010989010989,0.19230769230769232,False,punctuation_error;capitalization_error;spacing_error;missing_word_error
test,Ki labanque sa,Ki labank sa?,Ki labanque sa?,0.23076923076923078,0.3333333333333333,False,capitalization_error;spacing_error
test,Bzn deploy sa callibre policier la kt ena problem Li cne kass F💯🙏,"Bizin deploy sa callibre policier la, kot ena problem li kone kass F.💯🙏",Bizin deploy sa callibre policier la kot ena problem? Li kone kase fesse.💯🙏,0.1267605633802817,0.38461538461538464,False,punctuation_error;capitalization_error;spacing_error
test,"Bisin gueter cuma zot presser pu ale acheter la drogue cpv tap r ou ek ou zenfant tou, pass dan feu rouge et gne pu zour ou tou.... Bisin met la police fer control plus laba...","Bizin get kuma zot presse pu ale aste la drogue, kapav tape ar ou ek ou zanfan tu. Passe dan feu rouge et gagne pu zoure ou tu.... Bizin met la police fer control plus laba...","Bizin get kuma zot presse pu ale aste la drogue kapav tape ar ou ek ou zanfan tu, passe dan feu rouge et gagne pu zur ou tu.... Bizin met la police fer control plus laba...",0.02857142857142857,0.1111111111111111,False,punctuation_error;capitalization_error;spacing_error
test,"[NAME], pareil coment to cervo in constiper si c sa to argument 😂 pou essaye insulter dimoun ki p remet toi a lordre ben felicitations to p kass bel paker dans to la vie 😂 mo sure to mama bien fiere de toi et to ban propos ki to vine fer online envers ban dimoun ki lor stress bonne continuation dans to la vie to pou arive bien loin avec sa latitude et sa mentaliter la","[NAME], pareil kuma to cervo inn constipe. Si se sa to argument 😂 pu esey insulte dimunn ki pe remet toi a lord b felisitasyon. To pe kase bel pake dans to lavi. 😂 Mo sure to mama bien fiere de toi et to bann propos ki to vinn fer online envers bann dimunn ki lor stress. Bonne continuation dans to lavi, to pu arrive bien loin avec sa latitude et sa mantalite la.","[NAME], pareil kuma to cervo inn constipe si se sa to argument 😂 pu essaye insulte dimunn ki pe remet toi a lord. B felicitations to pe kase bel pake dans to lavi. 😂 Mo sure to mama bien fiere de toi et to bann propos ki to vinn fer online envers ba",0.3543956043956044,0.3918918918918919,False,punctuation_error;capitalization_error;spacing_error;missing_word_error
test,Réalité government officials zot bizin faire chemin ene fasion ki kan ene transport pe sorti ou ene lot transport pa vini capave trouve avec sa muraille la li difficile pou kone kan pou sorti out non si bien change semain so place ou faire li vine one way ou faire tire sa muraille la l'autorité bizin prand ene decision pou pa re enar accident la bas,"Réalité, government officials. Zot bizin faire chemin enn fason ki kan enn transport pe sorti ou enn lot transport pa vini, kapav truve. Avec sa muraille la, li difficile pu kone kan pu sorti out non. Si bizin change semain so place, ou faire li vinn one way, ou faire tire sa muraille la. L'autorité bizin pran enn decision. Pu pa reena accident laba.",Réalité government officials. Zot bizin faire chemin enn fasion ki kan enn transport pe sorti ou enn lot transport pa vini kapav truve avec sa muraille la. Li difficile pu kone kan pu sorti out. Non si bien change semain so place ou faire li vinn one wa,0.3096590909090909,0.453125,False,punctuation_error;capitalization_error;spacing_error;missing_word_error
test,"Dans sa cas la kifr ine apprane docteur, ti bizin faire maçon. Si astere la ou malade, p mort b ki sanla supposer alle gueter","Dans sa cas la kifer inn aprann docteur? Ti bizin faire maçon. Si aster la ou malade, pe mort b kisanla supposer ale get?","Dans sa cas la kifer inn aprann docteur, ti bizin faire maçon. Si aster la ou malade, pe mort, b kisanla supposer ale get?",0.024793388429752067,0.125,False,punctuation_error;capitalization_error;spacing_error
test,Big respect moi personellement mo trouve sa travail la ti bizin bien payer vu ki entier population jette sa ki zotte envi dans poubelle et c sa banne travailleur la ki ramaser ki couche et mm plus encore courage a zotte,"Big respect. Moi personellement, mo truve sa travail la ti bizin bien peye. Vu ki entier population zet seki zot anvi dan poubelle, et se sa bann travailleur la ki ramasse, ki couche, et mem plus encore. Courage a zot.",Big respect. Moi personellement mo truve sa travail la ti bizin bien peye vu ki entier population jette seki zot anvi dans poubelle. Et se sa bann travailleur la ki ramasse ki couche et mem plus encore. Courage a zot.,0.05045871559633028,0.225,False,punctuation_error;capitalization_error;spacing_error
test,Ena bez la.... Kitfwa ena dimounn nek vini kraz loto etc... Alor ki zenfan dans lignorance ek fautifs.. Ek parents negligence,Ena bez la.... Kite fwa ena dimunn nek vini kraze loto etc... Alor ki zanfan dans linnyorans ek fautifs.. Ek parents negligence.,Ena bez la.... Kitfwa ena dimunn nek vini kraze loto etc... Alor ki zanfan dans lignorance ek fautifs.. Ek parents negligence.,0.046875,0.13636363636363635,False,capitalization_error;spacing_error;missing_word_error
test,Li pas encore pense pou tire liem non,Li pas encore pense pu tire limem non!!,Li pas encore pense pu tire limem non.,0.05128205128205128,0.125,False,punctuation_error;spacing_error
test,"[NAME], to bus fare remont la 😜","[NAME], to bus fare remonte la. 😜","[NAME], to bus fare remont la. 😜",0.030303030303030304,0.14285714285714285,False,capitalization_error;spacing_error
test,Trading dan canal fess aster🤣🤣🤣🤣..,Trading dan canal fesse aster🤣🤣🤣🤣..,Trading dan canal fesse aster.🤣🤣🤣🤣..,0.02857142857142857,0.2,False,punctuation_error;spacing_error
test,Mes sympathetie a la famille 🙏🙏🙏parents famme zenfan soeur frere ine perdi zte tres cher ine bien ecrier chauffeur ine ggne 1 malaise avant accident mo pa comprend kifer ena oten coment negative,"Mes sympathie a la famille 🙏🙏🙏parents, fam, zanfan, soeur, frere inn perdi zot tre cher. Inn bien ekrir, chauffeur inn gagne 1 malaise avant accident. Mo pa comprend kifer ena otan comment negative.","Mes sympathies à la famille. 🙏🙏🙏parents, fam, zanfan, soeur, frere inn perdi zot tre cher. Inn bien ekrir, chauffeur inn gagne 1 malaise avant accident. Mo pa comprend kifer ena otan comment negative.",0.015151515151515152,0.09090909090909091,False,punctuation_error;capitalization_error;spacing_error
test,"Ministre pe faire so maximum, site visit surprise etc.. Mais si ban personnel lamem pas faire zefforts pou donne ene bon service, pas capav faire narien malheureusement.. Si ene dimoune li pas content sa profession mais a cause security employee dans gouvernement, alors change metier, pas continuer met la vie dimounes en jeu","Ministre pe faire so maximum, site visit surprise etc.. Mais si bann personnel lamem pas faire zefor pu donne enn bon service, pas kapav faire nayin malheureusement.. Si enn dimunn li pas kontan sa profession mais a cause security employee dans gouvernement, alors change metier, pas kontiyn met lavi dimunn en jeu.","Ministre pe faire so maximum, site visit surprise etc.. Mais si bann personnel lamem pas faire zefor pu donne enn bon service, pas kapav faire nanyin malheureusement.. Si enn dimunn li pas kontan sa profession mais a cause security employee dans gouvernem",0.19682539682539682,0.23076923076923078,False,punctuation_error;capitalization_error;spacing_error;missing_word_error
test,Bouncer la gagne sorti dehors meme ca.,Bouncer la gagne sorti dehors mem sa.,Bounce la gagne sorti dehors mem sa.,0.02702702702702703,0.14285714285714285,False,capitalization_error;spacing_error
test,Main road li priority meme li p roule vit ou doucement sofer camion pan conne juger ti bzn kas so liki fer li aret trap volant li pu touy innocent lor la route,"Main road li priority, mem li pe roule vite ou doucement, sofer camion pann kone juger. Ti bizin kase so liki, fer li aret trape volant, li pu touy innocent lor la route.","Main road li priority mem. Li pe roule vite ou doucement. Sofer camion pann kone juger, ti bizin kase so liki fer li aret trape volant li pu touy innocent lor la route.",0.052941176470588235,0.2727272727272727,False,punctuation_error;capitalization_error;spacing_error
test,"[NAME], tkner si toi t fer sah tplass kt ete non 😂😂 ena g**t la ar sa banla la pff 😭","[NAME], to kone si toi to fer sa to plas kot ete non? 😂😂Ena g**to la ar sa banla la, pff. 😭","[NAME], to kone si toi to fer sa to plas kot ete non 😂😂 ena g**to la ar sa banla la. Pff! 😭",0.06593406593406594,0.22727272727272727,False,punctuation_error;capitalization_error;spacing_error;extra_word_error
test,Arette tous Vols entrant sortant linde matellot,"Aret tu vols entrant, sortant Inde, matelot.",Aret tu vols entrant sortant Inde matellot.,0.06818181818181818,0.42857142857142855,False,punctuation_error;capitalization_error;spacing_error
test,"Zot Extra unfair lor prix. Ou bzin met Uber. Akoz Taxi tel cher, bcp dimun prefer aster 1 loto pu long term.","Zot extra unfair lor prix. Ou bzin met Uber akoz taxi tel cher, buku dimunn prefere aster 1 loto pu long term.","Zot extra unfair lor prix. Ou bizin met Uber. Akoz taxi tel cher, buku dimunn prefere aster 1 loto pu long term.",0.02727272727272727,0.13636363636363635,False,punctuation_error;capitalization_error;spacing_error
test,Ena un lekip foux lor f. book crypto king [NAME] [NAME] [NAME] [NAME] [NAME] enfin ena enkor bizin ban zot servi f book sa zot danger net,"Ena un lekip foux lor Facebook crypto king [NAME], [NAME], [NAME], [NAME], [NAME] enfin ena ankor bizin bann zot servi Facebook sa. Zot danger net.","Ena un lekip foux lor Facebook crypto king: [NAME], [NAME], [NAME], [NAME], [NAME], enfin ena ankor bizin bann zot servi Facebook sa. Zot danger net.",0.013605442176870748,0.08,False,punctuation_error;spacing_error
test,Lor sa nuvo juice lamem boucoup dimoun fine gagne problem zot largent ti p disparet lor zot compte,Lor sa nuvo juice lamem beaucoup dimunn finn gagne problem. Zot larzan ti pe disparet lor zot compte.,"Lor sa nuvo juice lamem, buku dimunn finn gagne problem. Zot larzan ti pe disparet lor zot compte.",0.0594059405940594,0.1111111111111111,False,punctuation_error;capitalization_error;spacing_error
test,Si chauffeur van la ti ena imper courtoisie li ti bizin ralenti laisse camion la aller,Si chauffeur van la ti ena enpe courtoisie li ti bizin ralenti laisse camion la ale.,"Si chauffeur van la ti ena enpe courtoisie, li ti bizin ralenti. Laisse camion la ale.",0.03571428571428571,0.1875,False,punctuation_error;capitalization_error;spacing_error
test,Mo pa oken tariff ki 51 rs pu biss1,Mo pa okenn tariff ki 51 Rs pu bis.,Mo pa okenn tariff ki 51 Rs pu biss1.,0.05714285714285714,0.1111111111111111,False,capitalization_error;spacing_error
test,Madam la comik selma li p continier netoyé li pan per ni paniker bravo madam mai ca aurai pu etre pire li osi li 1 volere comik tousala pou cokin zis 3 boutey pepsi madam la mm in don li kdo pou li fou lapaix🤣🤣🤣,"Madam la comik selma: li pe kontiyn netway, li pann per ni panike. Bravo madam me sa aurai pu etre pire. Li osi li 1 voler comik, tusala pu kokin zis 3 boutey Pepsi. Madam lamem inn donne li kado pu li fou lapaix.🤣🤣🤣",Madam la comik selma li pe kontiyn netway li pann per ni panike. Bravo madam me sa aurai pu etre pire li osi. Li 1 voler comik tusala pu kokin zis 3 boutey Pepsi. Madam lamem inn donne li kado pu li fou lapaix.🤣🤣🤣,0.032407407407407406,0.1590909090909091,False,punctuation_error;capitalization_error;spacing_error
test,"Moi mo mette stainless steel acheter lor ali express pas demane soin ditout, bien pratique. cumsa li perdi zero tracas zero plorer. quand mo mort pena laguerre, personne pas pu vine rode bizoux mone acheter lor ali express🤣","Moi mo met stainless steel, aste lor Ali Express: pas demande soin ditou, bien pratique. Cumsa li perdi zero tracas, zero plore. Quand mo mort pena laguerre, personne pas pu vinn rode bizoux mon aste lor Ali Express.🤣","Moi mo met stainless steel aste lor Ali Express pas demande soin ditou, bien pratique. Kumsa li perdi zero tracas zero plore. Quand mo mort pena lager, personne pas pu vinn rode bizou mon aste lor Ali Express.🤣",0.03686635944700461,0.15789473684210525,False,punctuation_error;capitalization_error;spacing_error
test,Fini mange vantre ine plien bizin. Leve pake ale aster,Fini manze vant inn plein bizin. Leve pake ale aster.,Fini manze vantre inn plis bizin. Leve pake ale aster.,0.07547169811320754,0.2,False,capitalization_error;spacing_error
test,Mm si li vre ou croire la police pou capav prouve sa zordi..???,Mem si li vre ou croire la police pu kapav prouve sa zordi..???,"Mem si li vre, ou croire la police pu kapav prouve sa zordi..???",0.015873015873015872,0.07692307692307693,False,punctuation_error;spacing_error
test,"[NAME], oui moi mo tifi 1 ados et kan mo coz ar li mo explik li sans tabou paski oui c lakaz ki faire sa ki li tifi ou garson parent bizin coz tout sa ar zot et explik zot ki fason ki certaine decision pou affecter zot par exemple mo dire mo tifi ki si li cachiete moi ki li p faire kitchose pas bizin bein c so choix ki pou affecter so la paski moi mo deja fini pass par la et mo faire li comprend aussi ki difference ena entre prend responsabiliter ki pas bizin boner et etudier pou reussi avant tout sa et etre independante","[NAME], oui moi mo tifi 1 ado. Kan mo koze ar li, mo eksplik li sans tabou, parski oui se lakaz kifer sa. Ki li tifi ou garson, parent bizin koze tu sa ar zot. Eksplik zot ki fason ki certaine decision pu affecte zot. Par exemple: mo dir mo tifi ki si li kasyet moi ki li pe fer kitsoz pas bizin, bein se so choix ki pu affecte so la. Parski moi mo deza fini pass par la. Mo fer li comprend osi ki difference ena entre prend responsabilite ki pas bizin boner et etudier pu resi avant tu sa et etre independante.","[NAME], oui moi, mo tifi 1 ados et kan mo koze ar li, mo eksplik li sans tabou. Parski oui se lakaz, kifer seki li tifi ou garson? Parent bizin koze tu sa ar zot et eksplik zot ki fason ki certaine decision pu affecte zot. Par exemple mo dire mo tifi ki s",0.547945205479452,0.6571428571428571,False,punctuation_error;capitalization_error;spacing_error;missing_word_error
test,Apres mo dire pas banne nursing staff ki bizin take call for 146 ou trouve sa normal put the right person in the right place,Apre mo dire pas bann nursing staff ki bizin take call for 146. Ou truve sa normal. Put the right personne inn the right place.,Apre mo dire pas bann nursing staff ki bizin take call for 146. Ou truve sa normal put the right personne inn the right place.,0.015748031496062992,0.08,False,punctuation_error;capitalization_error;spacing_error
test,1 responsabiliter sa travail la. Kn oune engazer a faire se metier ou faire li. Sois fer li sois pa fer li.. Bzin apply inper plis docter ena ki competant a fer sa travail la qui qualifier mai comme tjr moris baking ki marc pli bcp. Si ti kone pren dimoune bien pou travail pa ti pou senti li dure koumsa.. Si zenfan malade asoir ki pu fr ar zenfan la??????,1 responsabilite sa travail la. Kan oun engazer a faire se metier ou faire li. Soi fer li soi pa fer li.. Bizin apply enpe plis docteur ena ki competant a fer sa travail la qui qualifie me comme tuzur Moris baking ki marse plis buku. Si ti kone pran dimunn bien pu travail pa ti pu senti li dure kumsa... Si zanfan malade aswar ki pu fer ar zanfan la??????,1 responsabilite sa travail la. Kan ou engazer a faire se metier ou faire li. Soi fer li soi pa fer li.. Bizin apply enpe plis docteur ena ki competant a fer sa travail la qui qualifier me comme tuzur Moris baking ki marse plis buku. Si ti kone pran dimun,0.2893258426966292,0.323943661971831,False,punctuation_error;capitalization_error;spacing_error;missing_word_error
test,Si 1 docteur spécialiste li don so le temps bien ek bon service ki efficace à ban patient dan lhopital eski li pou gagn travail plenty plenty dan clinique privée li pa difficile pou trouvé réponse la,Si 1 docteur spécialiste li donne so letan bien ek bon service ki efficace à bann patient dan lopital eski li pu gagne travail plenty plenty dan clinique privée? Li pa difficile pu truve réponse la.,Si 1 docteur spécialiste li donne so letan bien ek bon service ki efficace à bann patient dan lopital. Eski li pu gagne travail plenty plenty dan clinique privée? Li pa difficile pu truve réponse la.,0.010101010101010102,0.05555555555555555,False,punctuation_error;capitalization_error;spacing_error
test,Chantons en coeur *Comme d'habitude*,Chantons en coeur *comme d'habitude*.,Chantons en coeur. *Comme d'habitude*,0.08108108108108109,0.6,False,capitalization_error;spacing_error
test,3quart du temp pena professeur,Trwakar du tan pena professeur.,3quart du tan pena professeur.,0.1935483870967742,0.2,False,capitalization_error;spacing_error
test,Cryto so csn sa,Cryto so cousin sa.,Crypto so CSN sa.,0.3684210526315789,0.5,False,capitalization_error;spacing_error
test,TOU LE TEMP COUMSA APRE LA MORT LA TIZAN,TULETAN KUMSA: APRE LA MORT LA TIZAN,"TULTAN KUMSA, APRE LA MORT LA TIZAN.",0.08333333333333333,0.42857142857142855,False,punctuation_error;capitalization_error;spacing_error
test,Sur tou sa zafer polision sonor bane transport met backfire esapma tapaz apareil fort bzn pren action sever pendent des annee sa cumsa mm. Zis maurice ou trouve sa,"Sur tusa zafer polision sonor, bann transport met backfire esapma, tapaz apareil fort. Bizin pran action sever pendant des années sa kumsamem. Zis Moris ou truve sa.",Sur tu sa zafer polision sonor bann transport met backfire esapma tapaz apareil fort. Bizin pran action sever pendant des années sa kumsamem. Zis Maurice ou truve sa.,0.04242424242424243,0.18518518518518517,False,punctuation_error;capitalization_error;spacing_error;extra_word_error
test,Pou bess casse,Pu bez kas.,Pu bese kas.,0.18181818181818182,0.3333333333333333,False,capitalization_error;spacing_error
test,Dan zot environ mem ena enta dimoun erant sa bnela kan pu tirer tou zanimau zot pe enlever,Dan zot environ mem ena enta dimunn errant. Sa banla kan pu tire. Tu zanimo zot pe enleve.,Dan zot environ mem ena enta dimunn errant sa banla. Kan pu tire tu zanimo zot pe enleve?,0.07777777777777778,0.3888888888888889,False,punctuation_error;capitalization_error;spacing_error
test,Problem la pas license sa problem la mentalité chaufer ki bisin changer,Problem la pas license sa. Problem la mentalité chauffer ki bizin change.,Problem la pas license. Sa problem la mentalité chauffeur ki bizin change.,0.0684931506849315,0.3333333333333333,False,capitalization_error;spacing_error
test,To banne la police pe cachiete au lieu travaille ale verifier... Assez bla bla bla..,To bann la police pe kasyet au lieu travail ale verifie... Assez bla bla bla..,"Tu bann la police pe kasyet au lieu travail, ale verifie... Assez bla bla bla..",0.02564102564102564,0.13333333333333333,False,punctuation_error;spacing_error
test,Libeter demons dans maurice.,Liberte demons dans Maurice.,Libete demons dans Maurice.,0.03571428571428571,0.25,False,capitalization_error;spacing_error
test,Prof l'école neglige zot class mais bien montré dans lecon l'école aussi payer zot bizin pa négligé,Professeur l'école neglige zot class mais bien montre dans lesson. L'école aussi peye zot bizin pa négligé.,Professeur l'école neglige zot class mais bien montre dans lesson l'école aussi peye. Zot bizin pa négligé.,0.037383177570093455,0.23529411764705882,False,capitalization_error;spacing_error
test,Fouf - enfin mr le commissiaire ine decide pou pran les devants - mieux vaut tard que jamais - bon courage kan meme,Fouf - enfin monsieur le commissiaire inn decide pu pran les devants - mieux vaut tard que jamais - bon courage kanmem!,Fouf - enfin monsieur le commissiaire inn decide pu pran les devants - mieux vaut tard que jamais. Bon courage kanmem.,0.03361344537815126,0.18181818181818182,False,punctuation_error;capitalization_error;spacing_error;missing_word_error
test,Ena beaucoup parent kan zotte lamer zotte ale ferfoute ek enfant touletmps kan enfant p zuer lor laplage bizin ena ene adulte ki pe get zot parski enfant kuma truv lezotte enfant zot fini ale ek ban enfant laem zot perdi,"Ena beaucoup parent kan zot lamer zot ale ferfoute ek enfant tultan. Kan enfant pe zwe lor laplaz, bizin ena enn adulte ki pe get zot. Parski enfant kuma truve lezot enfant, zot fini ale ek bann enfant lamem zot perdi.","Ena beaucoup parent kan zot lamer zot ale ferfoute ek enfant tultan. Kan enfant pe zwe lor laplaz, bizin ena enn adulte ki pe get zot parski enfant kuma truve lezot enfant, zot fini ale ek bann enfant lamem zot perdi.",0.009174311926605505,0.04878048780487805,False,punctuation_error;capitalization_error;spacing_error
test,1 roder role sa swindler deguiser sa lopet la,1 rode role sa swindler deguiser sa lopet la.,1 rode role sa. Swindler deguiser sa lopet la.,0.044444444444444446,0.2222222222222222,False,punctuation_error;capitalization_error;spacing_error
test,Lir lartik la title is misleading,Lire lartik la. Title is misleading.,Lire lartik la title is misleading.,0.05555555555555555,0.3333333333333333,False,punctuation_error;capitalization_error;spacing_error
test,Non madame pas prend sa ti zenfan pour ou même ou pas kone élever line vine 1 criminelle aster ou ti zenfan ki pour vini,Non madame. Pas prend sa ti zanfan pour ou mem. Ou pa kone élever. Linn vinn 1 criminelle. Aster ou ti zanfan ki pour vini.,"Non madame, pas prend sa ti zanfan pour ou même. Ou pas kone élever. Linn vinn 1 criminelle aster ou ti zanfan ki pour vini.",0.056910569105691054,0.24,False,punctuation_error;capitalization_error;spacing_error
test,Mari dominer li p fr ar nou sa lonpi la tou zafer p monT 1000rs p vin cuma 100rs,Mari dominer li pe fer ar nu sa pilon la. Tu zafer pe monte: 1000 Rs pe vinn kuma 100 Rs.,Mari dominer li pe fer ar nu sa lonpi la. Tu zafer pe monte 1000 Rs pe vinn kuma 100 Rs.,0.056179775280898875,0.09523809523809523,False,punctuation_error;spacing_error
test,N bon comédien twa prochain show,"Enn bon comédien, twa prochain show.",Enn bon comédien twa prochain show.,0.027777777777777776,0.16666666666666666,False,punctuation_error;spacing_error
test,Pauvre ti zenfant mauricien ki pour retrouve li danslafrique,Pauvre ti zanfan Mauricien ki pour retrouve li dans l'Afrique.,Pauvre ti zanfan Mauricien ki pour retrouve li dans Afrique.,0.03225806451612903,0.1,False,capitalization_error;spacing_error
test,ON - OFF - ON-OFF tension fuzip sauté ki pé attanne leve paké allé,ON - OFF - ON-OF: tension fuzip sauté! Ki pe atann? Leve pake ale!,ON - OFF - ON-OFF. Tension fuzip sauté ki pe atann leve pake ale.,0.12121212121212122,0.5,False,punctuation_error;capitalization_error;spacing_error
test,Mem gonaz gros lapluie partout li enkor en veille li sanc ti pu revoir sa komeraz la,"Mem gonaz: gros lapluie partu, li ankor enn veille li. Sanse ti pu revoir sa komeraz la.","Mem gonaz, gros lapluie partu li ankor en veille li. Sanse ti pu revoir sa komeraz la.",0.03409090909090909,0.17647058823529413,False,punctuation_error;capitalization_error;spacing_error
test,To rester to pas rester kot mo problem ladans bientot zot tout pou aller là,To reste to pas reste kot mo problem ladan. Bientot zot tu pu ale la.,"To reste, to pas reste kot mo problem ladan. Bientot zot tu pu ale la.",0.014492753623188406,0.06666666666666667,False,punctuation_error;spacing_error
test,Mo pou dir enkor depi 2025 mo p dir misie anil baichoo pas entor zot in dne li 1 poss minister ki li pas cne sa domine la li ti 1 profeser li deza okip lezot pos minister tu kpv dne li 1 lot minister sa pos la pena lot dimoune apart dr [NAME] ki 1 professionel dans sa domain la zot in met 1 ministre deza pas cne sa domain la aster 1 junior si ki pas cmpren mo pas p cmpren kifer apre zot p dir narye pas p fonktione couma bizin zot mem ti dir bizin met the right person at the right place zordi [NAME] mem p dir bcp plas pas p roul couma bizin si ti met dr [NAME] dan la sante li cne couma pou amen sa,"Mo pu dir ankor: depi 2025, mo pe dir misye Anil Baichoo pas antor. Zot inn donne li 1 poss minister ki li pas kone sa domine la. Li ti 1 professeur, li deza okip lezot pos minister, tu kapav donne li 1 lot minister. Sa pos la pena lot dimunn apart doctor [NAME] ki 1 professionel dans sa domain la. Zot inn met 1 ministre deza pas kone sa domain la, aster 1 junior. Si ki pas konpran, mo pas pe konpran kifer. Apre zot pe dir nanyin pas pe fonktione kuma bizin. Zot mem ti dir bizin met the right personne at the right place. Zordi [NAME] mem pe dir buku plas pas pe roule kuma bizin. Si ti met doctor [NAME] dan la sante, li kone kuma pu amenn sa.","Mo pu dir ankor depi 2025, mo pe dir misye Anil Baichoo pas antor. Zot inn donne li 1 poss minister ki li pas kone sa domine la. Li ti 1 professeur li deza okip lezot pos minister. Sa pos la pena lot dimunn. Apart doctor [NAME] ki 1 professionel dans sa d",0.6117103235747303,0.6390977443609023,False,punctuation_error;capitalization_error;spacing_error;missing_word_error
test,Ramgoo so fiston sa so main droite menteur pareil kouma papi,"Ramgoo so fiston sa, so main droite, menteur pareil kuma papi.","Ramgoo so fiston sa, so main droite menteur pareil kuma papi.",0.016129032258064516,0.09090909090909091,False,punctuation_error;spacing_error
test,"Eh arrêt ou cinéma dow. Lot fois ti parey kuma dir pou li kan li. Fer sa li pé attan ki so banes membres met zot enba suppliy li après ki li aller li rester li fini rempli so poss. Tou gouvernement ki ti la li reste leader so parti, li dan l'opposition assizer bez kass lepep. B pou moi li bien cpav disparet lor map, arrêt vinn kouyonn lepep deza zot 1banes salop menteurs. Lallians pena sanzement","Eh aret ou cinéma dow. Lot fois ti pareil kumadir pu li kan li. Fer sa li pe atann ki so bann membres met zot enba suppliy li après ki li ale li reste li fini rempli so poss. Tu gouvernement ki ti la li reste leader so parti, li dan l'opposition asize bez kas lepep. B pu moi li bien kapav disparet lor map, aret vinn kuyonn lepep deza zot 1 bann salop menteurs. Lalyans pena sanzement.","Eh aret ou cinéma dow. Lot fois ti pareil kumadir pu li kan li. Fer sa li pe atann ki so bann membres met zot enba suppliy li après ki li ale li reste li fini rempli so poss. Tu gouvernement ki ti la li reste leader so parti, li dan l'opposition asize b",0.344559585492228,0.32051282051282054,False,punctuation_error;capitalization_error;spacing_error;missing_word_error
test,Quand ena covid li capave ferme la port,Quand ena Covid li kapav ferme laporte.,"Quand ena Covid, li kapav ferme la porte.",0.05128205128205128,0.42857142857142855,False,punctuation_error;spacing_error;extra_word_error
test,"[NAME], remark ki to asiz par dehier tw chemin pas bon boss si to ti roule 1 loto to ti pu kner","[NAME], remarke ki to asize par deryer twa. Chemin pas bon boss, si to ti roule 1 loto to ti pu kone.","[NAME], remarke ki to asize par deryer twa chemin. Pas bon boss. Si to ti roule 1 loto to ti pu kone.",0.0594059405940594,0.22727272727272727,False,punctuation_error;capitalization_error;spacing_error
test,"Fini fer conner bonher si pou ena lecol, kon nu, enfant fini sorti, lela pou dire pas ena lecol","Fini fer kone bonher si pu ena lekol, kone nu, enfant fini sorti, lerla pu dire pas ena lekol.","Fini fer kone bonher si pu ena lekol, kone nu, enfant fini sorti, lela pu dire pas ena lekol.",0.010638297872340425,0.05263157894736842,False,capitalization_error;spacing_error
test,Aller 1 fois to p fer trop dans ca gouvernement la to ene vaux rien,Ale 1 fois! To pe fer trop dans sa gouvernement la. To enn vo rien.,"Ale 1 fois to pe fer trop dans sa gouvernement la, to enn vo rien.",0.05970149253731343,0.26666666666666666,False,punctuation_error;capitalization_error;spacing_error
test,B kan p partage mine bouill gros pois dan gran bassin ki ban jeune la pu all manzer dan le pok karem!!!,"B kan pe partage mine bouille gros pois dan Grand Bassin, ki bann zenn la pu ale manze dan lepok carem!!!","B kan pe partage mine bouille gros pois dan Grand Bassin, ki bann jeune la pu ale manze dan lepok karem!!!",0.0380952380952381,0.09523809523809523,False,capitalization_error;spacing_error
test,Ki bizin fr la moi mo dire zot gueter demain li p gagne caution li ban fami victime prend mouchoire assizer plorer c sa lile maurice ban kam,"Ki bizin fer la? Moi mo dire zot: get demain li pe gagne caution. Li bann fami victime prend mouchoire, asize, plore. Se sa lil Maurice, bann kamarad.","Ki bizin fer la? Moi mo dire zot get demain li pe gagne caution. Li bann fami victime prend mouchoire, asize, plore, se sa lil Maurice, bann kamarad.",0.02,0.10714285714285714,False,punctuation_error;capitalization_error;spacing_error
test,Aster zot découvert l'Amérique pas zis dans la police ki coumsa dans beaucoup institution gouvernementale sa déroulé,Aster zot découvert l'Amérique pas zis dans la police ki kumsa dans beaucoup institution gouvernementale sa derule.,"Aster zot découvert l'Amérique. Pas zis dans la police ki kumsa, dans beaucoup institution gouvernementale sa derule.",0.02608695652173913,0.17647058823529413,False,punctuation_error;capitalization_error;spacing_error
test,Servi cpte lot kou madame 🥲,Servi capote lot kut madame. 🥲,Servi kapav lot kut madame. 🥲,0.13333333333333333,0.16666666666666666,False,capitalization_error;spacing_error
test,"Réalité, government officials... Zot bizin faire chemin ene fasion ki kan ene transport pe sorti ou ene lot transport pa vini... Capave trouve.. Avec sa muraille la... Li difficile pou kone kan pou sorti out non.. Si bien change semain so place.. Ou faire li vine one way.. Ou faire tire sa muraille la... L'autorité bizin prand ene decision.. Pou pa re enar accident la bas.","Réalité, government officials... Zot bizin faire chemin enn fason ki kan enn transport pe sorti ou enn lot transport pa vini... Kapav truve.. Avec sa muraille la... Li difficile pu kone kan pu sorti out non.. Si bizin change semain so place.. Ou faire li vinn one way.. Ou faire tire sa muraille la... L'autorité bizin pran enn decision.. Pu pa reena accident laba.","Réalité, government officials... Zot bizin faire chemin enn fasion ki kan enn transport pe sorti ou enn lot transport pa vini... Kapav truve.. Avec sa muraille la... Li difficile pu kone kan pu sorti out non.. Si bien change semain so place.. Ou faire l",0.3150684931506849,0.34375,False,punctuation_error;capitalization_error;spacing_error;missing_word_error
test,L’occasion faire changer permis conduire et renouveler chaque dix ans deux permis identique pas photo copie,"L’occasion faire change permis kondire et renouvele chaque dix ans, deux permis identique pas photo copie.","L’occasion faire change permis kondire et renouvele chaque dix ans. Deux permis identique, pas photo copie.",0.02830188679245283,0.1875,False,punctuation_error;capitalization_error;spacing_error
test,Coir moi tou laboutic bizin ggn 1 fizi pou zt secerite aster Maurice in tro denzere,Krwar moi tu laboutik bizin gagne 1 fizi pu zot sekirite aster Maurice inn tro denzere.,Krwar moi tu laboutik bizin gagne 1 fizi pu zot sekirite. Aster Maurice inn tro denzere.,0.022988505747126436,0.125,False,punctuation_error;capitalization_error;spacing_error
test,Svp eski kpav retire sa ban ceki dans parlement la aussi,"Svp, eski kapav retire sa bann seki dans parlement la aussi?",Svp eski kapav retire sa bann seki dans parlement la aussi?,0.016666666666666666,0.09090909090909091,False,punctuation_error;spacing_error
test,Ena expert dans tous zaffaires a maurice meteo politique lla loi et accident etc kuma dire tout ce p mette pathetique ti sur place aumoment ti ena sa accident,"Ena expert dans tu zafer a Maurice: meteo, politique, la loi et accident, etc. Kumadir tu se pe met pathetique ti sur place au moment ti ena sa accident.","Ena expert dans tu zafer a Maurice, meteo politique, la loi et accident, etc. Kumadir tu se pe met pathetique, ti sur place au moment ti ena sa accident.",0.0196078431372549,0.10344827586206896,False,punctuation_error;spacing_error
test,Guet kot lepep p aler dans film ek sa ban buffon la,Get kot lepep pe ale? Dans film ek sa bann boufon la.,Get kot lepep pe ale dans film ek sa bann buffon la.,0.07547169811320754,0.25,False,punctuation_error;capitalization_error;spacing_error
test,"Ena p dir gros poumon sipaki mo ggt ici. Selman, 1 zour la lin plein port louis r marsand. Tne fini blier ki 1 an lin bez la grain r pension, lin trasse kass r rama, etc.. Et lot lannee si li poo bour zot tou pareil. Saem li bon, vin marse marser le 25 dec dan port louis, apres le rest l'année poo asizer poo met lamain dan nu la gorge","Ena pe dir gros poumon sipaki mo gogot ici. Selma, 1 zur la linn plein Port Louis ar marsand. Tonn fini bliye ki 1 an linn bez la grain ar pension, linn trasse kas ar Rama, etc.. Et lot lane si li pu boure zottu pareil.. Samem li bon, vinn marse marser le 25 decembre dan Port Louis, apre le reste l'année pu asize pu met lamain dan nu la gorge.","Ena pe dir gros poumon sipaki mo gogot ici. Selma, 1 zur la linn plein Port Louis ar marsan. Tonn fini bliye ki 1 an linn bez la grain ar pension, linn trasse kas ar rama, etc.. Et lot lane si li pu boure zottu pareil. Samem li bon, vinn marse marser le 2",0.263768115942029,0.29577464788732394,False,punctuation_error;capitalization_error;spacing_error;missing_word_error
test,"[NAME], moii mo ti p pense itsrainningwilliam so lecourse dan barbe pann gagn concentré 💔🥲🤣🤣","[NAME], moi mo ti pe pense: 'it's rainning william' so lecourse dan barbe pann gagne concentré! 💔🥲🤣🤣","[NAME], moi mo ti pe pense it'srainning William. So lecourse dan barbe pann gagne concentré. 💔🥲🤣🤣",0.07,0.35294117647058826,False,punctuation_error;capitalization_error;spacing_error;missing_word_error
test,Si dans lekol ti fr [NAME] 1 lesson em pa ti pu bisin doner mo garçon ti dans grade 3 last year ti kav compter comier jr miss la ti p vin travail dans 1 an,"Si dans lekol ti fer seki bizin, 1 lesson mem pa ti pu bizin done. Mo garçon ti dans grade 3 last year, ti kapav compter komie zur miss la ti pe vinn travail dans 1 an.","Si dans lekol ti fer [NAME], 1 lesson mem pa ti pu bizin donne. Mo garçon ti dans grade 3. Last year ti kapav compter, komie zur miss la ti pe vinn travail dans 1 an.",0.08928571428571429,0.1891891891891892,False,punctuation_error;capitalization_error;spacing_error;missing_word_error
test,Ti toutou. Cot to la chaîne???. To pas ti ena to la chaîne quand ramgolam ti passe la cour??. Enfin mo pe envie dire to micro 🎤. Mauvais macro,Ti toutou. Kot to la chaîne???. To pas ti ena to la chaîne quand Ramgoolam ti passe lakour?????. Enfin mo pe anvi dire to micro 🎤??. Mauvais macro.,Ti toutou. Kot to la chaîne???. To pas ti ena to la chaîne quand Ramgoolam ti passe lakour??. Enfin mo pe anvi dire to micro 🎤 Mauvais macro.,0.04081632653061224,0.07142857142857142,False,punctuation_error;spacing_error
test,La mer pas appartient à aucaine creature sa li appartient selment à createur laisse ti dimun vivre la loi maurice applique zis pour to dimun,"La mer pas appartient à okenn kreatir sa, li appartient selma à createur, laisse ti dimunn viv. La loi Maurice applique zis pour tu dimunn.",La mer pas appartient à okenn creature sa li appartient selma à createur. Laisse ti dimunn viv la loi Maurice applique zis pour tu dimunn.,0.05755395683453238,0.24,False,punctuation_error;capitalization_error;spacing_error
test,Lamai lipie encore bon remercié bon dieu bez fess al travail ban paress,"Lamain, lipied encore bon. Remercié Bondieu. Bez fesse ale travail, bann paress.","Lamain lipied encore bon. Remercié Bondieu bez fesse ale travail, bann paress.",0.0375,0.25,False,punctuation_error;capitalization_error;spacing_error
test,Tuzur van contract presser liksrma tou le zour zot kumsa zot pa accepte arret giv way ou atan,Tuzur van contract presse liksrma. Tulezur zot kumsa: zot pa accepte aret give way ou atann.,Tuzur van contract presse liksrma tulezur. Zot kumsa zot pa accepte. Aret give way ou atann.,0.07608695652173914,0.375,False,punctuation_error;capitalization_error;spacing_error
test,Eski largent lessons zot declare ou pay tax lo la,Eski larzan lessons zot deklare ou pay tax lo la.,Eski larzan lesson zot deklare ou pay tax lo la?,0.04081632653061224,0.2,False,punctuation_error;capitalization_error;spacing_error
test,Less zot trace zot lavi dan place pou ale droguer fimer mas government done zot zot permit pou travails ki to pe atan zame no economics blues,"Less zot trace zot lavi dan place pu ale droge fime mas. Government donne zot. Zot permis pu travail, ki to pe atann? Zame no economics blues.","Laisse zot trace zot lavi dan place pu ale droguer, fime, mas government donne zot zot permis pu travail ki to pe atann. Zame no economics blues.",0.09154929577464789,0.3333333333333333,False,punctuation_error;capitalization_error;spacing_error
test,Pays en ba la o desordre partou travailliste ek mmm ine fini sa pays la,Pays embalao. Dezord partu. Travailliste ek MMM inn fini sa pays la.,Pays enba la o dezord partu travailliste ek MMM inn fini sa pays la.,0.10294117647058823,0.5,False,punctuation_error;capitalization_error;spacing_error;extra_word_error
test,B BANE POISSON EK BANE ANGUILLE LABA LA VEG SA SVP 😌,"B BANN POISSON EK BANN ANGUILLE LABA LA, VEG SA SVP? 😌",B BANN POISSON EK BANN ANGUILLE LABA LA VEG SA SVP. 😌,0.037037037037037035,0.16666666666666666,False,punctuation_error;spacing_error
test,Cmbien Zot pas p montrer Astr lol ca cki Zot p mntrei dimune la b Derier sa Cmbien million p fr labas Zot pas p montrer,"Komie zot pas pe montre aster lol? Sa seki zot pe montre dimunn la. B deryer sa, komie million pe fer laba? Zot pas pe montre.","Combien zot pas pe montre aster? Lol, sa seki zot pe montre dimunn la, b deryer sa. Komie million pe fer laba zot pas pe montre.",0.10317460317460317,0.38461538461538464,False,punctuation_error;capitalization_error;spacing_error
test,Ziss koze sa zero aksion.... Zot ava ras 2 3 ti pie ki dieu inn donn lavi..... Pou dir zot ki ena pouvoir......,Zis koze sa zero aksion.... Zot ava rase 2 3 ti pye ki Dieu inn donne lavi..... Pu dir zot ki ena pouvoir......,"Zis koze sa zero aksion.... Zot ava rase 2, 3 ti pye ki Dieu inn donne lavi..... Pu dir zot ki ena pouvoir......",0.009009009009009009,0.043478260869565216,False,punctuation_error;spacing_error
test,Haram sa ban ka mem ki pli harami entire le monde p vive par fess akiz zot mem,"Haraam! Sa bann lamem ki plis harami entire le monde, pe viv par fesse akoz zot mem.","Haraam, sa bann kamarad ki plis harami entire le monde. Pe viv par fesse akoz zot mem.",0.10714285714285714,0.29411764705882354,False,punctuation_error;capitalization_error;spacing_error
test,non pas case latet.. pas pou bez business livraison bane ti bolome bleu...,"Non, pas kase latet.. pas pu bez business livraison bann ti bolom bleu...",Non pas case latet.. pas pu bez business livraison bann ti bolom bleu...,0.0273972602739726,0.15384615384615385,False,punctuation_error;spacing_error
test,ZTE bisin cumance fr bon travaille Pou ZTE re ggne respect popilation ✅,Zot bizin komans fer bon travail pu zot re gagne respect popilasyon. ✅,Zot bizin komans fer bon travail pu zot. Re gagne respect popilation. ✅,0.05714285714285714,0.23076923076923078,False,punctuation_error;capitalization_error;spacing_error
test,Hep zot ine rate 2 dimounes lor chart la. Call moi linfo la gratuit🤣🤣🤣🤣🤣🤣🤣,"Hep, zot inn rate 2 dimunn lor chart la. Call moi, info la gratuit.🤣🤣🤣🤣🤣🤣🤣","Hep, zot inn rate 2 dimunn lor chart la. Call moi info la gratuit.🤣🤣🤣🤣🤣🤣🤣",0.013513513513513514,0.07142857142857142,False,punctuation_error;spacing_error
test,Fouff encore,Fouf! Encore?,Fouf encore.,0.23076923076923078,1.0,False,punctuation_error;capitalization_error;spacing_error
test,"[NAME], donne moi n rezon ki fer bizin al avec 10 van. Dans mo landroit ousi fin ena ban arestation koumsa, d van vinin prend aller, ki fer kot nous zot pas defan zot, parse ki nous envi sa fini, moi mo dire la police bizin met lachain partou oas less ban dimoun rantre pou al aster. E apre ban q p defan ban mafia less zot mort kot mo problem ladent","[NAME], donne moi enn rezon kifer bizin ale avec 10 van. Dans mo landrwat osi finn ena bann arestasyon kumsa, d van vinin prend ale, kifer kot nous zot pas defane zot? Parski nous anvi sa fini: moi mo dire la police bizin met lachain partu pas less bann dimunn rantre pu ale aster. Et apre bann qui pe defane bann mafia less zot mort kot mo problem ladan.","[NAME], donne moi enn rezon kifer bizin ale avec 10 van. Dans mo landrwa osi finn ena bann arestation kumsa, de van vinn prend ale, kifer kot nous zot pas defane zot, parski nous anvi sa fini? Moi mo dire la police bizin met lachain partu oas less bann di",0.30704225352112674,0.42028985507246375,False,punctuation_error;capitalization_error;spacing_error;missing_word_error
test,Maurice Cest un marii plaisir,"Maurice, se un mari plaisir.",Maurice se un mari plaisir.,0.03571428571428571,0.2,False,punctuation_error;spacing_error
test,Vau mieu parle plus rien,Vo mieu parle plus rien.,Vau mieu parle plus rien.,0.08333333333333333,0.2,False,capitalization_error;spacing_error
test,"[NAME], ena sa tres souvent c sa kalitee la mem ki pli pedophile sa","[NAME], ena sa tre souvent se sa kalite lamem ki plis pedophile sa.","[NAME], ena sa tre souvent. Se sa kalite lamem ki plis pedophile sa.",0.029850746268656716,0.15384615384615385,False,punctuation_error;capitalization_error;spacing_error
test,"Vrai sa, mo ti croire 1 tournage bollywood sa. Mo ti croire sa q ek revolver la Jhonny Lever sa",Vrai sa? Mo ti croire 1 tournage Bollywood sa. Mo ti croire sa qui ek revolver la Jhonny Lever sa.,"Vrai sa, mo ti croire 1 tournage Bollywood sa. Mo ti croire sa qui ek revolver la Jhonny Leve sa.",0.030612244897959183,0.15,False,punctuation_error;capitalization_error;spacing_error
test,Manière mo p lire ban commentaire dimoun p penser saem suspect kin gain batter plusieurs coup de matraque la beh ici zot p dire suspect in prend la fuite li en cavale alors which is which 🤔,Manière mo pe lire bann commentaire dimunn pe pense samem suspect kinn gagne bate plusieurs kut de matraque la. B ici zot pe dire suspect inn prend la fuite li en cavale alors which is which? 🤔,Manière mo pe lire bann commentaire. Dimunn pe pense samem suspect kinn gagne bate pliziers kut de matraque la. B ici zot pe dire suspect inn prend la fuite li en cavale alors which is which? 🤔,0.025906735751295335,0.08108108108108109,False,punctuation_error;capitalization_error;spacing_error
test,Torrrr! Line sanz bataz! Pa ti pou reconet li! Bro! Manz ar li!,"Tarr! Linn sanze bataz! Pa ti pu rekonet li! Brother, manze ar li.",Tor! Linn sanze bataz! Pa ti pu rekonet li! Brother! Manze ar li!,0.07575757575757576,0.3076923076923077,False,punctuation_error;capitalization_error;spacing_error
test,Zot pas pe tester ban bombe sa et surtou ban bombe nuclear parski kan fer research israel ti pe tester ban bombe pres r pole sud parski isreal pena place tester sa so ban bombe,"Zot pas pe teste bann bombe sa? Et surtout bann bombe nuclear? Parski kan fer research, Israel ti pe teste bann bombe pre ar pole sud, parski Israel pena place teste sa so bann bombe.",Zot pas pe teste bann bombe sa et surtout bann bombe nuclear parski kan fer research Israel ti pe teste bann bombe pre ar pole sud parski Israel pena place teste sa so bann bombe.,0.03278688524590164,0.17142857142857143,False,punctuation_error;capitalization_error;spacing_error
test,Extra sa promesse bis gratis vine augmentation ticket,Extra sa. Promesse bis gratis vinn augmentation ticket.,Extra sa promesse bis gratis vinn augmentation ticket.,0.03636363636363636,0.25,False,punctuation_error;capitalization_error;spacing_error
test,[NAME] nnnnn mo tifi la to bat lizier li disparait akoz sa mo pas prend risks,"[NAME] non. Mo tifi la: to bate lizye, li disparait. Akoz sa mo pas prend risks.","[NAME] non, mo tifi la to bate lizye li disparet akoz sa mo pas prend risks.",0.1,0.375,False,punctuation_error;capitalization_error;spacing_error
test,Bousse li yeux dimoune banne menteur,"Bousse li yeux dimunn, bann menteur.","Bouss li yeux dimunn, bann menteur.",0.027777777777777776,0.16666666666666666,False,capitalization_error;spacing_error
test,Sa. Vraie. Libertez,Sa vrai liberte.,Sa vrai. Liberte.,0.125,0.6666666666666666,False,punctuation_error;capitalization_error;spacing_error
test,Encore cinema dip pe commence aussitot 2026,Encore cinema dip pe commence aussitot 2026?,Encore cinema. DIP pe commence aussitot 2026.,0.11363636363636363,0.42857142857142855,False,punctuation_error;capitalization_error;spacing_error
test,Kapav possible vraiement line cokain ou mem fort possible sa fausse osi kar ou bizin montrer kan line traverser cot la caisse pou nous comprend si vraiement line payer ou prend aller sans payer bocoup p nek coment sans comprend ki parfois ena servi bane short video coumsa just pou gat reputation dimoune osi 🤔,"Kapav possible, vremem linn kokin ou mem fort possible sa fausse osi, kar ou bizin montre kan linn traverser kot la caisse, pu nous comprend si vremem linn peye ou prend ale sans peye. Buku pe nek comment sans comprend ki parfois ena servi bann short video kumsa just pu gat reputation dimunn osi. 🤔",Kapav possible vraiement linn kokin ou mem fort possible sa fausse osi kan ou bizin montre kan linn traverser kot la caisse pu nous comprend. Si vraiement linn peye ou prend ale sans peye. Buku pe nek komanter sans comprend ki parfois ena servi bann short,0.22742474916387959,0.32727272727272727,False,punctuation_error;capitalization_error;spacing_error;missing_word_error
test,A mon dieu quelle soufrance ou 1 parent trouve ou zenfant dans sa cire constance la vraiment dure le mo me manque beaucoup de courage sinpaties a vous 🙏🙏🙏😭 repose en paix,"A mon Dieu, quelle soufrance. Ou 1 parent truve ou zanfan dans sa sirkonstans la, vraiment dur. Le mo me manque beaucoup de courage. Sympathies à vous 🙏🙏🙏😭. Repose en paix.","A mon Dieu, quelle souffrance ou 1 parent truve ou zanfan dans sa cire constance la. Vraiment dure le. Mo me manque beaucoup de courage, sinpaties a vous. 🙏🙏🙏😭 Repose en paix.",0.13372093023255813,0.45161290322580644,False,punctuation_error;capitalization_error;spacing_error;extra_word_error
test,"Narien pa p changer.. Zis le peuple ki bizin respecter la loi.. Pou ban seki la haut, tou pareil.. Election n fer, ban la tete n changer.. System la enkor pareil, plito li pli danbez","Nanyin pa pe change... Zis le peuple ki bizin respecte la loi... Pu bann seki la haut, tu pareil... Election inn fer, bann latet inn change... System la ankor pareil, plito li plis dan bez.","Nanyin pa pe change.. Zis le peuple ki bizin respecte la loi.. Pu bann seki la haut, tu pareil.. Election enn fer, bann latet enn change.. System la ankor pareil, plito li plis dan bez.",0.031746031746031744,0.17142857142857143,False,punctuation_error;spacing_error
test,Bien bien triste sa ca la,Bien bien triste sa cas la.,Bien bien triste sa sa la.,0.07407407407407407,0.16666666666666666,False,capitalization_error;spacing_error
test,Ou bisin veille ou enfants. Coumsa mem ena enfants noyer dans piscine campement etc.,"Ou bizin veille ou enfants, kumsamem ena enfants noye dans piscine campement etc.","Ou bizin veille ou enfants. Kumsamem ena enfants noye dans piscine, campement, etc.",0.04938271604938271,0.3076923076923077,False,punctuation_error;capitalization_error;spacing_error
test,Zaffaore reprend encore banne NWO hidden agenda,Zafer reprend encore. Bann NWO: hidden agenda.,Zafer reprend encore bann NWO. Hidden agenda.,0.08695652173913043,0.5714285714285714,False,punctuation_error;capitalization_error;spacing_error
test,Par ene ti couyon 23 ans dir moi vous zot,Par enn ti kuyon 23 ans dir moi vous zot.,"Par enn ti kuyon 23 ans, dir moi vous zot.",0.024390243902439025,0.1,False,punctuation_error;spacing_error
test,Tou pe drese tigit tigit dan sa zoli ti pei la,Tu pe dresse tigit tigit dan sa zoli ti peyi la?,"Tu pe dresse tigit, tigit dan sa zoli ti peyi la.",0.041666666666666664,0.18181818181818182,False,punctuation_error;spacing_error
test,Look at this recklees& irresponsible driving licence bizin sauter ca,"Look at this recklees & irresponsible driving, licence bizin saute sa.",Look at this recklees & irresponsible driving licence. Bizin saute sa.,0.04285714285714286,0.2727272727272727,False,punctuation_error;capitalization_error;spacing_error
test,"[NAME], pas repone li. C ene fake account ki la zis pou alime difé. Li la zis pou creer la guerre. Samem so plezir piti la. Mo sagrin li li mank laffection","[NAME], pas reponn li. Se enn fake account ki la zis pu alime dife. Li la zis pu kree la guerre. Samem so plezir piti la. Mo sagrin li, li mank lafeksyon.","[NAME], pas reponn li. Se enn fake account ki la zis pu alime dife. Li la zis pu kree la guerre. Samem so plezir piti la. Mo sagrin li li mank lafeksyon.",0.006493506493506494,0.03125,False,punctuation_error;spacing_error
test,Pas zis letchi un bout melondo dan sac plastic 75rs la rue Desforges,"Pas zis letchi, un bout melondo dan sac plastic 75 Rs la rue Desforges","Pas zis letchi, un bout melondo dan sac plastic 75 Rs la rue Desforges.",0.014285714285714285,0.07142857142857142,False,punctuation_error;spacing_error
test,Less li line fr so bonus li mme....,Les li linn fer so bonus li madame....,Laisse li linn fer so bonus li madame....,0.10526315789473684,0.125,False,capitalization_error;spacing_error
test,Gros la plui rose belle lorage,"Gros la pluie Rose Belle, loraz.","Gros la pluie, Rose Belle loraz.",0.0625,0.3333333333333333,False,spacing_error
test,Touletemp mo pense ça ban personne la zot aussi zot ena neznez bnla aussi servi zot lamain pour manger pas coût nous nnrien acheter ban sac poubelle nous mettre tous nous ordures dedans attache li bien pour facilite zot travaille ena parfois mo trouve l'etat certains dimun zot poubelle eski zot pas honteux 1tipeu manger par terre lichien p faire dégâts c'est 1lahonte pour ban personne ki pna l'ordre dans zot,"Tultan mo pense sa bann dimunn la zot osi zot ena neznez. Banla osi servi zot lamain pu manze. Pa kut nu nanyin aste bann sak poubelle, nu met tu nu lordir ladan, atase li bien pu fasilit zot travail. Ena parfwa mo truve leta sertin dimunn zot poubelle, eski zot pa onte enn tipe? Manze par terre, lisyen pe faire dégâts. C'est enn laonte pu bann dimunn ki pena lord dan zot.",Tultan mo pense sa bann personne la. Zot aussi zot ena neznez banla aussi servi zot lamain pour manze. Pas kut nous nanyin aste bann sac poubelle. Nous met tu nous ordures dedans. Attache li bien pour facilite zot travail. Ena parfois mo truve l'etat cert,0.5066666666666667,0.6712328767123288,False,punctuation_error;capitalization_error;spacing_error;missing_word_error
test,"[NAME], ou pa fin compren larticle la. Pa fin dir ki docter pa pu ena dan lopital. Mai 1 sel docter pa capav travail 24h tou les jours san off ladan","[NAME], ou pa finn konpran lartik la. Pa finn dir ki docter pa pu ena dan lopital. Me 1 sel docteur pa kapav travail 24h tulezur san off ladan.","[NAME], ou pa finn konpran lartik la. Pa finn dir ki docteur pa pu ena dan lopital. Me 1 sel docteur pa kapav travail 24hr tulezur san off ladan.",0.013986013986013986,0.06896551724137931,False,capitalization_error;spacing_error
test,Kisanla sa sioupait 😅,Kisanla sa silvuple? 😅,Kisanla sa silvupait? 😅,0.13636363636363635,0.25,False,capitalization_error;spacing_error
test,"Kifer na pa fine dir ki la banque et met dimoune la so nom complet, cuma zot ti fer concernan 1 case la banque mcb desforge p. louis","Kifer pann finn dir ki la banque et met dimunn la so nom complet, kuma zot ti fer concernant 1 case la banque MCB Desforges, Port Louis.","Kifer napa finn dir ki la banque et met dimunn la so nom complet? Kuma zot ti fer concernan 1 case la banque MCB Desforges, Port Louis?",0.051470588235294115,0.18518518518518517,False,punctuation_error;capitalization_error;spacing_error
test,Fini couyone zot la dimoune bien bet ine donne rs635 compensation apres bouss lizier ar night market,Fini kuyon zot la dimunn bien bet inn donne Rs635 compensation apre bouss lizye ar night market.,Fini kuyon zot la. Dimunn bien bet inn donne Rs635 compensation apre bouss lizye ar night market.,0.020833333333333332,0.11764705882352941,False,punctuation_error;capitalization_error;spacing_error
test,Ena sa quan ena fort escort pu prisonnier e pu li pas evade,Ena sa kan ena fort escort pu prisonnier et pu li pas evade.,Ena sa quand ena fort escort pu prisonnier et pu li pas evade.,0.05,0.07692307692307693,False,capitalization_error;spacing_error
test,Mais dans sa 12hrs temps la même zot pas dans l'hôpital ena fois ou alle l'hôpital ena 1 sel docteur mais 24/7 la boucou faire dans zot la case ou soi dans cabinet privé,"Mais dans sa 12hr tan lamem, zot pas dans l'hôpital. Ena fois ou ale l'hôpital, ena 1 sel docteur. Mais 24/7 la, buku faire dans zot la case ou soi dans cabinet prive.",Mais dans sa 12hr tan lamem zot pas dans l'hôpital ena fois ou ale l'hôpital ena 1 sel docteur mais 24/7 la buku faire dans zot lakaz ou soi dans cabinet prive.,0.0658682634730539,0.2727272727272727,False,punctuation_error;capitalization_error;spacing_error;missing_word_error
test,Seigneur seigneur protege tou nou bne conducteur mo trouv zis sa mm zrdi lor mo fbk seigneur🙏🏼,"Seigneur, Seigneur protez tu nu bann conducteur. Mo truve zis samem zordi lor mo Facebook Seigneur.🙏🏼","Seigneur, Seigneur protez tu. Nu bann conducteur mo truve zis samem zordi lor mo Facebook Seigneur.🙏🏼",0.039603960396039604,0.25,False,capitalization_error;spacing_error
test,Mo pa compren kifer nou ena tendence juger critiquer alor qui c’est ene situation ki zamer noune viv coumadir si nou ti dan plass madame la nou ti pou kpav fer mieux li facil pou dir ki dan plass madame la nou ti pou fer tel ou tel choses mai nou pa koner ki madame p endurer ek so belles ser et surtou avec so mari pou line bizin res trankil tou sa letem la,"Mo pa konpran kifer nu ena tendence juger, kritik. Alor ki se enn situation ki zame nu viv, kumadir si nu ti dan plas madame la, nu ti pu kapav fer mieux. Li fasil pu dir ki dan plas madame la nu ti pu fer tel ou tel choses. Me nu pa kone ki madame pe endurer ek so belser, et surtout avek so mari, pu linn bizin res trankil tusa letan la.","Mo pa konpran kifer nu ena tendence juger kritik? Alor qui se enn situation ki zame nu viv kumadir. Si nu ti dan plas madame la, nu ti pu kapav fer mieux li fasil pu dir ki dan plas madame la nu ti pu fer tel ou tel choses. Me nu pa kone ki madame pe endu",0.2713864306784661,0.3424657534246575,False,punctuation_error;capitalization_error;spacing_error;missing_word_error
test,Ici car mem to met la loi pendi si pa pu servi narien parceki mangere kk pa manké dan maurice,"Ici karmem to met la loi pendi si, pa pu servi nanyin parski manze kaka pa mank dan Maurice.","Ici car mem to met la loi pendi. Si pa pu servi nanyin parski manze kaka, pa mank dan Maurice.",0.06521739130434782,0.2631578947368421,False,punctuation_error;capitalization_error;spacing_error;extra_word_error
test,Ena problem dans nous ti Île la zot azordi sa kantiter accident la pas facile sa bien chagrin ek bien triste 😢,"Ena problem dans nous ti île la. Zot, azordi sa kantite accident la pas facile sa bien chagrin ek bien triste. 😢",Ena problem dans nous ti île la zot azordi sa. Kantite accident la pas facile sa. Bien chagrin ek bien triste. 😢,0.0625,0.2727272727272727,False,punctuation_error;capitalization_error;spacing_error
test,ki dimun dans moris pas cne lendroit goodlands bizin cass cass zot lezo kumsa mem sa bne droguer la,Ki dimunn dans Moris pas kone landrwa Goodlands? Bizin kase kase zot lezo kumsamem sa bann droguer la.,Ki dimunn dans Moris pas kone landrwa? Goodlands bizin kase kase zot lezo kumsamem sa bann droguer la.,0.029411764705882353,0.16666666666666666,False,capitalization_error;spacing_error
test,Sa semaine la chikun. Next wik covid. 1 sel cou tan pak nipa,Sa semaine la Chikungunya. Next week Covid. 1 sel kude tande pak Nipah.,Sa semaine la Chikun. Next wik Covid. 1 sel kut tande pak Nipa.,0.14084507042253522,0.3076923076923077,False,capitalization_error;spacing_error
test,Mon dieu mo ena limpression 1 film ki p jouer,"Mon Dieu, mo ena limpresyon, 1 film ki pe jouer.","Mon Dieu, mo ena linpresyon 1 film ki pe jouer.",0.041666666666666664,0.1,False,punctuation_error;spacing_error
test,1bn kk fss lor lettre zot meter ale ebene height kn ale lba direkter la dir mes p couyone dmune zot pa pou kpv fr oken transfer pa so domaine sa bzin ale mitd sa kou la kan ale lba zot dir bzin atan 1mois moem mo nepli cmp zot p tourne dmune en bourik zrdi le 9 lekol admission lundi 1ferfout lettre pane ggner v dir si pa ti ale mes pa ti pou cne 1ferfoute zot fr tou a lenvers ek lorla pli zoli directer mes dir li pa pou kpv fr nnr ek li pa cne nnr li bzin ale Ministere Ledikasyon lba o6 mem couyonad ine eariv lher pou sanz sa system kk la,"1 bann kaka fesse lor lettre. Zot ale Ebène height, kan ale laba direkter la dir mes pe kuyon dimunn. Zot pa pu kapav fer okenn transfer, pa so domaine sa, bizin ale MITD. Sa kut la kan ale laba, zot dir bizin atann 1 mois. Moem mo nepli konpran. Zot pe tourne dimunn en bourik. Zordi le 9, lekol admission lundi, 1 ferfoute lettre pann gagne. Vdire si pa ti ale MES, pa ti pu kone 1 ferfoute. Zot fer tu a lanver ek lor la plis zoli direkter MES dir li pa pu kapav fer nanyin ek li pa kone nanyin. Li bizin ale minister ledikasyon laba osi. Mem kuyonad inn arrive ler pu sanze sa system kaka la.",1 bann kaka fesse lor lettre zot met ale ebene height kan ale laba direkter la dir me pe kuyon dimunn. Zot pa pu kapav fer okenn transfer pa so domaine sa. Bizin ale MITD. Sa kut la kan ale laba zot dir bizin atann 1 mois. Moem mo nepli konpran zot pe tou,0.5939597315436241,0.6694214876033058,False,punctuation_error;capitalization_error;spacing_error;missing_word_error
test,Aster sommeil case. Pendant 2025 cote ti ete pas ti trouve sa ban problem la. Fin faire abc,"Aster, sommeil kase. Pendant 2025, kot ti ete? Pas ti truve sa bann problem la. Fin faire asize bez kas.",Aster sommeil kas. Pendant 2025 kot ti ete? Pas ti truve sa bann problem la. Finn faire asize bez kas.,0.038461538461538464,0.2,False,punctuation_error;capitalization_error;spacing_error
test,B patron kamion lameme pas sofer la patron lamem ine bzn ibe arose lapolice pou protez so kamion lor laroute sofer la kav pna lisense nanier la si pas bouG roD sofer la sort nil akoz so patron in aroser,"B patron kamion lamem, pas sofer la. Patron lamem inn bizin inn arose lapolis pu protez so kamion lor la route. Sofer la kapav pena license nanyin. La si pas bouge rode sofer la sort nil, akoz so patron inn arose.","B patron kamion lamem pas sofer la, patron lamem inn bizin ibe arose lapolis pu protez so kamion lor la route. Sofer la kapav pena license nanyin la. Si pas boug rode sofer la sort nil akoz so patron inn arose.",0.051643192488262914,0.21951219512195122,False,punctuation_error;capitalization_error;spacing_error
test,[NAME] imbecile vagabond coureur de jupon,"[NAME] inbesil, vagabond, coureur de jupon.",[NAME] inbesil vagabond coureur de jupon.,0.046511627906976744,0.3333333333333333,False,punctuation_error;spacing_error
test,"Person pa parfait lr sa la terre la. Arret juge sa boug la, dimoune la pu sa, zt fort lr critic. guet sa ministre ti Kokin maquillage la. moi mo bien apprecier so bnn humour, ln bien fr nu riyé. Res fort frere pa dcourager","Personne pa parfait lor sa la terre la. Aret juge sa boug la, dimunn la pu sa zot fort lor critic. Get sa ministre ti kokin maquillage la. Moi mo bien apprecier so bann humour. Inn bien fer nu riye. Res fort frere pa decouraze.","Personne pa parfait lor sa la terre la. Aret juge sa boug la, dimunn la pu sa, zot fort lor kritik. Get sa ministre ti kokin maquillage la. Moi mo bien apprecie so bann humour, linn bien fer nu riye. Res fort frere pa decourage.",0.03524229074889868,0.13333333333333333,False,punctuation_error;capitalization_error;spacing_error
test,"[NAME], cest vre plito lin manz so kou lapolice nek vine mt n menot dans lamain fini lavenir kouma pou viv ou dan prison madam zenfant so koter ayo gan frisson kn mazine sa ki bondieu protez nou noou pa vine nerport avec banne nerport","[NAME], se vre plito linn manze so kut lapolis nek vinn met enn menotte dans lamain fini lavenir. Kuma pu viv ou dan prison madam zanfan so kote ayo gagne frisson kan mazine sa. Ki Bondieu protez nu. Nu pa vinn nerport avec bann nerport.","[NAME], se vre. Plito linn manze so kut lapolis nek vinn met enn menotte dans lamain. Fini lavenir kuma pu viv ou dan prison. Madam, zanfan so kote, ayo, gagne frisson kan mazine. Seki Bondieu protez nu, nu pa vinn nerport avec bann nerport.",0.08016877637130802,0.3333333333333333,False,punctuation_error;capitalization_error;spacing_error;missing_word_error
