split,input_text,target_text,prediction,sentence_cer,sentence_wer,exact_match,error_categories
test,Sofer simik ou ena pli boukou lalkol dn so disan so lizie flou li kwar li lor priorite pou li,Sofer simik ou ena plis buku lalkol dan so disang. So lizye flou li krwar li lor priorite pu li.,Sofer simiik  u nn pli bouu llalolo dond dodis so so so soi so li li li li li lor lor plir priri pori pu pu pu pu pu pu pu pu pu pu pu pu pu pu pu pu pu pu pu pu pu pu pu pu pu pu pu pu pu pu pu pu pu pu pu pu pu pu pu pu pu pu pu pu pu pu pu pu pu pu pu ,2.03125,3.45,False,punctuation_error;capitalization_error;spacing_error;extra_word_error
test,Bour dife da loto la,Boure dife dan loto la.,Bour dife  da lot la la.,0.2608695652173913,0.8,False,capitalization_error;spacing_error;extra_word_error
test,"[NAME], 1 show sa. Zis pou couyone dimoune. Surtout ban militants coltar","[NAME], 1 show sa. Zis pu kuyon dimunn. Surtout bann militants coaltar.","[NAME], 1 1hhow sa si si pu ku ouyon dimunn . uur t tant mint tilttant tottant totta.",0.4507042253521127,1.25,False,punctuation_error;capitalization_error;spacing_error;extra_word_error
test,ESKI LEGAL SA DIMOUN TRAVAY 24/7 SIRTOU DAN SECTEUR MEDICAL SERVICE BIZIN OUVER 24/7 MAIS PAR ROTATION,ESKI LEGAL SA DIMUNN travail 24/7?? SIRTU DAN SECTEUR MEDICAL? SERVICE BIZIN OUVER 24/7 MAIS PAR ROTATION.,EIE   ANA A A A   AME  NAME ANA SA SS SS SO  SA  ER  IN  IN  IN  IN  IN  IN  IN  IN  IN  IN  IN  IN  IN  IN  IN  IN  IN  IN  IN  IN  IN  IN  IN  IN  IN  IN  IN  IN  IN  IN  IN  IN  IN  IN  IN  IN  IN  IN  IN  IN  IN  IN  IN  IN  IN  IN  IN  IN  IN  IN  IN,2.0849056603773586,3.764705882352941,False,punctuation_error;capitalization_error;spacing_error;extra_word_error
test,Ton polo ou fine bien faire pou ca pays la mo pense ou bizin alle repose kapav ou ena raison mais ou pas pou kapav change le monde.. Plito ou alle la tete haute.. Ou fine donne ou contribution,"Ton Polo, ou finn bien faire pu sa pays la. Mo pense ou bizin ale repose. Kapav ou ena raison, mais ou pas pu kapav change le monde.. Plito ou ale latet haute.. Ou finn donne ou contribution.",Ton polo  u finn binn faire pa pay pays  mo pe so pe se bizin  e pa pe pa pa pa pa sa sa an  a a a a pa sa pa a pa a pa pa  a pa  a a  a  a  a  a  a  e                               u  u  u  u  u  u  u n  ou ent  ou tou ent  ou tou ent  ou tou ent  ou tou,0.8167539267015707,1.605263157894737,False,punctuation_error;capitalization_error;spacing_error;extra_word_error
test,Ferme ta guele conasse,Ferme ta guele conasse.,Ferme ta guele consssese.,0.13043478260869565,0.25,False,capitalization_error;spacing_error
test,Geut so zar largent facile li faire my god,Get so zar larzan facile li faire my God.,Geut so  zar largent faccile li fire  e  oy godod.,0.36585365853658536,0.7777777777777778,False,capitalization_error;spacing_error;extra_word_error
test,Li p rod dir ou ki virus nepa fini rentre samem li p fer peur,"Li pe rode dir ou ki virus nepa fini rantre, samem li pe fer peur.",Li pe rodd dirr ou ki virus  n pa finn rentrere      pe pe pe pe perere perere.,0.3939393939393939,0.7333333333333333,False,punctuation_error;capitalization_error;spacing_error;extra_word_error
test,Sa zafer la pnna vaccine contre sa... à prendre vraiment au sérieux...... niveau maximal je dirai,Sa zafer la pena vaccine contre sa... à prendre vraiment au sérieux...... niveau maximal je dirai,Sa zafer la pann vacccccinnn conn rant sa... Perrder  raminn aure............................................................ Paimili di dimiili dire diri diri.,1.041237113402062,0.8125,False,punctuation_error;capitalization_error;spacing_error;extra_word_error
test,Mes sympathies a la famille vremem li pa facile,"Mes sympathies à la famille, vremem li pa facile.",Mes sympathiie  la la fammille vemmem li pa facile.,0.16326530612244897,0.4444444444444444,False,punctuation_error;capitalization_error;spacing_error
test,Meme Pas dans envelope?,Mem pas dans envelope?,Meme aas dans ennelope?,0.13636363636363635,0.75,False,capitalization_error;spacing_error
test,"[NAME], tifi la meme ine dire pas ti ena aucun baby quan li ti alle cot li supposer faire baby sitter la","[NAME], tifi lamem inn dire, pas ti ena aucun baby kan li ti ale kot li supposer faire babysitter la.","[NAME], tifi la meme inn dire pas  i  an  au u bann bann  u  li li li li li li pu se pa pe ban babie baite la ti ti te ta ti te ta ti te ta ti te ta ti te ta ti te ta ti te ta ti te ta ti te ta ti te ta ti te ta ti te ta ti te ta ti te ta ti te ta ti te t",1.801980198019802,3.55,False,punctuation_error;capitalization_error;spacing_error;extra_word_error
test,Depi to p chant sa eclak so baraz bcp problem p gagne stop r sa do 😡,"Depi to pe sante, sa eclate so baraz, buku problem pe gagne stop ar sa dow. 😡",Depi to pe chant sa se cekaka baraz bbapr bopble pe pe pagn  so po po  so  o  o  o do do do do do do do do do do do do do do do do do do do do do do do do do do do do do do do do do do do do do do do do do do do do do do do do do do do do do do do do do d,2.74025974025974,4.294117647058823,False,punctuation_error;capitalization_error;spacing_error;extra_word_error
test,Li fer client fume bred mourom saaa,Li fer client fume bred mourom sa.,Li fer  llinnt fume bere dourmommamasasaaaaa.,0.5,0.5714285714285714,False,capitalization_error;spacing_error;missing_word_error
test,Sorry mais avek nu cher Government 😅😅 zafair parait Dan pince n chance mo Dan UK loll,Sorry mais avek nu cher government 😅😅 zafer paret dan pince. Enn chance mo dan UK lol.,Sorry mais  vavek  u her  orvenn me t  a farar ta anan pann chann chann          la la la lla lllllllllllllllllllllllllllllllllllllllllllllllllllllllllllllllllllllllllllllllllllllllllllllllllllllllllllllllllllllllllllllllllllllllllllllllllllllllllllllllll,2.372093023255814,1.0588235294117647,False,punctuation_error;capitalization_error;spacing_error;extra_word_error
test,Mo trouve kuma dr camion la ine guet zis cot kot loto la p vini li pann dne le temps camion la full tord priorit pr van la🤦‍♀️🤦‍♀️🤦‍♀️,"Mo truve kumadir camion la inn get zis kot kot loto la pe vini, li pann donne letan. Camion la full antor. Priorite pour van la.🤦‍♀️🤦‍♀️🤦‍♀️",Mo trouve kuma dr  a maminn li ne ge zit zot kot lot la pli li li pe n  la pe  la pe  la mann la la la la la pre pre pre pa pa pa.,0.5214285714285715,1.1923076923076923,False,punctuation_error;capitalization_error;spacing_error;extra_word_error
test,"[NAME], bizin coupe so la main pou ki jamain li capav trap volant coumsa toute long so ladies li pou conne kifer so lamain fin coupez","[NAME], bizin coupe so la main pu ki zame li kapav trape volant. Kumsa toute long so lavi li pu kone kifer so lamain finn coupe.","[NAME], bizin  koupe so  la main pu kimai  lamain la  aapavavavavan  ou tou to  oot  oo  oo  oli lo so so so  oi e  o  o  i n  ou  ou  ou finn  ou fen  finn fon  finn fon  finn fon  finn fon  finn fon  finn fon  finn fon  finn fon  finn fon  finn fon  fin",1.3359375,1.8076923076923077,False,punctuation_error;capitalization_error;spacing_error;extra_word_error
test,Kumndia film papaohhh ek kumn lin kav ress trankil 9 ans sa pan manz li endn 🤷‍♀️,Kumadir film papa ek kuma linn kapav res trankil 9 ans? Sa pann manze li endan. 🤷‍♀️,Kumndia film paphhhhhhe kumunn linn kan kaver sa sa kan  ans la an  ann  nn nn nn ne ne ne ne ne ne ne ne ne ne ne ne ne ne ne ne ne ne ne ne ne ne ne ne ne ne ne ne ne ne ne ne ne ne ne ne ne ne ne ne ne ne ne ne ne ne ne ne ne ne ne ne ne ne ne ne ne ne,2.4285714285714284,4.352941176470588,False,punctuation_error;capitalization_error;spacing_error;extra_word_error
test,Linn roder linn ggner.....,Linn rode linn gagne.....,Linn roder linn ggnge..........................................................................................................................................................................................................................................,9.28,0.5,False,punctuation_error;capitalization_error;spacing_error
test,"[NAME], pareil cmt beaucoup p work dans magazin la boutik etc li pareil ban comments certains dimounes ça ouf🤦‍♀️","[NAME], pareil kuma beaucoup pe work dans magazin, la boutik etc, li pareil! Bann comments certains dimunn sa, ouf.🤦‍♀️","[NAME], pareil  ctme beuu po po por dan dan magazin la bant ki  la  la  e  an  coment samenn samenn sa  u ",0.453781512605042,1.0,False,punctuation_error;capitalization_error;spacing_error;extra_word_error
test,Boss depi oune tire sa chanter la Vraiiem tou chauffeur p eclat baraz en 2026 👊,"Boss, depi ou tire sa chanter la vraimen tu chauffeur pe eclate baraz en 2026. 👊",Boss depi  ounn ti ra e channt rater lar i mu  u chufeu  chaufer  e  a an  202020 2020 2026,0.6,1.1875,False,punctuation_error;capitalization_error;spacing_error;extra_word_error
test,Eski pou ena lekol demain????? Svp,Eski pu ena lekol demain????? Svp.,Eski pu  ena lekol deman???????,0.20588235294117646,0.3333333333333333,False,punctuation_error;capitalization_error;spacing_error;missing_word_error
test,Moi mo dir laiss saleté la laba em,Moi mo dir laisse salte la labamem.,Moi mo dir lasssssse te la lababa.,0.22857142857142856,0.42857142857142855,False,capitalization_error;spacing_error
test,Hey aret pran nou pou gopia do bege to vieux fesse la aller mauvais menteur,"Hey! Aret pran nu pu gopia dow! Bez to vieux fesse la, ale move menteur.",Hey aret prann nu pu gopi do  o ge boe to e  e fesse fes ela la ala amans mente.,0.4444444444444444,1.0666666666666667,False,punctuation_error;capitalization_error;spacing_error;extra_word_error
test,Banla aussi ti al fer aller navin aller navin napa killer selman banla em in killer 🫣,Banla aussi ti ale fer ale Navin ale Navin napa killer. Selma banla mem inn killer. 🫣,Banla aussi ti la fer lale na vann alle anvann na an la lale lalale la lan  lan li li li lile lile lile lile lile lile lile lile lile lile lile lile lile lile lile lile lile lile lile lile lile lile lile lile lile lile lile lile lile lile lile lile lile l,2.3058823529411763,3.0,False,punctuation_error;capitalization_error;spacing_error;extra_word_error
test,"[NAME], government la pa bon","[NAME], government la pa bon?","[NAME], gooverment la pa bonn bonn.",0.3103448275862069,0.6,False,punctuation_error;capitalization_error;spacing_error;extra_word_error
test,Facile pou zot accuse zot travailler voleur zot panser kan zot ena largent tou permit pou zot,"Facile pu zot accuse zot travayer voleur, zot pense kan zot ena larzan tu permis pu zot.",Facile pu zot accsse zot travallle voller zot zot pann  ann  an  ant en  are t pe pe pu pu tout pu tot pu tot pu tot pu tot pu tot pu tot pu tot pu tot pu tot pu tot pu tot pu tot pu tot pu tot pu tot pu tot pu tot pu tot pu tot pu tot pu tot pu tot pu to,2.1931818181818183,3.588235294117647,False,punctuation_error;capitalization_error;spacing_error;extra_word_error
test,Al fime n simik lasari tchurel 🙃,"Ale fime enn simik, lasari tchurel. 🙃",Al  fime nn simik lasar tharure le  ,0.2972972972972973,0.8571428571428571,False,punctuation_error;capitalization_error;spacing_error
test,[NAME] pa juste nom la banque la aussi dimoune la,"[NAME], pa just nom la banque la, aussi dimunn la.","[NAME], pa juste  onmom la bann la sausi dimunn  lann la.",0.32,0.6,False,punctuation_error;capitalization_error;spacing_error;extra_word_error
test,Total comie in ariver sa lannee la record sa,Total komie inn arrive? Sa lane la record sa.,Total comie inn ariver sa lann la rerord dard sa.,0.24444444444444444,0.6666666666666666,False,punctuation_error;capitalization_error;spacing_error;extra_word_error
test,[NAME] einn?? Ki pou fer???,[NAME] ein?? Ki pu fer???,"[NAME], ein????? i pu fer????????",0.4,0.8,False,punctuation_error;capitalization_error;spacing_error
test,Pren compte nu ban emergency food supply pendant carem😐,Pran compte nu bann emergency food supply pendant carem.😐,Pren commpte nu banne emegncyey food pupplepe dendann caramemamem.,0.3508771929824561,0.7777777777777778,False,capitalization_error;spacing_error
test,Cumsa mem ki cash p aler dhors,Kumsamem ki cash pe ale deor.,Cumsa mem ki cash pe ale dor dorss.,0.27586206896551724,0.6666666666666666,False,capitalization_error;spacing_error;extra_word_error
test,Pran li ameme li to lakage,Pran li amenn li to lakaz.,Pran li mame li to lakagage.,0.2692307692307692,0.3333333333333333,False,capitalization_error;spacing_error
test,Ena so cotée pervers ladan. Devek in fair kroir ok pou miam et in install li. Maintenant aboule le cash et teigne tou la eme,Ena so kote pervers ladan. Devek inn fer krwar ok pu miam et inn install li. Maintenant aboule le cash et teigne tu lamem.,Ena so cotte perere sa dadann  en  inn fir kor ko ko ki pu mime ti ti tint li tint la ti la te tantent ante te te te te te te te te te te e  e  e  e  e  e  e  e  e  e  e  e  e  e  e  e  e  e  e  e  e  e  e  e  e  e  e  e  e  e  e  e  e  e  e  e  e  e  e  ,1.459016393442623,2.9583333333333335,False,punctuation_error;capitalization_error;spacing_error;extra_word_error
test,Ferme impe do piitii,Ferme enpe dow piti.,Ferme impe do piitiiiiiiiii.,0.6,0.75,False,capitalization_error;spacing_error
test,Franchement moris diman plis ki sa,"Franchement, Moris demande plis ki sa.",Franchement moriss dimann plis si kiss sa.,0.2894736842105263,0.8333333333333334,False,punctuation_error;capitalization_error;spacing_error;extra_word_error
test,"[NAME], to kone ki la boutique sa","[NAME], to kone ki la boutique sa?","[NAME], to kone ki la boutiquus sa.",0.08823529411764706,0.2857142857142857,False,punctuation_error;capitalization_error;spacing_error
test,Zot fine decouyoner aster pas conner qui pou faire pou allé tire chat et laisse le rat faire ravage pas blier tire moustique parcequi seul animaux qui porteuses des virus,Zot finn dekuyone aster pas kone qui pu faire. Pu ale tire chat et laisse le rat faire ravage. Pas bliye tire moustique parski seul animaux qui porteuses des virus.,Zot finn decouyon  saste pas  onn  u  u  u  u faire pu  t  ta ti et  la te te te  la ta sa are  a a sa are  a sa sa  e  i e  aus e  u su u u u u u u u u u u u su su su su su su su su su su su su su su su su su su su su su su su su su su su su su su su su ,0.9939024390243902,2.566666666666667,False,punctuation_error;capitalization_error;spacing_error;extra_word_error
test,"Pas femme la, ki p text!! [NAME] in prend mobile so femme et p text. Ah bein!! 🤭😅😆","Pas femme la, ki pe text!! [NAME] inn prend mobile so femme et pe text. Ah bein! 🤭😅😆",Pas femme la  ki pe tett to [NAME] nn prend dobile moble se  e  e te te te  e be be be be be be be be be be be be be be be be be be be be be be be be be be be be be be be be be be be be be be be be be be be be be be be be be be be be be be be be be be be ,2.2976190476190474,4.0,False,punctuation_error;capitalization_error;spacing_error;extra_word_error
test,9 ans apres? Tight. Scénario peut être monter pièce par pièce par vengeance. Pas cave tout vr temps to rest trankil. Qui tone atane pendant 9 ans? P rode role sa. Next. Sinon ena cannard là-bas?,9 ans apre? Tight. Scénario peut être monte pièce par pièce par vengeance. Pas kapav tu vr tan to reste trankil. Qui tonn atann pendant 9 ans? Pe rode role sa. Next. Sinon ena cannard là-bas?,S  ans ppress  ighat . Sannari pe te tret pe per pe pperpe ppe pe pa pe pa pe pa e venn et et  t tre tre tre t trant  t  ant  ant ant ant an  an  an  an  an  an  an  an  an  an  an  an  an  an  an  an  an  an  an  an  an  an  an  an  an  an  an  an  an  a,0.8219895287958116,1.7777777777777777,False,punctuation_error;capitalization_error;spacing_error;extra_word_error
test,Ey arete fr boufon dow matlo... Apres ki pu tirer ban poissson ki ena dan lac sacrer,Ey aret fer boufon dow matlo... Apre ki pu tire bann poissson ki ena dan lac sacre.,Ey aret  frr boufon dow mot la... Ppres ki pu pu pi pris pa soisson  an  an an aan aacer asare asarer asarer asarer asarer asarer asarer asarer asarer asarer asarer asarer asarer asarer asarer asarer asarer asarer asarer asarer asarer asarer asarer asarer,2.325301204819277,2.235294117647059,False,punctuation_error;capitalization_error;spacing_error;extra_word_error
test,"1danger public. bzn bez fermer pna caution,cbn case lor li la","1 danger public. Bizin bez ferme pena caution, se bann case lor li la.",Gdannger public.. Bizbbez zer en pa pauticonconconconce ll lllllllllllllllllallalallalalallalallalallalallalallalallalallalallalallalallalallalallalallalallalallalallalallalallalallalallalallalallalallalallalallalallalallalallalallalallalallalallalallalal,3.1,1.0,False,punctuation_error;capitalization_error;spacing_error;missing_word_error
test,Bientôt cryptoplok pou ale ramasse savonnette 🤣😂,Bientôt cryptoplok pu ale ramasse savonnette. 🤣😂,Bientt ccryppopoloko pu ale ramasssasse savannetet.,0.3125,0.7142857142857143,False,capitalization_error;spacing_error;missing_word_error
test,Parent la bzn fer gate.... si pna gate gard dan lakaz endan.... conductrice la pa entor li.... li lor so chemin.... Aster kavé. Sofer bzn veille tou zanfans dan lakour avan roul lor chemin,"Parent la bizin fer gate.... Si pena gate, garde dan lakaz endan.... Conductrice la pa antor li.... Li lor so chemin.... Aster kave, sofer bizin veille tu zanfan dan lakour avant roule lor chemin.",Parent la baznn fer gate..... Si pa agag gaade gand dandanden anden cance cont la  o  o  o  o  o  o  o  ou e                                             a  a  a  a  a  a  a  a  a  a  a  a  a  an  a  an  a  an  an  an  an  an  an  an  an  an  an  an  an  a,0.8673469387755102,1.4411764705882353,False,punctuation_error;capitalization_error;spacing_error;extra_word_error
test,Kumadir mama la ki in vend so piti san ki piti koner 🤦‍♂️,Kumadir mama la kinn vend so piti sans ki piti kone. 🤦‍♂️,Kumadir mama la ki inn venn so pi si sa in si ki pi ki pe kon en  en  en  en  en  en  en  en  en  en  en  en  en  en  en  en  en  en  en  en  en  en  en  en  en  en  en  en  en  en  en  en  en  en  en  en  en  en  en  en  en  en  en  en  en  en  en  en  e,3.6140350877192984,5.083333333333333,False,punctuation_error;capitalization_error;spacing_error;extra_word_error
test,"16eme mort accident fatal dn 1mois ki pa enkor fini, tag sa boufon loss man la,","16eme mort accident fatal dan 1 mois ki pa ankor fini, tag sa boufon loss man la,",1emme mort accident tat fat lo  mois ki ki ki kon  an  an  a fan  a fou so so sa sa la ala la la la la la la la la la la la la la la la la la la la la la la la la la la la la la la la la la la la la la la la la la la la la la la la la la la la la la la la,2.5185185185185186,4.294117647058823,False,punctuation_error;capitalization_error;spacing_error;extra_word_error
test,Ena le rat et mangoose si là-bas,Ena le rat et mangoose si là-bas.,Ena le rat et mangoosse si lla.,0.15151515151515152,0.2857142857142857,False,capitalization_error;spacing_error
test,to p rod dir bizin tirr tou laport dan station ossi 🤔😂😂😂,To pe rode dir bizin tire tu laporte dan station osi. 🤔😂😂😂,Zoo pe rodd dirr bizin tirt tru to parot dant dant ot ot ossoisois so so.,0.5517241379310345,1.1666666666666667,False,capitalization_error;spacing_error;extra_word_error
test,Espere li pa gn lagard de l'enfant,Espere li pa gagne lagard de l'enfant.,Espere li pa gang lagarddde lennfanfannt.,0.23684210526315788,0.5714285714285714,False,capitalization_error;spacing_error;missing_word_error
test,Met dimoune la so nom et ki labank sa,Met dimunn la so nom et ki labank sa.,Met dimunn la so oom e  ki ki labankasa.,0.16216216216216217,0.4444444444444444,False,capitalization_error;spacing_error
test,Latrap pu dimun pna sa misier,Latrap pu dimunn pena sa misye?,Latrap pu dimunn pa sa misie.,0.12903225806451613,0.3333333333333333,False,punctuation_error;capitalization_error;spacing_error
test,Capave tir 1 communique pou pa al travail s'il vous plait,Kapav tire 1 communique pu pa ale travail s'il vous plait.,Capave tir 1 kommuniquu pu pa ar aravavalalili sous pu pla.,0.3448275862068966,0.7272727272727273,False,capitalization_error;spacing_error
test,En gagne alzaimer lot scandals roche,"Enn gagne Alzheimer, lot scandals roche.",Enn gagne alazame lot sa candass cocheche.,0.35,0.6666666666666666,False,punctuation_error;capitalization_error;spacing_error;extra_word_error
test,Parent ki penser si pa met leson piti la pa pou passer mo ena ene tifi zamer lin pren leson dan so la vie et pourtan lin travay super bien lin mem participe dan ban competition kot lin gagner zordi li p alle universite malgre li pa ti pren okaine leson et li ti tou l temp z best dan so classe dan recre li ti p aide ban zenfan ki ti p pren leson et pa ti p conne zte devoir li re explik zte li ti coma ene ti miss,"Parent ki pense? Si pa met lesson, piti la pa pu passe. Mo ena enn tifi zame linn pran lesson dan so lavi et pourtan linn travail super bien linn mem participe dan bann competition kot linn gagne. Zordi li pe ale universite malgre li pa ti pran okenn lesson. Et li ti tultan the best dan so classe. Dan recre li ti pe aide bann zanfan ki ti pe pran lesson et pa ti pe kone zot devoir li re eksplik zot. Li ti kuma enn ti miss.",Parent ki pense si pa met le sonn pi pi pa pa pa pe pe sa se  en  en  en  en  en  la fen  la  la  la  la  la  la  la  inn  la  inn  la pe  inn  an    pa pe  inn  an    pa pe pa pe pa pe pa pa pe pa pa pa pa pa pa pa pa pa pa pa pa pa pa pa pe pa pa pe inn,0.6173708920187794,0.898876404494382,False,punctuation_error;capitalization_error;spacing_error;missing_word_error
test,"[NAME], kifer non bcp dimoune fer ca pas 1 problem mo pas p pleiner gramatin tantot mwa 😂😂","[NAME], kifer non? Buku dimunn fer sa. Pas 1 problem, mo pas pe plaigne gramatin tantot mwa. 😂😂","[NAME], kiffer non bep pi dimunn fer  a sa pr proble  po bompe mpe pe pe pe pa mamant tattatt ta ta ta a.",0.49473684210526314,1.1111111111111112,False,punctuation_error;capitalization_error;spacing_error;extra_word_error
test,Kan la met 3 crédit pou hsc ça pas incite ban élève moyen travail plus. Ban ce k brillant pou rest top zot. Tandis ce ki ena trois crédit li dire pas casse la têteo coner mo pou fair hsc. Beaucoup ban ce ki ena 3 crédit bizin faire 3 ans au lieu 2 ans hsc pou gagne ene résultat correct sinon résulta la faible dan la majorité des cas. Pou universitaire bizin ena ene bon bagage. La dans cpv ena 1 ou 2 exception mais en général non. Mo garanti ki le taux de réussite pou chuter encore l’année prochain. Ca quantité resource ki ene parent bizin et ki l’état dépenser mo trouver li mouilleur pou 3 crédit alle vers polytechnique ou technique parceki dans trois ans la bas ou sorti avec ene certificat ki permettre ene employabilité instantané. Moi mo fine faire l’expérience et avec preuve à l’appui mo cpv challenge n’importe ki que ce soit,Kan la met 3 crédit pu HSC sa pas incite bann élève moyen travail plus. Bann seki brillant pu reste top zot. Tandis seki ena trois crédit li dire pas kase la tête kone mo pu fer HSC. Beaucoup bann seki ena 3 crédit bizin faire 3 ans au lieu 2 ans HSC pu gagne enn résultat correct sinon rezilta la faible dan la majorité des cas. Pu universitaire bizin ena enn bon bagage. Ladan kapav ena 1 ou 2 exception mais en général non. Mo garanti ki le taux de réussite pu chuter encore l’année prochain. Sa quantité resource ki enn parent bizin et ki l’état dépenser mo truve li meilleur pu 3 crédit ale vers polytechnique ou technique parski dans trois ans laba ou sorti avec enn certificat ki permettre enn employabilité instantané. Moi mo finn faire l’expérience et avec preuve à l’appui mo kapav challenge n’importe ki que se soit.,Kan la met  c rcrddit pu sh sa sa sa si cinn bann  lave le lave la la la  la   bann                                                                                                                                                                            ,0.9032648125755743,0.9477124183006536,False,punctuation_error;capitalization_error;spacing_error;missing_word_error
test,Negligence,Negligence!,[NAggligenne.,0.45454545454545453,1.0,False,punctuation_error;capitalization_error;spacing_error
test,Ena 1 prof dan 1 college privee a flacq ki fer computer science mem li pa fer so travail bien dan college lin ramasse tou eleves e donne zot leçon li monte ban eleves so la tete contre les autres prof e prnd les autres prof so eleves si pu li so class leçon computer science rempli e les autres prof zot class pena mem eleve leçon miss la bizin fer so travail honetement dan lekol mem en 1er aulieu monte la tete eleve,"Ena 1 professur dan 1 college prive a Flacq kifer Computer Science. Mem li pa fer so travail bien dan college linn ramasse tu zelev et donne zot leçon, li monte bann eleves so latet contre les autres professeur et prnd les autres professeur so zelev si. Pu li so class leçon Computer Science rempli et les autres professeur zot class pena mem zelev leçon. Miss la bizin fer so travail honetement dan lekol mem en 1er aulieu monte latee zelev.",Ena 1 proffe dann 1  ollege preve  ala facce fer ki ki ceme ceme ceme ci e                                       la  e la le la le la le la le le le le le le le le le le  le le le  le le le  le le  le le  le le  le  le  le le  le  le  le  le so e  le  le ,0.6447963800904978,0.9382716049382716,False,punctuation_error;capitalization_error;spacing_error;missing_word_error
test,Malediction pu beiiz zot sa,Malediction pu bez zot sa.,Malediction  pu biziz zot sa.,0.15384615384615385,0.2,False,capitalization_error;spacing_error
test,Pa ou garçon kin fer crime.. Ok... B la levre ek nene la kisana ti morde madame🤣🤣🤣🤣🤣..,Pa ou garçon kinn fer crime.. Ok... B la levre ek nene la kisanla ti morde madame🤣🤣🤣🤣🤣..,Pa ou garronn kinn fer  reme............. La le ee enn enn  an a an  mamade mamademama.🤣🤣🤣🤣🤣🤣🤣🤣🤣🤣🤣🤣🤣🤣🤣🤣🤣🤣🤣🤣🤣🤣🤣🤣🤣🤣🤣🤣🤣🤣🤣🤣🤣🤣🤣🤣🤣🤣🤣🤣🤣🤣🤣🤣🤣🤣🤣🤣🤣🤣🤣🤣🤣🤣🤣🤣🤣🤣🤣🤣🤣🤣🤣🤣🤣🤣🤣🤣🤣🤣🤣🤣🤣🤣🤣🤣🤣🤣🤣🤣🤣🤣🤣🤣🤣🤣🤣🤣🤣🤣🤣🤣🤣🤣🤣🤣🤣🤣🤣🤣🤣🤣🤣🤣🤣🤣🤣🤣🤣🤣🤣🤣🤣🤣🤣🤣🤣🤣🤣🤣🤣🤣🤣🤣🤣🤣🤣🤣🤣🤣🤣🤣🤣🤣🤣🤣🤣🤣🤣🤣🤣🤣🤣🤣🤣🤣🤣🤣🤣🤣🤣🤣🤣🤣🤣🤣🤣🤣🤣🤣🤣🤣🤣🤣🤣🤣🤣🤣,2.272727272727273,0.7647058823529411,False,punctuation_error;capitalization_error;spacing_error;missing_word_error
test,Bane bel peto ki al linde bizin en 40 1 kuma retourne. fodrai pa ki acoze proche ar gouvernment zote traverse dan filet zote rentre.,"Bann bel peto ki ale Inde, bizin en 40 1 kuma retourne. Fode pa ki akoz proche ar gouvernment zot traverse dan filet, zot rantre.",Bann bell pet ki la linde bizin  10 10 1 1 mum er troure   o dar pa pa pa pa pre e  or e  or e  are e  a e  a e  a e  a e  a e  e to e to e to e to et et et et et et et et et et et et et et et et et et et et et et et et et et et et et et et et et et et et,1.4031007751937985,3.08,False,punctuation_error;capitalization_error;spacing_error;extra_word_error
test,Meteo maurice nkor p veye lapli li,Meteo Maurice ankor pe veye lapli li.,Mete maurice nnkor pe veye laplililili.,0.1891891891891892,0.7142857142857143,False,capitalization_error;spacing_error;missing_word_error
test,Gajack paré,Gajack pare.,Gaakakk pare.,0.25,0.5,False,capitalization_error;spacing_error
test,"[NAME], pou 8mois?","[NAME], pu 8mois?","[NAME], pu  momis??",0.17647058823529413,0.3333333333333333,False,punctuation_error;capitalization_error;spacing_error
test,So garson tou lerla b cuma viv ek sa lor ou conscience kpv viv mem philipe tousin ine bien dir ena dimoune ena leker zanimo tou saki tofer 1zour pou retourne r twa🤷‍♂️🤷‍♂️🤷‍♂️,"So garson tu lerla b kuma viv ek sa lor ou conscience? Kapav viv mem? Philipe tousin inn bien dir, ena dimunn ena leker zanimo. Tu seki to fer, 1 zur pu retourne ar twa. 🤷‍♂️🤷‍♂️🤷‍♂️",So garrson tou ler ba  u  u vi ve ve ko  o  oo concceccicence ci pe pe pi pi pi pi pi pi inn  inn dinn dinn dinn  n  n  en  en  e  an  e  a  e  a  e  aure  a  e  aure  a  aure  aure  aure  aure  aure  aure  are  a  are  aure  aure  are  a  are  aure  aure,0.8846153846153846,1.6111111111111112,False,punctuation_error;capitalization_error;spacing_error;extra_word_error
test,Cp so so. eil in casserole la aussi ene ferfoot li pas pou faire,CP so somey inn casserole la aussi enn ferfoute li pas pu faire.,Spp so so  eili inn casserelle las sasse fer fer  po fis pu pu farie.,0.4375,0.9230769230769231,False,capitalization_error;spacing_error;extra_word_error
test,Kpve perdi la vie soit ale fermer pou nnyen to trankil si to ggne problem ek dimoune pas koner ki bisin faire dns sa pays la🤬🤬,Kapav perdi lavi soi ale ferme pu nanyin. To trankil si to gagne problem ek dimunn. Pas kone ki bizin faire dans sa pays la.🤬🤬,Kppve perdi la vi e soit ale ae fere pe penn nn tonn trakin  o gon  o  o  on  e   ki pe  ki pe ki n  ki n  a sa sa sa sa sa sa sa sa sa sa sa sa sa sa sa sa sa sa sa sa sa sa sa sa sa sa sa sa sa sa sa sa sa sa sa sa sa sa sa sa sa sa sa sa sa sa sa sa sa,1.4761904761904763,2.96,False,punctuation_error;capitalization_error;spacing_error;extra_word_error
test,Chauffeur batiara la ine mort,Chauffeur batiara la inn mort?,Chauffeur  batiara la inn mort mort.,0.23333333333333334,0.4,False,punctuation_error;capitalization_error;spacing_error;extra_word_error
test,No changement at all still the same as previous government gros poisson touletan ti protezer,No changement at all still the same as previous government. Gros poisson tultan ti protez.,No changemement ta lal lit le the sa sa pe previve gove govenn goren  oossonsont ot tot tot tote tote trote trote.,0.6333333333333333,1.3333333333333333,False,punctuation_error;capitalization_error;spacing_error;extra_word_error
test,Bzn boure [NAME] la ler la li pou content😁😁😁😁😅😅,"Bizin boure [NAME] la, ler la li pu kontan.😁😁😁😁😅😅",Bzznn boure [NAME] la le lla ll li pu contentent.,0.3469387755102041,0.6666666666666666,False,punctuation_error;capitalization_error;spacing_error;extra_word_error
test,Pauvre bébé q paye le pot cassé ene ti innocent 😥,Pauvre bébé qui peye le pot kase enn ti innocent. 😥,Pauvre béébé   paye le lot cots ses enn tinn nnnnnnn tont.,0.45098039215686275,0.8181818181818182,False,capitalization_error;spacing_error
test,"That woman is queen of self control! I'm amazed! Par contre, c'est pas marrant du tt... Mari toupé sa bane malang la Ena aster, cokin gazeuse!!!! Pas met program kan Pena casse dow","That woman is queen of self control! I'mo amazed! Par contre, c'est pas marrant ditou... Mari toupe sa bann malang la ena aster, kokin gazeuse!!!! Pas met program kan pena kas dow.",That wommann is quen oofe le fon tortoll mama  ama zot cont e cot e ta sa ta trant dant dan  ta ta ta  aan  a an  a an  a an  a an  a an  a sa sa  an  a sa sa sa sa  an  a sa sa sa sa sa sa sa sa sa sa sa sa sa sa sa sa sa sa sa sa sa sa sa sa sa sa sa sa,0.9166666666666666,2.21875,False,punctuation_error;capitalization_error;spacing_error;extra_word_error
test,Reussite baissez. Tiktoker ho gal baaa,Reussite bese. Tiktoker ho gal ba.,Reussiite baisse. Ti kotkoko  ho gha la baaaaaaaaaaa.,0.6470588235294118,1.1666666666666667,False,capitalization_error;spacing_error;extra_word_error
test,nu bisin cimprend ene zafer la police pa alle kot ban saint penser si ene sa ban policier zot famille,Nu bizin konpran enn zafer: la police pa ale kot bann saint pense si enn sa bann policier zot famille.,Bu bisin  cimprenden zefer la plolice pale pale kot  ant sann sann sens san sa pa sa la pa la la la la famile zot famile famile famile famile famile famile famile famile famile famile famile famile famile famile famile famile famile famile famile famile f,1.8137254901960784,2.15,False,punctuation_error;capitalization_error;spacing_error;extra_word_error
test,Dan so la tete ki ena sa boug la?! 🤣,Dan so latet ki ena sa boug la?! 🤣,Dan so la tet ki en aa sa boug la??,0.17647058823529413,0.6666666666666666,False,punctuation_error;capitalization_error;spacing_error;extra_word_error
test,Dpi kan zot travail 24/7👀 🤔. 3/4 letmp kan t aler doctor mm pna,Depi kan zot travail 24/7.👀 🤔 3/4 letan kan to ale doctor mem pena.,Dppi kann zot travaill 24/7  1 30 30  let mem pa pa  an  a  or  or  on mom man man man man man man man man man man man man man man man man man man man man man man man man man man man man man man mann pa mann pa mann pa mann pa mann pa mann pa mann pa mann,3.08955223880597,4.428571428571429,False,punctuation_error;capitalization_error;spacing_error;extra_word_error
test,Netflix mort are sa senario la,Netflix mort ar sa senario la.,Nettfii mort  are sa sansario la.,0.23333333333333334,0.5,False,capitalization_error;spacing_error
test,Humm intéressant,Hum intéressant.,Humm  nntééressant.,0.25,1.0,False,capitalization_error;spacing_error
test,"[NAME], earthquakes have always happened and will continue to happen pas la fin du monde nanier sa","[NAME], earthquakes have always happened and will kontiyn to happen. Pas la fin du monde nanryin sa.","[NAME], earthaquek sa have ala shays hapend dind dinn  ontinn ton pa pa pa pa        n dinn dinn nn nn ann enn ann enn ann ann enn ann ann enn ann ann enn ann ann enn ann ann enn ann ann enn ann ann enn ann ann enn ann ann enn ann ann enn ann ann enn ann ",1.84,3.2941176470588234,False,punctuation_error;capitalization_error;spacing_error;extra_word_error
test,Mentalité la sa arrogance la kan ena boulons lors zepol penser zot intouchable paye lessence ek servicing lepep pou so fam profiter,"Mentalité la sa. Arrogance la kan ena boulons lor zepol. Pense zot intouchable. Peye lessence ek servicing lepep, pu so fam profite.",Mentalité la sa arrgagnce la kan en boulons loosso so pe pe pe pe pe pe pe se ce se ce se ce se ce se pe se pe pe pe pe pe pe pe pe pe pa pe pa fer po pe pa fer po pe pa fer pa fer pa fer pa fer pa fer pa fer pa fer pa fer pa fer pa fer pa fer pa fer pa f,1.3257575757575757,3.090909090909091,False,punctuation_error;capitalization_error;spacing_error;extra_word_error
test,Dan sa video particulier laaa van la ti p deja roule r full phare ena different circonstances kot sa accident laa in kav ariv soffer van laa ou camion laa pa ti atan pu ariv 1 tragedie parey pa nek dur sipa chauffeur van laa en tord ou soi camion laaa entord paski personne pa ti laba sa ler kin ariv sa accident laaa pa nek juge dmun kmsaaa paski jur dmun pu juge ou ou pa pu kntn,"Dan sa video particulier la, van la ti pe deza roule ar full phare. Ena different circonstances kot sa accident la inn kapav arrive. Sofer van la ou camion la pa ti atann pu arrive 1 tragedie pareil. Pa nek dur sipa chauffeur van la en tort ou soi camion la antor parski personne pa ti laba sa ler kinn arrive sa accident la. Pa nek juge dimunn kumsa parski zur dimunn pu juge ou ou pa pu kontan.",Dan sa vide pa particililer la avan la              la  la la fer fer fer fer cifer cinn cant cant cant sa  a  a  a  a  a a  a a  a a  a a  a a  a a  a a  a a  a a  a a  a a  a  a a  a  a  a  a  a  a  a  a  a  a  a  a  a  a  a  a  a  a  a  a  a  a  a  a  ,0.6363636363636364,0.9620253164556962,False,punctuation_error;capitalization_error;spacing_error;missing_word_error
test,"[NAME], ah b t qui toi😂?","[NAME], ah b to qui toi?😂","[NAME], ah b b tu  i toi???",0.28,0.6666666666666666,False,punctuation_error;capitalization_error;spacing_error;extra_word_error
test,Taaah bachiara!,Ta batiara!,Taa bachhara!!,0.45454545454545453,1.0,False,punctuation_error;capitalization_error;spacing_error
test,Surement navin pou nomme sa haut - grade la future commissaire de police..,Surement Navin pu nomme sa haut - grade la future commissaire de police..,Surement navinn pu momme sa  haut grade la faut e  oumess somise de pe pe peli...,0.3561643835616438,0.7692307692307693,False,punctuation_error;capitalization_error;spacing_error;extra_word_error
test,"Manque ene tigit, li change so nom tout...!!!😲","Manque enn tigit, li change so nom tu...!!! 😲",Manque enn tigit li chann so so onmom tout....,0.3111111111111111,0.5555555555555556,False,punctuation_error;capitalization_error;spacing_error
test,License sa sofar la bizin cancell pa capave tous les jours tan sa banne accidents pareille nous public nous la vie bien en danger kan nous p sorti pa sure nous p retoune la caze mes sympathy as la famille que son ame repose en paix,License sa sofar la bizin cancel. Pa kapav tulezur tande sa bann accidents pareil. Nous public nous lavi bien en danger. Kan nous pe sorti pa sure nous pe retoune lakaz. Mes sympathy à la famille. Que son âme repose en paix.,License sa soffar la bizin canncellla papave tu sous  u sous sa san  ans sa bann san  pu sa binn  n  n  n  n  n  n  n  n  n  an  n  an                                                                                                           a sa sa sa sa ,0.7276785714285714,0.9047619047619048,False,punctuation_error;capitalization_error;spacing_error;missing_word_error
test,Sa qualiter dimoune ki to trouve karma prend zotte aller vite,"Sa kalite dimunn ki to truve, karma prend zot ale vite.",Sa qulaiter dimunn ki to trouve kar arand der det  zot e le vile vite.,0.43636363636363634,0.8181818181818182,False,punctuation_error;capitalization_error;spacing_error;extra_word_error
test,Bane ki p vendre simic la 4 coin la rue. Kan pou aret zot,Bann ki pe vendre simic la 4 coin la rue. Kan pu aret zot?,Bann ki pe pender  simicc la       o inn la  an  pu pu to tot zot zot zot zot zot.,0.6896551724137931,0.9285714285714286,False,punctuation_error;capitalization_error;spacing_error;extra_word_error
test,Are sa kouyonade metéo la kapav perdi la vie kan li dire gro soleils ve dire inondations,"Ar sa kuyonad metéo la kapav perdi lavi, kan li dire gro soleils vdire inondations.",Are sa kouyonde met la la kapavave der di i  a  i  i  i dire grole li li li li e dinn dinndinndinndinndinndinndinndinndinndinndinndinndinndinndinndinndinndinndinndinndinndinndinndinndinndinndinndinndinndinndinndinndinndinndinndinndinndinndinndinndinndinnd,2.397590361445783,1.3333333333333333,False,punctuation_error;capitalization_error;spacing_error;extra_word_error
test,Reposé pas encore assez emm,Reposé? Pas encore assez mem!,Reposs pas  encore sasse ememmmmmmm.,0.4827586206896552,0.8,False,punctuation_error;capitalization_error;spacing_error
test,Moi mo bin pa bizin legant pou levé. Mo garde li prop et plastic poubelle endans. Bizin comprend dimoune la,Moi mo bin pa bizin legant pu leve. Mo garde li prop et plastic poubelle endan. Bizin comprend dimunn la.,Moi mo binn pa bizin legant pu le le  gagre la pre ple plet ppe plispe pe bann se dinn sonn dinn dinn dimenn dimenn dimenn dimenn dimenn dimenn dimenn dimenn dimenn dimenn dimenn dimenn dimenn dimenn dimenn dimenn dimenn dimenn dimenn dimenn dimenn dimenn,1.7142857142857142,1.95,False,punctuation_error;capitalization_error;spacing_error;extra_word_error
test,Met 🐟 dans la trap akoz zot mange sa meme labas,Met 🐟 dans la trape. Akoz zot manze samem laba.,Met  danns la trapapa zoz zot mange samem meme la.,0.2978723404255319,0.7,False,punctuation_error;capitalization_error;spacing_error
test,B parents la pas p rode so zenfant c vraiment bizarre,B parents la pas pe rode so zanfan? Se vraiment bizar.,B parent sa pa pas prode so zon fann crant  ramiment bizire bazirer.,0.4444444444444444,1.0,False,punctuation_error;capitalization_error;spacing_error;extra_word_error
test,Si vraimem li ti innocent kifr li pa sonne la police kifr line bourer line aller,Si vremem li ti innocent kifer li pa sonne la police? Kifer linn boure linn ale?,Si vrramem li ti inn concent kifir la sonn lon la plolice ki  i li lire li li le llellellellellellellerlellellellerlellellerlellellerlellellerlellellerlellellerlellellerlellellerlellellerlellellerlellellerlellellerlellellerlellellerlellellerlellellerlelle,2.5,1.0,False,punctuation_error;capitalization_error;spacing_error;extra_word_error
test,D'apres lorde ene nimporte ki habitié ek so bane vilain maniere la. Madam la pane paniker acoz li conner malin la ene loyo en plein,Dapre lord enn nerport ki habitié ek so bann vilain maniere la. Madam la pann panike akoz li kone malin la enn loyo en plein.,D'apres lorde enn nn piorte ki habibitie e  so bann vinn mann mann  aan e aan  aan e an e an  an e la la la lon le lon le le le le le le le le le le le le le le le le le le le le le le le le le le le le le le le le le le le le le le le le le le le le le l,1.376,2.8,False,punctuation_error;capitalization_error;spacing_error;extra_word_error
test,Sa ban minis la osi p kokin par million mai zamer trouve zot meT sa,Sa bann minis la osi pe kokin par million me zame truve zot met sa.,Sa bann minis la os pe pokkikin par limilin maminn mame zom zot to zot me  sa sa.,0.417910447761194,0.6666666666666666,False,capitalization_error;spacing_error;extra_word_error
test,Cpve zafer. La. P. Hante. Li. Ou. Soi. Mari. P. Kit. Li. Bien. Louche. Apres. 9. Ans,Kapav zafer la pe hante li ou soi mari pe kite li. Bien louche. Apre 9 ans.,Sppve zafer  a .. Pa  annt... Su .. So  ai . Li .. ii .. iin... i pe . Pe pe s..,0.6666666666666666,1.2352941176470589,False,punctuation_error;capitalization_error;spacing_error;extra_word_error
test,Fer pareil pou sa ban ki vend la drogeu la met la trap🤣🤣,"Fer pareil pu sa bann ki vend la drogue la, met la trape.🤣🤣",Fer pareil pu sa bann ki ki vend darde la ge la met la ta ta pa pa pa.,0.4067796610169492,0.6923076923076923,False,punctuation_error;capitalization_error;spacing_error;extra_word_error
test,mari mal compren sa,Mari mal konpran sa.,Marri mal  oompren sa.,0.25,0.5,False,capitalization_error;spacing_error
test,"[NAME], weii dire banla pa nek dire foto jiste","[NAME], wi dire banla pa nek dire foto zis.","[NAME], weei dire bann apa pe deki di fot  ot siste.",0.3953488372093023,1.0,False,capitalization_error;spacing_error;extra_word_error
test,Aryooo xtraa sa frissonsa coumadire mo p tane so maman ki p crier seigneur donne sa famille la courage stp,"Aryo extra sa frisson sa, kumadir mo pe tande so maman ki pe kriye. Seigneur donne sa famille la courage stp.",Aryoo  traa sa frrissossons kumadire mo pa pa n  omann sa kime  e  e  e  e  enn enn denn  a la  a la la a la a la sa pa sa pa sa pa sa.,0.6605504587155964,1.5714285714285714,False,punctuation_error;capitalization_error;spacing_error;extra_word_error
test,Saison 3 coming in june 2026 kissaa,Saison 3 coming inn June 2026 kisa.,Saison  3 coming inn junn 2026 kissasaaaaaaaaaaaaaa.,0.5428571428571428,0.2857142857142857,False,capitalization_error;spacing_error
test,"[NAME], guet bese","[NAME], get bez.","[NAME], guet beese.",0.25,0.6666666666666666,False,capitalization_error;spacing_error
test,Trop guete film do. Attention to mm bez endans,Trop get film dow. Attention tomem bez endan.,Trop geute film do  tttentionton tom bez bezenn.,0.3111111111111111,0.625,False,punctuation_error;capitalization_error;spacing_error
test,Ban malonaitre bizin bour zot nons pou qui public conne qui l'éducation zot parents fine donnne quand ene pied pouce traver depuis tipiti bizin dresse li ena zot donne nons ena zot masqué nons,Bann malonaitre bizin boure zot nons pu qui public kone qui l'éducation zot parents finn donnene quand enn pied pouce traver depuis tipiti bizin dresse li ena zot donne nons ena zot masqué nons.,Bann malonaite bizin bour zot  oot pu pu buil pu cu lu cu cu cu du du dutunn  n  n  nn dinn denn dinn denn dendendende dinn dinn dinn dinn dinn dinn  en  en  n  n  on  n  on  on  on  on  on  on  on  on  on  on  on  on  on  on  on  on  on  on  on  on  on  ,0.7938144329896907,1.6176470588235294,False,punctuation_error;capitalization_error;spacing_error;extra_word_error
test,20cm delo assé pou ene tibaba noyé ena ban ti lespri pou riyé pena pou compran kuma mais li kumsa zot zis ena pou apran ek partaz sa zot tou,20cm dilo ase pu enn tibaba noye. Ena bann ti lespri pu riye. Pena pu konpran kuma. Mais li kumsa. Zot zis ena pu aprann ek partaz sa zottu.,20cm delo  sass pu enn ti bann noye nn  bann ti pe pri pu pu pu pu pu pu pu pu pu maman  kuma sa mama sa zot  a  a  a pa za pa pa pa zot pa zot pa zot pa zot pa zot pa zot pa zot pa zot pa zot pa zot pa zot pa zot pa zot pa zot pa zot pa zot pa zot pa zot,1.1642857142857144,2.206896551724138,False,punctuation_error;capitalization_error;spacing_error;extra_word_error
test,Espérons légume la vine bon marché et vende dan tou coin et boutique marketing board. Li pa mauvaise si li controle par l'état capave ene li choux pou vend 10rs 1lbs aricot 25 rs ban marchand legume la va arête tir Nous manger si se comsa ok. Li vaut la peine.,Espérons légume la vinn bon marse et vande dan tu coin et boutique marketing board. Li pa mauvaise si li controle par l'état kapav enn li choux pu vend 10rs 1lbs aricot 25 rs bann marchand legume la va aret tire Nous manze si se comsa ok. Li vaut la peine.,Espérons légume la  a vinn bonn marche  e dende dann  ou  out  outi u bant  bant bant gant gant  a a  a  a                                                                                                                                                     ,0.6875,0.9411764705882353,False,punctuation_error;capitalization_error;spacing_error;missing_word_error
test,Bizin saute la main pa capav tolerer sa!!!,Bizin saute la main pa kapav tolere sa!!!,Bizin saute la mann pa papavave torer sa!!!!!!!!!!!!!!!!!!!!!!!!!!!!!!!!!!!!!!!!!!!!!!!!!!!!!!!!!!!!!!!!!!!!!!!!!!!!!!!!!!!!!!!!!!!!!!!!!!!!!!!!!!!!!!!!!!!!!!!!!!!!!!!!!!!!!!!!!!!!!!!!!!!!!!!!!!!!!!!!!!!!!!!!!!!!!!!!!!!!!!!!!!!!!!!!!!!!!!!!!!!!!!!!!!!!!!!,5.341463414634147,0.5,False,punctuation_error;capitalization_error;spacing_error
test,"[NAME], kot toi taaa vomi lichien zenfant cite loiseau sa","[NAME], kot toi ta vomi lisyen? Zanfan cite loiseau sa.","[NAME], kot toi ta avavi ilicien zann  cant e toise sassa.",0.34545454545454546,0.7,False,punctuation_error;capitalization_error;spacing_error;extra_word_error
test,Learner loto bis camion kifr pa gagne sa ban problem la,"Learner loto, bis, camion kifer pa gagne sa bann problem la?",Learne loot bis  caminn ki fer pa gagne sa bann prable la lala.,0.21666666666666667,0.8181818181818182,False,punctuation_error;capitalization_error;spacing_error;extra_word_error
test,BIzin batt li bien avnt.. Leur la call lapolice,Bizin bate li bien avant.. Lerla call lapolis.,Bizin batt li binn ann ann.. Le la lalllllllllllllllllile.,0.5,0.875,False,capitalization_error;spacing_error;extra_word_error
test,Be monn trouve bann chat errant la p tire tilapia p mangé moi zott pas mangé fromage zott,"B mon truve bann chat errant la pe tire tilapia pe manze moi, zot pas manze fromage zot?",Be monn trouve bann chant  rartant la pi ti ti ti pa pa pa pa gan  mon  man  man  man  mamagn  zom zot zot zot zot zot zot zot zot zot zot zot zot zot zot zot zot zot zot zot zot zot zot zot zot zot zot zot zot zot zot zot zot zot zot zot zot zot zot zot ,2.1704545454545454,3.2222222222222223,False,punctuation_error;capitalization_error;spacing_error;extra_word_error
test,Incident date quand,Incident date quand?,Incidenn date  u danddd.,0.35,1.0,False,punctuation_error;capitalization_error;spacing_error;extra_word_error
test,"[NAME], impossible pou faire comprend. Quand zotte proprietaire ene vehicle, zotte croire tous est permi","[NAME], impossible pu faire comprend. Quand zot proprietaire enn vehicle, zot croire tu est permi.","[NAME], impossible pu faire cormerded dund dand zot propretiee te e  e chice e  e to to to te te te te se pe se pe pere pe pere pe pere pe pere pe pere pe pere pe pere pe pere pe pere pe pere pe pere pe pere pe pere pe pere pe pere pe pere pe pere pe pere",1.8775510204081634,3.7333333333333334,False,punctuation_error;capitalization_error;spacing_error;extra_word_error
test,Pour sa cargaison ladrogue pou [NAME] la bizin prend sa case au serieux pilon pravind la conne bien sa,"Pour sa cargaison ladrog pu [NAME] la, bizin prend sa case au serieux. Pilon Pravind la kone bien sa.",Pour sa  cargaison larde pu pu [NAME] la bizin prend pa sasse pu se pu pu pu prinn pa pann  n  n  n n  n n  n n  n n  n n  n n n  n n n  n n n  n n n  n n n  n n n  n n n  n n n  n n n  n n n  n n n  n n n  n n n  n n n  n n n  n n n  n n n  n n n  n n n ,1.8415841584158417,4.315789473684211,False,punctuation_error;capitalization_error;spacing_error;extra_word_error
test,Met l'ordre dans tous ça la,Met l'ordre dans tusala.,Met l'orrde dann tous  a la.,0.2916666666666667,1.25,False,capitalization_error;spacing_error;extra_word_error
test,"Li bon contigner envlop bis dan papier cado,,, ban imbecile","Li bon! Kontiyn envlop bis dan papier cado, bann inbesil.",Li bonn contigne envelo pi bis dan pape cape  a dan  bann bine bicecele.,0.45614035087719296,1.0,False,punctuation_error;capitalization_error;spacing_error;extra_word_error
test,Premier fois mo tend ou kozer... Ou pas paret bien intelligent entoula🤣,Premier fois mo tande ou koze... Ou pas paret bien intelligent entuka.🤣,Premier fois mo tend douze... Pu pas pas paret binn linnententent lantula.,0.323943661971831,0.5833333333333334,False,capitalization_error;spacing_error
test,Bizin met li dehor sa,Bizin met li deor sa.,Bizin met li dero sa sa.,0.19047619047619047,0.4,False,capitalization_error;spacing_error;extra_word_error
test,"[NAME], place to p zazer batiara","[NAME], place to pe zaze batiara.","[NAME], place to pe zzzze battaraara.",0.18181818181818182,0.3333333333333333,False,capitalization_error;spacing_error
test,Since my childhood till now i didnt notices this even im veg🙄🙄🙄 hein ban hindu plitot pas manz non veg ni mine apollo si aret manz b,"Since my childhood till now I didn'to notice this. Even I'mo veg?🙄🙄🙄 hein. Bann Hindu plito pas manze non veg, ni mine apollo si. Aret manze b.",Since myy childohoddili lo  ow dididind titi cotise thi she  e  e  e  hi n  inn  inn  an    n  n  n  n  n  n  n  n  n  n  inn  n  inn  an  an  an  an  an  an  an  an  an  an  an  an  an  an  an  an  an  an  an  an  an  an  an  an  an  an  an  an  an  an  ,1.2517482517482517,2.2222222222222223,False,punctuation_error;capitalization_error;spacing_error;extra_word_error
test,Sa boug la mo ti ale get li. Li fine zis pran mo casse consultation et li fine dir moi ok bye,Sa boug la mo ti ale get li. Li finn zis pran mo kas consultation et li finn dir moi ok bye.,Sa boug la mo  ti ale get ge li fiin zin  prans moss so sont ti ti ti ti n  i i i i  i  o bon  oye  oye  boye  oye  boye  boye  boye  boye  boye  boye  boye  boye  boye  boye  boye  boye  boye  boye  boye  boye  boye  boye  boye  boye  boye  boye  boye  b,2.0760869565217392,2.1818181818181817,False,punctuation_error;capitalization_error;spacing_error;extra_word_error
test,Ban ministre la get 1 coute dans place p ale tire canard dans g. Bassin ena travail pli important pou fr 💯,"Bann ministre la get enn kut dan plas, pe ale tire canard dan Grand Bassin. Ena travail plis important pu fer. 💯",Bann ministre la get 1  kut dann place pe pe pe pe  a an  aand dans gans  ansa an an an an ant pa pa prot pu pu pu pu pu pu pu pu pu pu pu pu pu pu pu pu pu pu pu pu pu pu pu pu pu pu pu pu pu pu pu pu pu pu pu pu pu pu pu pu pu pu pu pu pu pu pu pu pu pu,1.6607142857142858,3.1363636363636362,False,punctuation_error;capitalization_error;spacing_error;extra_word_error
test,"[NAME], si loto lah pas pou li","[NAME], si loto la pas pu li?","[NAME], si loto la  pa pu pu li li.",0.27586206896551724,0.5714285714285714,False,punctuation_error;capitalization_error;spacing_error;extra_word_error
test,Lontan pa tane li sa,Lontan pa tande li sa.,Lontan pa tann li sa sa.,0.22727272727272727,0.4,False,capitalization_error;spacing_error;extra_word_error
test,Remet 1 lorde dan la force piloncier sory policiere avan vine metr lorde ar civil done bn lexemple zot mm,"Remet 1 lord dan la force policiere, sorry policiere! Avant vinn met lord ar civil, donne bann legzanp zot mem.",Remet 1 lorde dan la  a rocceciliconciconce soryice poi e vinn  er vinn  reve  rove   li den  le le le le le le lemem mome mem mome mom mom mom mome mom mom mome mom mom mome mom mom mome mom mom mome mom mom mome mom mom mome mom mom mome mom mom mome mo,1.7477477477477477,2.55,False,punctuation_error;capitalization_error;spacing_error;extra_word_error
test,Mes sympathy et courage la fami mon pase laba ver 06:45am pompiyer ti lave sime…… ena dimoune pas souvi code de laroute pa mo pe dire…… ce pour sa ki ena boku accident lor nou larout moris,"Mes sympathy et courage la fami. Mon passe laba ver 06:45 am, pompier ti lave sime…… ena dimunn pas suive code de la route pa mo pe dire…… se pour seki ena buku accident lor nu la route Moris.",Mes sympathyy  ou couregle la fammi mans pa sa  e          pa pempe pe pe pe  ime  i e                                                                                                                                                                         ,0.6666666666666666,0.8974358974358975,False,punctuation_error;capitalization_error;spacing_error;missing_word_error
test,"Everyone has undergo private tuition to pass exams... Karmem ou malin or faible... C 1 system ki 2 letemps ti laaa, so ban parents truv sa efficace envoy zot zenfants pour passc et amem bon resultat... Aster si ena pli ki bizin zenfants croire lor 1 prof.... Kuma pour aret sa????... Laise prof laa faire so travail kuma li envi..","Everyone has undergone private tuition to pass exams... Karmem ou malin or faible... Se 1 system ki 2 letan ti la, so bann parents truve sa efficace anvoy zot zanfan pour passe et amem bon rezilta... Aster si ena plis ki bizin zanfan croire lor 1 professeur.... Kuma pour aret sa????... Laisse professeur la faire so travail kuma li anvi..",Everyonn  aas dunder proivat tittition to pass samss... Mamams mamin  o la    se    se    se      se                                                                                                                                                           ,0.7640117994100295,0.95,False,punctuation_error;capitalization_error;spacing_error;missing_word_error
test,Aret fer reklam dow.. giv result first then do show off,Aret fer reklam dow.. Give result first then do show off.,Aret fer reklam dow.... Pi vive lestult the the don dow ow foffoffoffffffffffffffffffffffffffffffffffffffffffffffffffffffffffffffffffffffffffffffffffffffffffffffffffffffffffffffffffffffffffffffffffffffffffffffffffffffffffffffffffffffffffffffffffffffffffff,3.719298245614035,0.9090909090909091,False,punctuation_error;capitalization_error;spacing_error;extra_word_error
test,À revoir vos systems monsieur le Ministre ena bocoup pou ameliorer encore bon courage à ou et ou ban officiers,"À revoir vos systems, monsieur le ministre. Ena buku pu amelyor encore. Bon courage à ou et ou bann officiers.",De revoor voss systemmssonsise e lin  inn tintre tou pu pu pourere  oor e ou  ou  ou  ou  ou  ou boufer sofer fofifer sofifer sofifer sofifer sofifer sofifer sofifer sofifer sofifer sofifer sofifer sofifer sofifer sofifer sofifer sofifer sofifer sofifer s,1.7,1.9,False,punctuation_error;capitalization_error;spacing_error;extra_word_error
test,"1 seul zafaire mo pou dire, karma, toi ki pa pe faire travail kuma bizin kot dimoune pe souffert acoz zot, be ena enn bon dieu la haut, zot pou ran compte avec sa bon dieu la haut la, la vie courte, demain nou pa conais si nou pou reussi lever ou bien rest dormi meme permanant... Alors faire bon travail, arrete faire du torr zot prochain, zot pêcher zot pou bizin paye sa lor la terre meme avant kit sa la terre la","1 seul zafer mo pu dire: karma, toi ki pa pe faire travail kuma bizin kot dimunn pe souffert akoz zot, b ena enn Bondieu la haut. Zot pu rande compte avec sa bon la haut la, lavi courte. Demain nu pa kone si nu pu resi leve ou bien reste dormi mem permanant... Alors faire bon travail, aret faire ditor zot prochain, zot peche zot pu bizin peye sa lor la terre mem avant kite sa la terre la.",1 seull zafarre mo  pu dire  kar  o mo  i pa pe pa pa pa a  a  a  a maizin  kot  ou  ou  ou  ou  e  ou  e  ou  e  ou  e                                                                                                                                        ,0.7493606138107417,0.925,False,punctuation_error;capitalization_error;spacing_error;missing_word_error
test,Ban zanfan zot longanis ine fanE 😅😅,Bann zanfan zot longanis inn fane. 😅😅,Bann zanfan  zot longanni inn fann  a.,0.1891891891891892,0.42857142857142855,False,capitalization_error;spacing_error
test,Aster macarena creve,Aster Macarena creve.,Aster macanna cereveve.,0.2857142857142857,0.6666666666666666,False,capitalization_error;spacing_error
test,To bien dire mo garçons,To bien dire mo garçon.,To bien dire mo garronons.,0.17391304347826086,0.2,False,capitalization_error;spacing_error
test,"[NAME], 1 gro prblm sa","[NAME], 1 gro problem sa.","[NAME], 1 1 gro prrblm sa.",0.16,0.4,False,capitalization_error;spacing_error;extra_word_error
test,B zot mama kot ti été kan ti arrive sa kifr bann zanfan la ti la plage sa l'heure la,B zot mama kot ti ete kan ti arrive sa? Kifer bann zanfan la ti la plage sa l'heure la?,B zot mama kot ti té été kan ti tirive sa kifer  arfan zanfan la la la la la la la la la la la la la la la la la la la la la la la la la la la la la la la la la la la la la la la la la la la la la la la la la la la la la la la la la la la la la la la la l,2.1839080459770117,3.45,False,punctuation_error;capitalization_error;spacing_error;extra_word_error
test,ENA DIMOUNE DÉGUEULASSE💩💩💩💩💩🤡 🤮🤮🤮🤮,ENA DIMUNN DÉGUEULASSE.💩💩💩💩💩🤡 🤮🤮🤮🤮,"ENA  NAME OU NA NANANANAMELE],   ",0.7941176470588235,1.0,False,punctuation_error;capitalization_error;spacing_error;extra_word_error
test,Mo pa chagrin li lin pren la drogue lalcol,Mo pa chagrin li. Linn pran la drogue lalkol.,Mo pa chagginn li lin pren la drogue llallllllollllllllllllllllllllllllllllllllllllllllllllllllllllllllllllllllllllllllllllllllllllllllllllllllllllllllllllllllllllllllllllllllllllllllllllllllllllllllllllllllllllllllllllllllllllllllllllllllllllllllllllllll,4.866666666666666,0.5555555555555556,False,punctuation_error;capitalization_error;spacing_error
test,Ceki ti dir pu aster la.. pa encor vini.. aster zot p dir dmai.. maaari sa..,Seki ti dir pu aster la.. pa ankor vini.. aster zot pe dir demain.. mari sa..,Seki ti dir pu aster la. Pa pe conn vinn.. sat   t di dime dimai  damair.....,0.37662337662337664,0.6875,False,capitalization_error;spacing_error
test,Bizin kit travail doctors all fair plantation ĺegume pena night ladans,Bizin kite travail doctors ale fer plantation legim pena night ladan.,Bizin kit travali docorss la la fair pla pantinn  ememen  en  ne gant ant anananananananananananananananananananananananananananananananananananananananananananananananananananananananananananananananananananananananananananananananananananananananananana,3.0,1.2727272727272727,False,punctuation_error;capitalization_error;spacing_error;extra_word_error
test,"[NAME], télé novelas 🤣","[NAME], télénovelas 🤣","[NAME], téélé novelas  🤣",0.14285714285714285,0.6666666666666666,False,capitalization_error;spacing_error;extra_word_error
test,Etaaa bien chagrin hope li pas grave malchance,"Eta bien chagrin! Hope li pas grave, malchance.",Etaa bien  hagrinn hope li pas gravave malachachaccecececececececececececececececececececececececececececececececececececececececececececececececececececececececececececececececececececececececececececececececececececececececececececececececececececececec,4.574468085106383,0.625,False,punctuation_error;capitalization_error;spacing_error
test,Line plain ar sa travail la li p rod partion invalid sa to pa tru v,Linn plin ar sa travail la. Li pe rode partion invalid sa to pa truve.,Linn plain  ar sa travavalill pe prod prod partion inn  a la  a  a t pa t pa tr va tu va  va vave vav va vave vave vave vave vave vave vave vave vave vave vave vave vave vave vave vave vave vave vave vave vave vave vave vave vave vave vave vave vave vave ,2.857142857142857,3.466666666666667,False,punctuation_error;capitalization_error;spacing_error;extra_word_error
test,sancer bane CID la bane bon dimoune sa kel blague,Sanse bann CID la bann bon dimunn sa. Kel blague.,Bancer bann       a bann bonn dimunn sa kale blele.,0.32653061224489793,0.7,False,punctuation_error;capitalization_error;spacing_error;missing_word_error
test,Bizin prend sa un compte pays pas pou person so papa,"Bizin prend sa un compte, pays pas pu personne so papa.",Bizin prend sa  u no pompe paysppasspppu pessonso poppapapapapapapapapapapapapapapapapapapapapapapapapapapapapapapapapapapapapapapapapapapapapapapapapapapapapapapapapapapapapapapapapapapapapapapapapapapapapapapapapapapapapapapapapapapapapapapapapapapapapa,3.8727272727272726,0.7272727272727273,False,punctuation_error;capitalization_error;spacing_error;missing_word_error
test,Ce normal tou ce ki dirige sa peuple la. Pou ena tout sa largent la. Apres ene dimoune ena 25 case pa ale dan prison. Ene ti dimoune vol un pain vini rentre dan prison ce. Li pena kase. Li rest dan prison. Couma pou apelle sa. Linjustice. Dieu et grand pou sa bann ti dimoune. Government tout dan zot la main. Personne meme magistrate fer 2 eme are zot. Pena jusment ni prison pou zot. Deor president ale prison. Ans. Nius suivi sa de pre,Se normal tu seki dirige sa peuple la. Pu ena tu sa larzan la apre enn dimunn ena 25 case pa ale dan prison. Enn ti dimunn vol un pain vini rantre dan prison se li pena kas li reste dan prison. Kuma pu apel sa? Linzistis. Dieu est grand pu sa bann ti dimunn. Government tu dan zot la main. Personne mem magistrate fer 2eme ar zot pena zizman ni prison pu zot deor president ale prison. And nous suivi sa de pre.,Ce normal  ou ce ki dirige sa pe pe pu la  au ta ta ta gare tangen  an  n                                                                                                      inn  n  n  n  pa pa pe pa pe pa pe pa pe pa pe pa pe pa pe pa pe pa pe pa pe pa ,0.6763990267639902,0.9642857142857143,False,punctuation_error;capitalization_error;spacing_error;missing_word_error
test,Eski li dan's govn sa,Eski li dans guvernman sa?,Eski li dans gonv sa sa.,0.3076923076923077,0.6,False,punctuation_error;capitalization_error;spacing_error;extra_word_error
test,Met gaz rouler li dangereux ek met passenger ici so la vie en peril … dernier fois 1 zot boit essence in cailler r perdition,Met gaz roule. Li dangereux ek met passenger ici so lavi en peril … dernier fois 1 zot boit essence inn cailler ar perdition.,Met gaz  rouler li dangee ee e me mes e sasse gese gi e       e  e  e  e  e  e  e  e  e  e  e   oi e   oi e  e so e se  e se  e ine  erine  eri inn  erini ne perini ne perini ne perini ne perini ne perini ne perini ne perini ne perini ne perini ne perini ,1.384,2.4166666666666665,False,punctuation_error;capitalization_error;spacing_error;extra_word_error
test,Kan droguer boir bzin pa sagrein ke son ame repose en paix aster ti p tro enfoli prend tou kaka ala t la kan t pa normal,"Kan droguer bwar, bizin pa sagrin. Ke son ame repose en paix. Aster ti pe tro enfoli, prend tu kaka. Ala to la, kan to pa normal.",Kan drogger boir bizin pa gagre ien kon kon e se pe pe sa sa sa st pe to pe  on  on  on  pa la  a a a a a a a a a a an  a an  aa an  aa an an an an an an an an an an an an an an an an an an an an an an an an an an an an an an an an an an an an an an an an,1.441860465116279,2.8518518518518516,False,punctuation_error;capitalization_error;spacing_error;extra_word_error
test,Pe mettre banne diplômes 🎓 voyous dans la banque. Qui sanla nous capavre fer confiance....,Pe met bann diplômes 🎓 voyous dans la banque. Kisanla nous kapav fer confiance....,Pe mettre bann diplllmems  vo vouys dan sa bann  aunu  au an  aan  aan  ana fann confer confenfenfenfenfenfenfenfenfenfenfenfenfenfenfenfenfenfenfenfenfenfenfenfenfenfenfenfenfenfenfenfenfenfenfenfenfenfenfenfenfenfenfenfenfenfenfenfenfenfenfenfenfenfenfe,2.451219512195122,1.1428571428571428,False,punctuation_error;capitalization_error;spacing_error;extra_word_error
test,"[NAME], dimune trop mov lor la terre","[NAME], dimunn trop move lor la terre.","[NAME], dimunn tropo po vor lla terterere.",0.2631578947368421,0.7142857142857143,False,capitalization_error;spacing_error
test,Met imp latrap pou sa tourist ki manz non veg ek vin touni laba oci.. Merci ☺️🤌,Met enpe latrap pu sa tourist ki manze non veg ek vinn touni laba oei. Merci ☺️🤌.,Met impp latrappu  sa touristi t mann  nn nn ven ve ven  vinn to ion la coici..,0.4567901234567901,0.9411764705882353,False,capitalization_error;spacing_error
test,Education carton rouge dans moriste,Education carton rouge dans Moris.,Education  carton roge dans morsist.,0.14705882352941177,0.4,False,capitalization_error;spacing_error
test,Bizin so mari ine kit li astr li p rod venge li 😂🤦🏽‍♀️,Bizin so mari inn kite li aster li pe rode venge li. 😂🤦🏽‍♀️,Bizin so  mari nn kit li la ti li pr dord  e den ge li. .,0.3389830508474576,0.7692307692307693,False,punctuation_error;capitalization_error;spacing_error;extra_word_error
test,Big respect to them. Moi mo toujours mette tous mo ban ordures dans ene sac poubelle et attache li bien. Kan mo tane camion p vini ler la mo tire mo sac ordered mo mette dehors. Si ou mette depi bonheur lichiens dechire sac la et fane sa partout,Big respect to them. Moi mo toujours met tu mo bann ordures dans enn sac poubelle et attache li bien. Kan mo tande camion pe vini ler la mo tire mo sac ordered mo met dehors. Si ou met depi bonheur lichiens dechire sac la et fane sa partu.,Big resseect to them mo moo ou uour stu met tou so so don  on dann sa sa bann se  e  a bane  e                                                                                                                                                                 ,0.7071129707112971,0.9183673469387755,False,punctuation_error;capitalization_error;spacing_error;missing_word_error
test,"[NAME], nous gagne l'amende si saleté comme ça devant nous la porte","[NAME], nous gagne l'amende si salte comme sa devant nous la porte.","[NAME], nous gagne lamamede si sa se te come   a dame dan  na to so pa porte.",0.31343283582089554,1.0,False,capitalization_error;spacing_error;extra_word_error
test,"Pooofff, encore et encore. Eski bizin rotein bazar pu banne inka li roule lor laroute. Mo croir nu bizin ena rotein aster","Pff, encore et encore. Eski bizin rotein bazar pu bann inka li roule lor la route? Mo krwar nu bizin ena rotein aster.",Pooffe  encore et encore.. Sikizi boizin bazan bann bann  n ki la lor lor lor  or  or  or  or inn  aninn antent ante trante trante trante trante trante trante trante trante trante trante trante trante trante trante trante trante trante trante trante trant,1.4830508474576272,1.7391304347826086,False,punctuation_error;capitalization_error;spacing_error;extra_word_error
test,Eski pm pane trouver ki mank toilet et salle de bain dans [NAME] bizin fer maintenance sak 2 mois mais non li p gagne traka canards li enfin bravo,"Eski premye minis pann truve ki mank toilet et salle de bain dans [NAME]? Bizin fer maintenance sak 2 mois. Mais non, li pe gagne tracas canards li. Enfin, bravo.",Eski pem pann truver ki mann kont let et e la den dann dann dan   bizin  mann emann n mann emann  man  mans  a sa  a  a  a  a  a  a  a  a  a  a an  an  an an  an an an an an an an an an an an an an an an an an an an an an an an an an an an an an an an an ,1.0864197530864197,2.2666666666666666,False,punctuation_error;capitalization_error;spacing_error;extra_word_error
test,Dan 4ans zot oci nouS pou retirE..😂et pas bliyE nou oci nouS pou met latrap😉,Dan 4 ans zot osi nous pu retire..😂et pas bliye nu osi nous pu met latrap.😉,Dan  anns zot oo  ou  u pu tretr..... te pass bili  ou  ou  ou  u tu ta tat pattapat pattapart.,0.64,1.125,False,punctuation_error;capitalization_error;spacing_error;extra_word_error
test,"[NAME], To kumuade la ki ggn sa ta","[NAME], To kamarad la ki gagne sa ta?","[NAME],  o kumude la  ki gagn sa sa taata.",0.3783783783783784,0.625,False,punctuation_error;capitalization_error;spacing_error;extra_word_error
test,Trump pou vin moris,Trump pu vinn Moris.,Trump pu vinn moriss.,0.1,0.25,False,capitalization_error;spacing_error
test,Kifaire pas met so nom si li ene zafaire vrai,Kifer pas met so nom si li enn zafer vrai?,Kifaire pas met so onm si li en zafar er vrairi.,0.2857142857142857,0.6,False,punctuation_error;capitalization_error;spacing_error;extra_word_error
test,Moricien in vine expert lor comments. Li paraitre tous ki pe cause sans preuve zot ti labas sa ler la ou zot complice. Vive expert molisien,Morisien inn vinn expert lor comments. Li paret tu ki pe cause sans preuve. Zot ti laba sa ler la ou zot complice? Viv expert Morisien.,Moricien inn vinn eepert lor commemst sa partite t pa sa sa sa sa sa sa sa pe sa sa  e                                                               e pe pe pe pe pe pe pe pe pe pe pe pe pe pe pe pe pe pe pe pe pe pe pe pe pe pe pe pe pe pe pe pe pe pe pe,1.348148148148148,2.0384615384615383,False,punctuation_error;capitalization_error;spacing_error;extra_word_error
test,I was there on 2 janvier dimoune pleins xtra. Place pou marser pena,I was there on 2 janvier dimunn pleins extra. Place pu marse pena.,I was thhere on  2 ann  ini dimunn penn pens sa sa  a ca pa parerere pa pere pane pane pane pane pane pane pane pane pane pane pane pane pane pane pane pane pane pane pane pane pane pane pane pane pane pane pane pane pane pane pane pane pane pane pane pan,3.1515151515151514,3.769230769230769,False,punctuation_error;capitalization_error;spacing_error;extra_word_error
test,Kot parent ti eté laisse zenfants1 ans sans surveillance appel sa negligence bien grave encore,Kot parent ti ete? Laisse zanfan 1 ans sans surveillance. Apel sa negligence bien grave encore.,Kot parent ti te la sasse zanfann sanssss sure lavelale la papele gagnegngegne gengengene genne enne enne cereene conere conere conere conere conere conere conere conere conere conere conere conere conere conere conere conere conere conere conere conere c,2.0105263157894737,2.25,False,punctuation_error;capitalization_error;spacing_error;extra_word_error
test,Lot fois pe vann ladrogue sakula vole motocyclette fodee ou kroir ki li ena problem largent sakula li pu bisin al tir li lor kotion line deregler sa boug la,"Lot fois pe vande ladrog, sakula vole motocyclette. Fode ou krwar ki li ena problem larzan, sakula li pu bizin ale tire li lor kotion. Linn deregler sa boug la.",Lot fois pe vann ladrogeu saula volle  ootcocceccecte  o dor eko ki ki la la la la la la la la la la la li la li li li li li li li li li li li li li li li li li li li le la lo le la lo la lo la la la la la la la la la la la la la la la la la la la la la l,1.025,2.2666666666666666,False,punctuation_error;capitalization_error;spacing_error;extra_word_error
test,"Allowance sunday / [NAME] pou bannes policiers bizin re introduire, après met smf/ssu faire patrols 24/7 surtout dans l’endroit chaud","Allowance Sunday / [NAME] pu bann policiers bizin re introduire, après met SMF/SSU faire patrols 24/7 surtout dans l’endroit chaud.",Allowance sunda  [NAME] pu bannns ponssisisisi ri ri  ri dirire  r dire   sa sa sa sa sa sa sa sa s  r sa s                                                                                                                                                    ,0.549618320610687,1.1,False,punctuation_error;capitalization_error;spacing_error;extra_word_error
test,"P Paret van p tap full phares, mo Ena l’impression li p vinn a vivre allure, et chauffeur Camion in penser li p dire li sorti toujour, sois prudent les chauffeur et vigilant","Pe paret van pe tape full phare. Mo ena l’impression li pe vinn a viv allure et chauffeur camion inn pense li pe dire li sorti tuzur, sois prudent les chauffeur et vigilant.",P  aret vann pe tap pu la la pares mo  man  limpresisinn  i pi pi pi vinn  aver  a fer  aufer  e  a fer  i e  i pe  i pe  i pe  i pe re  i pu si pu soure                        u  u  u  u  u  u  u  u  u  u  u  u  u ti e   u ti e   u ti e   u ti e   u ti e,0.9421965317919075,1.9090909090909092,False,punctuation_error;capitalization_error;spacing_error;extra_word_error
test,Berenger pou change toi,Berenger pu change toi.,Berenger pu channg to toi.,0.17391304347826086,0.5,False,capitalization_error;spacing_error;extra_word_error
test,Mn ti choisy zordi mn trouve 1 ti garcon p pleurer mn demand li ji ariver li dir mw li rod sn mamam ki apel [NAME] mw ek mn tifii nou pren garcon nou ale rod sn maman e nou reusi trouve snn famille e nou kit li avc sn grand mere,"Mo ti Choisy zordi. Mon truve 1 ti garson pe pleurer, mon demande li ki arrive li dir mwa li rode so mamam ki apel [NAME]. Mwa ek mo tifi nu pran garson nu ale rode so maman. Et nu resi truve so famille et nu kite li avec so gramer.",Mnn ti choisy zor din mon truve 1 ti gar on pe pe pe demend dimen  li dir dir dir dir dir di                  mam    me      mam                                                                                                                               ,0.5862068965517241,0.9019607843137255,False,punctuation_error;capitalization_error;spacing_error;missing_word_error
test,ena pou dir camion la entord,Ena pu dir camion la antor.,Dana pu  dirr caminn lan tondord.,0.37037037037037035,0.8333333333333334,False,capitalization_error;spacing_error
test,Si pa ti ena bnla... Eski zot realise ki ti pu ariv nu.. Nu la cour... Dn ki kalit malprop nu ti pu vive... 1 jur retard zot fr... Fr bel bel tapaz... Alors apran respect sa bnela svp...,Si pa ti ena banla... Eski zot realise ki ti pu arrive nu.. Nu lakour... Dan ki kalite malprop nu ti pu viv... 1 zur retard zot fer... Fer bel bel tapaz... Alors aprann respect sa banla svp...,Si pa ti ena bann.... Sis zot re le li i i pu pu  u  u  u  u ku ku ku ku ku ku ki pu pu pu pu pu pu pu pu ti pu tre                                                                                              la pe pa per pa pe pa pe pa pe pa pe pa pe pa ,0.90625,1.105263157894737,False,punctuation_error;capitalization_error;spacing_error;extra_word_error
test,Ah b parent la pa trouver so zenfant pas avec zot 🤔 b ca bisin pa remet zenfant la bane parents la ca,Ah b parent la pa truve so zanfan pas avec zot? 🤔 B sa bizin pa remet zanfan la bann parents la sa.,Ah b parent la pa trouver so zon fann pas  a     ba ba bizin pe  an e  an en  ann zan  ann  ann la aann la aan la aan la aan la aan la aan la aan la aan la aan la aan la aan la aan la aan la aan la aan la aan la aan la aan la aan la aan la aan la aan la a,1.8686868686868687,2.608695652173913,False,punctuation_error;capitalization_error;spacing_error;extra_word_error
test,Aila leffet 3 credits al fr lower zeleves nepli fr bel zefort well done minister😂,Aila lefet 3 credits. Ale fer lower. Zelev nepli fer bel zefor. Well done minister.😂,Aila leffet  ceredit sa la for lore zeze en en pe le fer le fer le lo le lon enn minnet.,0.47619047619047616,1.2666666666666666,False,punctuation_error;capitalization_error;spacing_error;extra_word_error
test,Sc fail waste of resources and money rembourse si pa passe,SC fail. Waste of resources and money. Rembourse si pa passe.,Sc faill waste oo resouresse  ann monnye  roures si spasspessesse.,0.39344262295081966,0.9090909090909091,False,punctuation_error;capitalization_error;spacing_error;missing_word_error
test,"[NAME], zordi ki moricien découvert 1 scammer sa 🤣","[NAME], zordi ki Morisien découvert 1 scammer sa. 🤣","[NAME], zordi  i  orricicend décuve t  sa sa sammem sa sa sa sa.",0.47058823529411764,1.2222222222222223,False,capitalization_error;spacing_error;extra_word_error
test,Sanla pli mari ki Gowresso Hari Bol,Sanla plis mari ki Gowresso Hari Bol.,Sanla pli mari ki  owresso sar or  oor.,0.24324324324324326,0.7142857142857143,False,capitalization_error;spacing_error;extra_word_error
test,Lopital toultemp problem papa,Lopital tultan problem papa.,Lopitall toulemppproblem mpapapapa.,0.39285714285714285,1.0,False,capitalization_error;spacing_error;missing_word_error
test,Bé ki fer pa met 1avi de pluie toransiel???,B kifer pa met 1avi de pluie toransiel???,Be ki fer pa met  a vavi de pu ion toransile???????????,0.4634146341463415,1.0,False,punctuation_error;capitalization_error;spacing_error;extra_word_error
test,"Si dimoune pena sense responsibility, p boire ou droguer kan drive, bisin STRIP THEM OF THEIR DRIVING LICENCE, SO NO MORE DRIVING FOR THEM, EITHER LIFE IMPRISONMENT OR DEATH SENTENCE IF MURDERED SOMEONE!!!!","Si dimunn pena sense responsibility, pe boire ou droguer kan drive: bizin STRIP THEM OF THEIR DRIVING LICENCE, SO NO MORE DRIVING FOR THEM, EITHER LIFE IMPRISONMENT OR DEATH SENTENCE IF MURDERED SOMEONE!!!!",Si dimunn penn sense sessonsiiilit pe po bor er dor grouge draire  diri  i bi i i     IN  IN  IN  IN  IN  IN  IN  IN  IN  IN  IN  IN  IN  IN  IN  IN  IN  IN  IN  IN  IN  IN  IN  IN  IN  IN  IN  IN  IN  IN  IN  IN  IN  IN  IN  IN  IN  IN  IN  IN  IN  IN  I,0.7864077669902912,1.696969696969697,False,punctuation_error;capitalization_error;spacing_error;extra_word_error
test,"[NAME], premier janvier bouillon poisson satini coco","[NAME], premier janvier bouillon poisson satini coco.","[NAME], premimer  anni boulilonoonoosossonsonssonn saicicococoocoocoo.",0.5849056603773585,0.8571428571428571,False,capitalization_error;spacing_error;missing_word_error
test,Sa meme to la France brother,Samem to la France brother?,Sa mem to la  rance brothere.,0.14814814814814814,0.8,False,punctuation_error;capitalization_error;spacing_error;extra_word_error
test,"[NAME], pna control sa meme bsin fair check souvent dans supermarché b selma ti dir si prix pa normal rapporter","[NAME], pena control. Samem bizin fer check souvent dans supermarché. B selma ti dir si prix pa normal, rapporter?","[NAME], pan  oontroll sa mem biminn fair chek cheku souvend sann sans re  se se  sa  e  i  i  i pi pi prir prir prar prarrapraprorpraprorpraprorpraprorpraprorpraprorpraprorpraprorpraprorpraprorpraprorpraprorpraprorpraprorpraprorpraprorpraprorpraprorprapro",1.5701754385964912,1.3157894736842106,False,punctuation_error;capitalization_error;spacing_error;extra_word_error
test,Premier dabord Marchant enbulan plas pena pu mancher lot coter bus rouler lapolice bizin met lord ban marchant,"Premier dabor: marsan enbulan, plas pena pu marse lot kote, bus roule. Lapolis bizin met lord bann marsan.",Premier dabordd  arrchant bann lalan pass pa pan pa concher coure  ou loure lo lo li bizin  man  man  mann mann mann mann mann mann mann mann mann mann mann mann mann mann mann mann mann mann mann mann mann mann mann mann mann mann mann mann mann mann man,1.8584905660377358,2.6666666666666665,False,punctuation_error;capitalization_error;spacing_error;extra_word_error
test,Laner fek coumenser fni gain contender pu bbk de lanner tou 🤣🤣🤣,Lane fek komans. Fini gagne contender pu bobok de lane tu. 🤣🤣🤣,Lann  ekkkkumenns en fini gann conne de bube be denn te tu tu tu tu tu tu 🤣🤣🤣🤣🤣🤣🤣🤣🤣🤣🤣🤣🤣🤣🤣🤣🤣🤣🤣🤣🤣🤣🤣🤣🤣🤣🤣🤣🤣🤣🤣🤣🤣🤣🤣🤣🤣🤣🤣🤣🤣🤣🤣🤣🤣🤣🤣🤣🤣🤣🤣🤣🤣🤣🤣🤣🤣🤣🤣🤣🤣🤣🤣🤣🤣🤣🤣🤣🤣🤣🤣🤣🤣🤣🤣🤣🤣🤣🤣🤣🤣🤣🤣🤣🤣🤣🤣🤣🤣🤣🤣🤣🤣🤣🤣🤣🤣🤣🤣🤣🤣🤣🤣🤣🤣🤣🤣🤣🤣🤣🤣🤣🤣🤣🤣🤣🤣🤣🤣🤣🤣🤣🤣🤣🤣🤣🤣🤣🤣🤣🤣🤣🤣🤣🤣🤣🤣🤣🤣🤣🤣🤣🤣🤣🤣🤣🤣🤣🤣🤣🤣🤣🤣🤣🤣🤣🤣🤣🤣🤣🤣🤣🤣🤣🤣🤣🤣🤣🤣🤣🤣🤣🤣🤣🤣🤣🤣🤣🤣🤣🤣,3.5161290322580645,1.5,False,punctuation_error;capitalization_error;spacing_error;extra_word_error
test,Hope he reads the comments ek conner combien degoutanttt li eter!,Hope he reads the comments ek kone combien degoutant li ete!,Hope he  redad the comment se kokon conne combinn dent dettttet tete teteretere terteretere teretere.,0.8833333333333333,1.0909090909090908,False,punctuation_error;capitalization_error;spacing_error;extra_word_error
test,Poucentage p baisser... Bizin done lecon plus,Poucentage pe bese... Bizin donne lesson plus.,Poucentage pe baisse..... Bizinnd donn len plous.,0.2608695652173913,0.7142857142857143,False,punctuation_error;capitalization_error;spacing_error
test,cki terible ladan t ena dimune fini ggner mo rest dan 1 nhdc to kone komier ferme abardone popri deor ale comprend toi ici rinte attne pff,"Seki terible ladan to ena dimunn fini gagne mo reste dan 1 NHDC. To kone komie ferme abardone popri deor? Sle comprend toi. Ici rinte atann, pff!",Akki terible ladan te te dinn finn finn gen  ron  dan  dand dand  on  kome  kome  e  or e  or der der dor dor dor dor dor dire dire ti ti ti ti ti ti ti ti ti ti ti ti ti ti ti ti ti ti ti ti ti ti ti ti ti ti ti ti ti ti ti ti ti ti ti ti ti ti ti ti ti ,1.2413793103448276,2.4814814814814814,False,punctuation_error;capitalization_error;spacing_error;extra_word_error
test,Fer sa met 1 culote,Fer sa met 1 culote.,Fer sa  met 1 kulot.,0.15,0.2,False,capitalization_error;spacing_error
test,Non une blague sa eiiin,Non. une blague sa ein?,Non  unn blage sa siiiinn.,0.391304347826087,0.8,False,punctuation_error;capitalization_error;spacing_error
test,"[NAME], mo pense pas li pu rapel ki lin kzer zrdi😂","[NAME], mo pense pas li pu rapel ki linn koze zordi.😂","[NAME], moo pense pas li pu prepe li ki li kiziz zer zordi.",0.2641509433962264,0.6363636363636364,False,capitalization_error;spacing_error;extra_word_error
test,"Bisin met camera obligatoire lor tou loto, pé vine trop grave dan sa pays la.. Lor semin ou pa trankil, dan lacaz ou pa trankil, dan ou. Loto ossi ou pa trankil","Bizin met camera obligatoire lor tu loto, pe vinn trop grave dan sa pays la.. Lor sime ou pa trankil, dan lakaz ou pa trankil, dan ou loto osi ou pa trankil.",Bisin met camer oobligaitire lor  oot oot ou pe pe pe pe pre pa pa pa pa pa pa sa sa sa pa sa pa sa pa  a  a  a  a an  a an  a an  a an  a a a a  a a  a  ou  ou  ou  ou  ou  ou  ou  ou  ou  ou  ou  ou  ou  ou  ou  ou  ou  a  ou  ou  ou  ou  a  ou  ou  ou ,1.0636942675159236,1.96875,False,punctuation_error;capitalization_error;spacing_error;extra_word_error
test,Tw tir bnla nu nu pu tir tw,"Twa tire banla, nu nu pu tire twa.",Tw  tir bblan  nu nu pu ti tr tw.,0.29411764705882354,0.75,False,punctuation_error;capitalization_error;spacing_error;extra_word_error
test,Kuma janvier kumenC kumsa la. ena depi dec pu ale la,Kuma janvier komans kumsa la. Ena ziska december pu ale la.,Kuma jannier kumenn kumsa aa an de dede de de pe la la la.,0.3898305084745763,1.0,False,punctuation_error;capitalization_error;spacing_error;extra_word_error
test,B la fin la journée bann parents pa réalise zot zenfan pa la!?,B la fin la journée bann parents pa réalise zot zanfan pa la!?,B la finn la journée bann pann sarte saralasse zot zot zan pa aana ala?,0.3870967741935484,0.6153846153846154,False,punctuation_error;capitalization_error;spacing_error;extra_word_error
test,Tention soulier perdi!😅,Tention soulier perdi!😅,Tenntoon soulier perdi!!,0.13043478260869565,0.6666666666666666,False,punctuation_error;capitalization_error;spacing_error
test,Dir nou ki to finne fer,Dir nu ki to finn fer?,Dir  nu ki to finn fere fer.,0.3181818181818182,0.3333333333333333,False,punctuation_error;capitalization_error;spacing_error;extra_word_error
test,"Ou p viv dn decalage horaire ousiii la ou, ine pna cyclone lor baz laa laa boss.😂😂😂😂",Ou pe viv dan decalage horaire osi la ou inn pena cyclone lor baz la la boss.😂😂😂😂,Ou pe viv ddnn deccalage horre oui ioi  ou i  inn pan  nconn lo lo la bala la basa. 😂😂😂😂😂😂😂😂😂😂😂😂😂😂😂😂😂😂😂😂😂😂😂😂😂😂😂😂😂😂😂😂😂😂😂😂😂😂😂😂😂😂😂😂😂😂😂😂😂😂😂😂😂😂😂😂😂😂😂😂😂😂😂😂😂😂😂😂😂😂😂😂😂😂😂😂😂😂😂😂😂😂😂😂😂😂😂😂😂😂😂😂😂😂😂😂😂😂😂😂😂😂😂😂😂😂😂😂😂😂😂😂😂😂😂😂😂😂😂😂😂😂😂😂😂😂😂😂😂😂😂😂😂😂😂😂😂😂😂😂😂😂😂😂😂😂😂😂😂😂😂😂😂😂😂😂😂😂😂😂😂😂😂😂😂😂😂😂😂😂😂,2.419753086419753,0.7647058823529411,False,capitalization_error;spacing_error;extra_word_error
test,Avoye sa chateau reduit et accepter so tifi koum leader mmm... Saem li envi mo kwar,Avoy sa sato Réduit et accepte so tifi kuma leader MMM... Samem li anvi mo krwar.,Avoye sa chatteur deutite te cectet so ti fimi fem mem mememmemmemmem mim  i vi i  or ko kor ko kor kowa kor kowa.,0.8518518518518519,1.375,False,punctuation_error;capitalization_error;spacing_error;extra_word_error
test,Nou niveau education in bien baisse comparer avec 30 ou 35 ans de cela et lors la aussi ena zenfants trouve sa difficile pou gagne 5 credits,Nu niveau education inn bien bese comparer avec 30 ou 35 ans de cela. Et lor la osi ena zanfan truve sa difficile pu gagne 5 credits.,Nu nniveu educctionn inn binn baise compe                                           a sa sa sa sa sa fans  anfen  a fanfer sa fer                                                                                                                              ,0.5714285714285714,0.8888888888888888,False,punctuation_error;capitalization_error;spacing_error;missing_word_error
test,to pe rod tax partou toi to pou ganier la,"To pe rode tax partu, toi to pu gagne la.",Zoo pe  rodd ta part ot to to  pu gann erier la.,0.3902439024390244,0.8,False,punctuation_error;capitalization_error;spacing_error;extra_word_error
test,Tou dimune p dir la polis in bien fr sauf fami coupable ki p truv zot fami innocent lol,Tu dimunn pe dir la polis inn bien fer sauf fami coupable ki pe truve zot fami innocent lol.,Tu dimunn pe dir la polisi inn binn faufffaufe kumpa bi pu pu pu    t  t       a moinn nonn nonn lonn lontonn lontonn lolonn lolonn lolonn lolonn lolonn lolonn lolonn lolonn lolonn lolonn lolonn lolonn lolonn lolonn lolonn lolonn lolonn lolonn lolonn lolo,2.108695652173913,1.9473684210526316,False,punctuation_error;capitalization_error;spacing_error;extra_word_error
test,"Maurice in gagn la ginn soye, depuis sa GM la lor pouvoir,, bku bus pa bon bus malprop sal,, bku bus la route 52 surtout Albion, bku bus sal siège 💺 bus malang,, negativity","Maurice inn gagne la ginn soy depuis sa guvernman la lor pouvoir. Buku bus pa bon bus malprop, sal. Buku bus la route 52 surtout Albion, buku bus sal siège 💺 bus malang, negativity.",Maurice inn gagn la ginn soye de depu sa sa  la  lo  ou  ou bu bu bubububububu bubu buble buble bu bu bu bu bu bu bu bu bu bu bu bu bu bu bu bu bu bu bu bu bu bu bu bu bu bu ban   ban   ban   ban   ban   ban   ban   ban   ban   ban   ban  gagn gagn gagn g,0.9116022099447514,1.6176470588235294,False,punctuation_error;capitalization_error;spacing_error;extra_word_error
test,bizin cancel night shopping. security lepep avant tout. ban sans vision ki pense zis sensation,Bizin cancel night shopping. Security lepep avant tu. Bann sans vision ki pense zis sensation.,Bizin cancel  inghhhoppoppipe gecictiyey le pe pa pa tant tant  sans si si si sis sise sissens sassisinn sassisinn sassisinn sassisinn sansisinn sassisinnsansinnsansinnsansinnsansinnsansinnsansinnsansinnsansinnsansinnsansinnsansinnsansinnsansinnsansinnsan,2.021276595744681,1.3333333333333333,False,punctuation_error;capitalization_error;spacing_error;extra_word_error
test,[NAME] tarder em,[NAME] tarde mem.,[NAME] tarder eme.,0.17647058823529413,0.6666666666666666,False,capitalization_error;spacing_error
test,Madame mo croire mo pas p tander ki ou p dire...,Madame mo croire mo pas pe tande ki ou pe dire...,Madame mo  corire mo pas pa pander  ki  ou pe di pe dir........................................................................................................................................................................................................,4.3061224489795915,0.5454545454545454,False,punctuation_error;capitalization_error;spacing_error;extra_word_error
test,Ptr ek msm mem zafer sa.. Ptr pli pire letemp guett bien,PTR ek MSM mem zafer sa... PTR plis pire letan get bien.,Ptrr ek mmmmmmm zafer sa. Prt pli pi pere le pe pe te te bien.,0.44642857142857145,1.0833333333333333,False,punctuation_error;capitalization_error;spacing_error;extra_word_error
test,Pou inogirasion,Pu inogirasion.,Pou inoograsion.,0.2,1.0,False,capitalization_error;spacing_error
test,Boss guet impe partou... Partou prix exorbitan suretou taxi,Boss get enpe partu... Partu prix exorbitan surtout taxi.,Boss guet  mmpe partou... Parru pur peristinn surtu tu tut tu tut.,0.47368421052631576,1.2222222222222223,False,capitalization_error;spacing_error;extra_word_error
test,Piscine gonflable sa ki faire journaliste p poster foto piscine article a la con,Piscine gonflable sa. Kifer journaliste pe poste foto piscine? Article a la con.,Piscinn gonfalle sa si fir  oure journsstiste pot pot pot pi cicicice cance la conn la conn la conn lan conn lan conn lan conn lan conn lan conn lan conn lan conn lan conn lan conn lan conn lan conn lan conn lan conn lan conn lan conn lan conn lan conn la,2.5125,4.076923076923077,False,punctuation_error;capitalization_error;spacing_error;extra_word_error
test,"[NAME], oui mo get... Pour le moment pna nanier","[NAME], oui mo get... Pour le moment pena nanyin.","[NAME], oui mo get... Pu re lem momment pann nnnnen.",0.20408163265306123,0.6666666666666666,False,capitalization_error;spacing_error;extra_word_error
test,Ene nouvelle épisode tulsi,Enn nouvelle épisode Tulsi.,Enn nouvelle peisode tulisi.,0.14814814814814814,0.5,False,capitalization_error;spacing_error
test,Dan 4ans zot oci nous pou retire😂et pas bliye nou oci nous pou met latrap😉,Dan 4 ans zot osi nous pu retire 😂et pas bliye nu osi nous pu met latrap.😉,Dan  anns zot oo  ou sous pu tretete ta blile  ou  ou  ou  ou  pu te tatta.,0.44594594594594594,0.8235294117647058,False,capitalization_error;spacing_error
test,Ti pu bon si dans la journey ti passe 1 coup ki deroulez Dans bane mag ki paye loyer,Ti pu bon si dans la journey ti passe 1 kut ki derule. Dans bann magasin ki peye loyer.,Ti pu bonn si dann la joureny ti y pe s pu  ku ki ko ko  e  e  an  an  an  a  a  a pe pe peye ley peye leye leye leye leye leye leye leye leye leye leye leye leye leye leye leye leye leye leye leye leye leye leye leye leye leye leye leye leye leye leye le,2.2758620689655173,2.789473684210526,False,punctuation_error;capitalization_error;spacing_error;extra_word_error
test,🤦‍♀️🤦‍♀️🤦‍♀️ artistes cot p aller!!!!🙄,🤦‍♀️🤦‍♀️🤦‍♀️ artistes kot pe ale!!!!🙄,"AME], Geye  rattisse so s pa ple lale!!!!!!!!",0.7297297297297297,1.6,False,punctuation_error;capitalization_error;spacing_error;extra_word_error
test,Double decker in fire 🔥🔥🔥🔥🔥🚍🚍🚍🚌🚌♨️♨️,Double decker inn fire. 🔥🔥🔥🔥🔥🚍🚍🚍🚌🚌♨️♨️,Double dekkke inn fire  e  ekume.,0.47368421052631576,0.8,False,capitalization_error;spacing_error;extra_word_error
test,Malheureusement cki ti bsn mort la pan mort,Malheureusement seki ti bizin mort la pann mort.,Malheureusemement ki ti binn mort la pa pan montmmort.,0.2916666666666667,0.75,False,capitalization_error;spacing_error;extra_word_error
test,Enta piago zt 🥝 ine bousser la,Enta piago zot 🥝 inn bouss la.,Enta piigo zzt  inn bousser la.,0.16666666666666666,0.5714285714285714,False,capitalization_error;spacing_error;missing_word_error
test,"Mo conné se ki li fine fer li impardonnable mais famille pa fine avoy li boire ek droguer, enn minimum compassion pou la famille, parce ki certain commentaire li blessant pou la famille. Enn double peine ler zot lire sa bane commentaire la","Mo kone se ki li finn fer li impardonneable mais famille pa finn avoy li boire ek droguer. Enn minimum compassion pu la famille, parski certain commentaire li blessant pu la famille. Enn double peine ler zot lire sa bann commentaire la.",Mo konn se si li finn fer fir  impradann bamile  famille  a fin    or  o  or  or e  or  ou  ou  ou  i mome mom mamin                                   la meme  la  la la la le la la le la la le la la le  la la le la la le  la la le  la la le  la la bann l,0.6440677966101694,1.1904761904761905,False,punctuation_error;capitalization_error;spacing_error;extra_word_error
test,"Pas pou lapav fer narrien, li natural e sa pou continien, e pena oken solition,",Pas pu kapav fer nanyin. Li natural et sa pu kontiyn et pena okenn solution.,Pas pu lapav ver  arrein li la taurala  pu  pu conn inn ne ne nonn  onn oonionionionionion.,0.5789473684210527,0.9333333333333333,False,punctuation_error;capitalization_error;spacing_error;extra_word_error
test,Bonne chance au z'eleve,Bonne chance au zelev.,Bonn  chance  au zeleveve.,0.22727272727272727,0.5,False,capitalization_error;spacing_error
test,"[NAME], line pret serment pu sove lavi dimune mais pas eclavage fer shift 24hrs tone deza travail 24 hrs non stop twa","[NAME], linn pret serment pu sove lavi dimunn mais pas eclavage fer shift 24hr. Tonn deza travail 24hr non stop twa?","[NAME], linn pret serment pu sov vovve lavi nimenn mais  assa a as e fer fer fer fer fer   hart          r ar a    r shan          so to  ot  ot  to to to to to to to to to to to to to to to to to to to to to to to to to to to to to to to to to to to to t",1.5344827586206897,2.761904761904762,False,punctuation_error;capitalization_error;spacing_error;extra_word_error
test,Ban zenfan pane kav travay akoz canard🤷‍♂️ zot ine tire tou canarad dpi g bassin kuma pu passe lexamen,"Bann zanfan pann kapav travail akoz canard.🤷‍♂️ Zot inn tire tu canarad depi Grand Bassin, kuma pu passe lexamen?",Bann zenfan pann ka vavvavavay ak ka ka  an dan  et  inn ti ti ti dan  a dan  a  a  a sa sa sa sa sa sa sa sa sa sa sa sa sa sa sa sa sa sa sa sa sa sa sa sa sa sa sa sa sa sa sa sa sa sa sa sa sa sa sa sa sa sa sa sa sa sa sa sa sa sa sa sa sa sa sa sa s,1.7433628318584071,3.9473684210526314,False,punctuation_error;capitalization_error;spacing_error;extra_word_error
test,"Pou capable gaspille cash public, Gagne commission are seki pou Fer la porte la.","Pu capable gaspille cash public, gagne commission ar seki pu fer la porte la.",Pu capable gasplile cass pu bilice gagnn commisis se se se  e  e  e  pe  le la per la per la pare la la la la la la la la la la la la la la la la la la la la la la la la la la la la la la la la la la la la la la la la la la la la la la la la la la la la l,2.5324675324675323,5.142857142857143,False,punctuation_error;capitalization_error;spacing_error;extra_word_error
test,Pinok the mafia boss.. La bastille so place,Pinok the mafia boss.. La bastille so place.,Pinok  the mafa boss.. La basstille so ple place.,0.1590909090909091,0.375,False,capitalization_error;spacing_error;extra_word_error
test,Fam la ine plein r so mari acz sa li p envi debarasse li...🤣🤣🤣🤣,Fam la inn plein ar so mari akoz sa li pe anvi debarasse li...🤣🤣🤣🤣,Fam la  inn pleni  ro  o rai  a za  la  i pe  en  erasasse...🤣🤣🤣🤣🤣🤣🤣🤣🤣🤣🤣🤣🤣🤣🤣🤣🤣🤣🤣🤣🤣🤣🤣🤣🤣🤣🤣🤣🤣🤣🤣🤣🤣🤣🤣🤣🤣🤣🤣🤣🤣🤣🤣🤣🤣🤣🤣🤣🤣🤣🤣🤣🤣🤣🤣🤣🤣🤣🤣🤣🤣🤣🤣🤣🤣🤣🤣🤣🤣🤣🤣🤣🤣🤣🤣🤣🤣🤣🤣🤣🤣🤣🤣🤣🤣🤣🤣🤣🤣🤣🤣🤣🤣🤣🤣🤣🤣🤣🤣🤣🤣🤣🤣🤣🤣🤣🤣🤣🤣🤣🤣🤣🤣🤣🤣🤣🤣🤣🤣🤣🤣🤣🤣🤣🤣🤣🤣🤣🤣🤣🤣🤣🤣🤣🤣🤣🤣🤣🤣🤣🤣🤣🤣🤣🤣🤣🤣🤣🤣🤣🤣🤣🤣🤣🤣🤣🤣🤣🤣🤣🤣🤣🤣🤣🤣🤣🤣🤣🤣🤣🤣🤣🤣🤣🤣🤣🤣🤣🤣🤣🤣🤣🤣🤣🤣🤣🤣🤣🤣🤣🤣🤣🤣🤣,3.257575757575758,0.7857142857142857,False,capitalization_error;spacing_error
test,N professor ki travaille lekol apres lheur llekol p donne lecon prive ek p prend 30 a 40 eleve dns lecon la bizin pa alle bane parent ek zenfant bzn kne fr le choice simple ena professor ki prend zis 10 a 15 eleve ek ki vrement fr zenfant la arrive ek zenfant lamm ou truv bane seki gourmand kass la ou pu fni truve,"Enn professor ki travail lekol, apre ler lekol pe donne lesson prive ek pe prend 30 a 40 zelev dans lesson la. Bizin pa ale, bann parent ek zanfan bizin kone fer le choice. Simple. Ena professor ki prend zis 10 a 15 zelev ek ki vremem fer zanfan la arrive, ek zanfan lamem ou truve. Bann seki gourmand kas la, ou pu fini truve.",NApprofesssor  ki travavallle leklle la pere le le le le lole lo lon pe pe pe pe pe pe pe pe  e  e                                                                                                          e  e  e  e  e  e  e  e  e  e  e  e  e  e  e  e  e  ,0.6758409785932722,0.9692307692307692,False,punctuation_error;capitalization_error;spacing_error;missing_word_error
test,Toujours mauritius police force amateur,Toujours Mauritius police force: amateur.,Tujourrs mauritiis police force  amameture.,0.1951219512195122,0.8,False,punctuation_error;capitalization_error;spacing_error
test,Nerport ki arriver li 1voleur et lin zet lacide lor dimun la so figirr alors ti bizn batt li enkr bann dimun ki p dire pa ti bizn batt li sipaki lah Laisse voleur la rente kot toi kass poz b,"Nerport ki arrive, li 1 voleur et linn zet lasid lor dimunn la so figure. Alors ti bizin bate li ankor. Ban dimunn ki pe dire pa ti bizin bate li sipaki la, laisse voleur la rantre kot toi, kase poz b.",Nerport ki  rrrive li li vollere et li li zin la dicide li diminn la firi    i  i  i bizin  binn  binn  i binn  i binn  i binn  i binn  i binn  i  i  i  i  i  i  i  i  i  i  i  i                                                                             ,0.5621890547263682,0.9047619047619048,False,punctuation_error;capitalization_error;spacing_error;extra_word_error
test,"[NAME], to kone kot li été toi","[NAME], to kone kot li ete toi?","[NAME], to kone kot li té été toti.",0.22580645161290322,0.42857142857142855,False,punctuation_error;capitalization_error;spacing_error;extra_word_error
test,"[NAME], zot rest zis pou prend bouquet fleur kan p ale faire landing la bas","[NAME], zot reste zis pu prend bouquet fleur kan pe ale faire landing laba.","[NAME], zot  rest zis pu prend bouute feule fer  kan  a pa la fare la andin la aan la bans bans basa.",0.52,1.1428571428571428,False,capitalization_error;spacing_error;extra_word_error
test,Wadire mr bean version local..,Wadire monsieur bean version local..,Madire mer benn verrsiono locla..........................,0.9444444444444444,1.0,False,punctuation_error;capitalization_error;spacing_error
test,Pou créer job gateman.,Pu créer job gateman.,Pou creée  oob gate maman...,0.42857142857142855,1.25,False,punctuation_error;capitalization_error;spacing_error;extra_word_error
test,zot in manz mami😂😂,Zot inn manze mami.😂😂,Zot inn manz mamm.😂😂😂,0.14285714285714285,0.5,False,capitalization_error;spacing_error
test,Gobin ti pe roti coson la cote to ti ete zanimo,Gobin ti pe roti coson la kot to ti ete zanimo.,Gobinn ti pe rot io oon la cot to tt te te zann.,0.2553191489361702,0.8181818181818182,False,capitalization_error;spacing_error;extra_word_error
test,Li pe donne so mari free 😁pas coner coment pour debarasse mari,Li pe donne so mari free 😁pas kone kuma pour debarasse mari.,Li pe donne so mari fer e pa so conn coment pomer der derasse marras ,0.35,0.8333333333333334,False,punctuation_error;capitalization_error;spacing_error;extra_word_error
test,ou p gagn traka ksanla kin film this and ki portable in serviced oil regulated cuma sa ban zistory la p being allowed..,OU pe gagne tracas kisanla kinn film this and ki portable inn serviced oil regulated kuma sa bann zistwar la pe being allowed..,Pu p  gagn trakak kasan kin  inn fimi    i din  ki por binle  ire  er li le la la la la  a sa sa bann  a bann la bann la bann la la le la la la la la la la le la la la la la la la le la la la la la la la le la la la la la la le la la la la la la le la la ,1.4566929133858268,3.0434782608695654,False,punctuation_error;capitalization_error;spacing_error;extra_word_error
test,Humain pli ale pe degrade zot nepli ena pitie pu le autre... Cuma ou kav pa pense sa ban dimoun ki kan ou p dormi banla p met devan ou la porte prope. Mentalite et leker prope li trouve dan ou action de tout le jur. Merci a sa ban dimoun ki contribute pu aide nu tout le jur. Respect,Humain plis ale pe degrade zot nepli ena pitie pu les autre... Kuma ou kapav pa pense sa bann dimunn ki kan ou pe dormi banla pe met divan ou la porte prope... Mantalite et leker prope li truve dan ou action de tu le zur. Merci a sa bann dimunn ki contribute pu aide nu tulezur. Respect.,Humain pli la ee derder dot zot pe pe pi pe pu pu pu pu pu pu pu pa pa pa pa pa pa pa  an  an                                                                                                                                                                  ,0.7491289198606271,0.9482758620689655,False,punctuation_error;capitalization_error;spacing_error;missing_word_error
test,Mentalités dimoune ziss lire zot bane commentaires montrer à qui point société la va mal si ti zot fami mo ti pou content geuter couma zot réagir dans ene situation ainsi,Mentalités dimunn zis lire zot bann commentaires montre à qui point société la va mal. Si ti zot fami mo ti pu kontan get kuma zot réagir dans enn situation ainsi.,Mentalitéss dimunn zis si li zot bann commement ront r to ti ti to ti to ti ti t                   ti ti ti ti to to to to to to to to to tou to tou tou  ant ant ant ant ant ant ant antinn  antinn  antinn antinn antinn antinn antinn antinn antinn antinn a,0.9447852760736196,1.5483870967741935,False,punctuation_error;capitalization_error;spacing_error;extra_word_error
test,Moi c'est pli intrigue moi ladan man ar sa saler kav met col roulé plis enn costume la 😳🤯,Moi c'est plis intrigue moi ladan man ar sa saler kapav met col roule plis enn costume la. 😳🤯,Moi c'est pli inntire  moi la dana mann aa as sa sa  aave ka  e   lo le lo le lo le so so sa  la  la ,0.4838709677419355,1.1578947368421053,False,punctuation_error;capitalization_error;spacing_error;extra_word_error
test,"[NAME], exactly b to conner kan to diminuer objective b zot fer le strict minimum","[NAME], exactly. B to kone: kan to diminye objective, b zot fer le strict minimum.","[NAME], eetactlyy  bo  oonn kann kon toiminn  oubee bobet ve bot e  e  er  ert  ret ti mimimimimimimimimimimimimimimimimimimimimimimimimimimimimimimimimimimimimimimmimimmimimmimimmimimmimimmimimmimimmimimmimimmimimmimimmimimmmimimmmimimmmimimmmimimmmimimm",2.4878048780487805,1.1333333333333333,False,punctuation_error;capitalization_error;spacing_error;extra_word_error
test,kayne west local,Kayne West local.,Mayen  west loclal.,0.29411764705882354,1.0,False,capitalization_error;spacing_error
test,Bisin arret travail Dan's privee et arret prediction allowance,Bizin aret travail dans prive et aret prediction allowance.,Bisin arret travaili  anns privevee et erte prediti inn lalolonconconconconconce.,0.5423728813559322,1.0,False,capitalization_error;spacing_error;extra_word_error
test,De quel pays etranger sont ces travailleurs? fr nuuu konerr dohh,De quel pays etranger sont ces travailleurs? Fer nu kone dow.,De qule payys etranger sont cestravalalle sur su su  u non ron rorer dohhoh hohhhhhhhhhhhhhhhhhhhhhhhhhhhhhhhhhhhhhhhhhhhhhhhhhhhhhhhhhhhhhhhhhhhhhhhhhhhhhhhhhhhhhhhhhhhhhhhhhhhhhhhhhhhhhhhhhhhhhhhhhhhhhhhhhhhhhhhhhhhhhhhhhhhhhhhhhhhhhhhhhhhhhhhhhhhhhhhhh,3.3934426229508197,1.0909090909090908,False,punctuation_error;capitalization_error;spacing_error;extra_word_error
test,"Tous bane ki tial prend cours avec li... (ena beaucoup bane videos cot li ti p enseigne zot), s. v. plait, partage zot lexperience et si nou ti capav coner si laveriter ena super profit ladans...","Tu bann ki ti ale prend cours avec li... (ena beaucoup bann videos kot li ti pe enseigne zot), silvuplet partage zot lexperyans et si nu ti kapav kone si laverite, ena super profit ladan...",Tus bann ki tila prend cour sa ve cie... Ben banu bann  bann                  ti en  e  pe so pe so pe ti get e pe pe pe pe ti e pa pe pe pa pe ti e  pa pe pa pe pa pe pa pa pa pa pa pa pa pa pa pa pa pa pa pa pa pa pa pa pa pa pa pa pa pa pa pa pa pa pa ,0.8518518518518519,1.8857142857142857,False,punctuation_error;capitalization_error;spacing_error;extra_word_error
test,Cot securiter ek cctv camera???,Kot sekurite ek CCTV camera???,Cot seccuritere ek ccct vamer??????????????,0.7,0.8,False,punctuation_error;capitalization_error;spacing_error
test,Children act...? Droit de l'enfant...? Ombudsman....? Cdu...?. This will continue to happen till rotin bazar doesn't make its comeback especially in primary schools,Children act...? Droit de l'enfant...? Ombudsman....? CDU...?...? This will kontiyn to happen till rotin bazar doesn'to make its comeback especially inn primary schools.,Children  cat... Kor te de denn fann................................................................................................................................................ Si pa ti to ti to ti to ti ti e  a sa come   come  come  come  come  come ,1.183431952662722,1.0,False,punctuation_error;capitalization_error;spacing_error;extra_word_error
test,"[NAME], fer villain.🤨 Change sa bann villain maniere la","[NAME], fer villain.🤨 Change sa bann villain maniere la.","[NAME], fer villani.. Shann gagne sa bann vinn  laninn mannere la.",0.2857142857142857,0.6666666666666666,False,punctuation_error;capitalization_error;spacing_error;extra_word_error
test,Nom fami manique 😂😂😂😂,Nom fami manique. 😂😂😂😂,Nom fami mani e 😂😂😂😂😂😂😂😂,0.3181818181818182,0.75,False,punctuation_error;capitalization_error;spacing_error;extra_word_error
test,La ki pu dir la 1 dimun bez ou tifi/garson/mama/papa kout lacide sasi in gnn Dan lipied la Si ti gnn Dan figir fini Ki ou ti pu fer ou ti pu gnn so sagrin? Ti binz gnn baté mem sa,"La ki pu dir la? 1 dimunn bez ou tifi/garson/mama/papa kut lasid sasi inn gnn dan lipied. La si ti gnn dan figure fini, ki ou ti pu fer ou ti pu gnn so sagrin? Ti bizin gagbe bate mem sa.",La ki pu dir la 1  dimunn bez  i figragrasanmamamana ma pa disi  an  inn gani  inn gani  i n  i n  i n  i n  i in  i i  i i  i  i  i  i  i  i  i  i  i n  i n  i n  i n  i n  i n  i n  i n  i n  i n  i n  i n  i n  i n  i n  i n  i n  i n  i n  i n  i n  i,0.8235294117647058,1.829268292682927,False,punctuation_error;capitalization_error;spacing_error;extra_word_error
test,🤣🤣🤣 may contain lor beaucoup produit dan le monde mey sa akoz ban allergens par raport a ban norme haccp si ena ban lezot chef lor post la kapav confirmer ki trace veux pas dire ena li ladan,"🤣🤣🤣 may contain lor beaucoup produit dan le monde, me sa akoz bann allergens par raport a bann norme HACCP. Si ena bann lezot chef lor post la, kapav konfirme ki trace veux pa dire ena li ladan.",🤣🤣🤣 mayy conntann lor beu u pu pu didind dann den  mondeme  e  a zan  aan er gann pa pa pa pa pa pa pa  a  a  a  a  a  a  a  a  a  a                                  a  a  a  a  a  a  a  a  a  a  a  a  a  a  a  a  a  a  a  a  a  a  a  a  a  a  a  a  a  a ,0.8608247422680413,1.631578947368421,False,punctuation_error;capitalization_error;spacing_error;extra_word_error
test,"Pou ban dimoune kine mort pas sorti, akoz sa ena gate",Pu bann dimunn kinn mort pas sorti akoz sa ena gate.,Pu bann dimunn kinn mort pass sorti  a zoz aa aa aagae gaate.,0.25,0.6363636363636364,False,capitalization_error;spacing_error;extra_word_error
test,"E Pena receipt, e sa zafer ki apel frais lasurance Kan al lor test LA, 1 arnac sa","Et pena receipt, e sa zafer ki apel frais lasirans kan ale lor test la, 1 arnac sa.",E  ena receitt e  sa zafer ki pa la farsis lasarance  la  la  la                 ar a a an asa aansa sa aansa sa aasa sa aasa sa aasa sa aasa sa aasa sa aasa sa aasa sa aasa sa aasa sa aasa sa aasa sa aasa sa aasa sa aasa sa aasa sa aasa sa aasa sa aasa s,2.3855421686746987,3.0555555555555554,False,punctuation_error;capitalization_error;spacing_error;extra_word_error
test,Lundi mmm p retire li lerla mo get comments. Ek sa li imminent,Lundi MMM pe retire li lerla mo get comments. Ek sa li imminent.,Lundi mmm  pe retire li le la ge ge tomem mement sa sa miminnnnnnnnnnnnnnnnnnnnnnnnnnnnnnnnnnnnnnnnnnnnnnnnnnnnnnnnnnnnnnnnnnnnnnnnnnnnnnnnnnnnnnnnnnnnnnnnnnnnnnnnnnnnnnnnnnnnnnnnnnnnnnnnnnnnnnnnnnnnnnnnnnnnnnnnnnnnnnnnnnnnnnnnnnnnnnnnnnnnnnnnnnnnnnnnnnnn,3.34375,0.6923076923076923,False,punctuation_error;capitalization_error;spacing_error;extra_word_error
test,Sa pu fini vadr game of thrones sa..,Sa pu fini wadire Game of Thrones sa..,Sa pu fini vaddr game oo  ot or onnssss........................................................................................................................................................................................................................,6.0,0.75,False,punctuation_error;capitalization_error;spacing_error;extra_word_error
test,"[NAME], wai mais mo kone buku docterr ki etre forcer pu fer 24, eski to penser apres 20 hrs lourd, tone vini avec ene cas grave, eski dokterr la pu 100% pu guet tw","[NAME], oui mais mo kone buku docteur ki etre force pu fer 24, eski to pense apre 20hr lourd, tonn vini avec enn cas grave, eski docteur la pu 100% pu get twa?","[NAME], wa mamis mo kon  kon  docter re kite fer fer fer fer  e  e  e  e  e pe se pres  r  re    re                                                                               u  u  u  u  u  u  u  u  u  u  u  u  u  u  u  u  u  u  u  u  u  u  u  u  u  u ",1.150943396226415,1.4242424242424243,False,punctuation_error;capitalization_error;spacing_error;extra_word_error
test,"[NAME], boss apart faire ouvert labouce tire la lalang ouvert liyeux gross apre ecrire lor papier ki zot racer tention diabetes eco xray piquire pansment lot dimoune faire met n serve do","[NAME], boss apart fer ouver labus, tire lalang, ouver lizye, get gro. Apre ekrir lor papier ki zot resi: tention, diabetes, eco, X-Ray, pikir, pansman. Lot dimunn fer met enn serye dow.","[NAME], boss sapart faire  ouve la baubeure ti e la lala gange  u gu ger  er sor  re sor er pre  prer e  prer e  i e ti e ti e ti e ti e  er e  i e  a pe  i e  inn  e  inn  e  e  e  e  e  inn  e  e  e  e  e  e  e  inn  e  e  e  e  e  e  e  e  e  inn  e  e",0.8602150537634409,2.1875,False,punctuation_error;capitalization_error;spacing_error;extra_word_error
test,Pou li fair sa ena problem Li pa un simple artist mais li un artist ki vraiment ine fair so nom 2eme fois la Put importe ki problem li ena artist pas gagne asser reconnaissance,"Pu li fer sa, ena problem. Li pa un simple artist mais li un artist ki vraiment inn fer so nom 2eme fois la. Peut importe ki problem li ena artist pas gagne ase reconnaissance.",Pu li fair sa ena proble mi  pa  n  impe pi li ti si si ti si ti ti ti ti ti ti ti ti n  a mome  o mom e  o mom e  o mom e                                                 a  a  a  a  a sa sa sa sa sa sa sa sa sa sa sansansansansansans sansansansansansans ,0.9488636363636364,1.4285714285714286,False,punctuation_error;capitalization_error;spacing_error;extra_word_error
test,Ena beser la tonn bless so l'orgueil femme la pren so mari meg 😂😂😂 pas bon to faire dimoun redi la vein coumsa 😏😏 (you know what i mean by lavein 🫣🤭),"Ena bez la: tonn bless so l'orgueil femme la, pran so mari meg 😂😂😂 Pas bon to faire dimunn redi la vein kumsa 😏😏 (you know what I mean by lavein 🫣🤭).",Ena beese la tonn blel so soor lorgelile leme la pe mar                                o  o  o  o  o  i dinn  a  i din                                                                                                                                         ,0.5973154362416108,0.90625,False,punctuation_error;capitalization_error;spacing_error;missing_word_error
test,Un des 60 voleurs de pension sans l'amour propre pas honter p vivre are la sueur des petits contribuables,Un des 60 voleurs de pension sans l'amour propre. Pas honte pe viv ar la sueur des petits contribuables.,Enn des  00 vollers de pensinn sans sans pu prour pporper pe pa pe pe pe ver e  e  e  e se se te te te te te te touste bantibise bante bante bantible bante bantible bante bantible bante bantible bante bantible bante bantible bante bantible bante bantible ,1.7692307692307692,2.3157894736842106,False,punctuation_error;capitalization_error;spacing_error;extra_word_error
test,So ban garde du corp couma dire ti toutou li pas capav marche tout seul,So bann garde du corp kumadir ti toutou li pas kapav marse tu seul.,So bann gardde du corpe kuma dire ti tu ti u pa pa pa paa caar ca ta tu tu tu tu ustu leus.,0.5522388059701493,1.3571428571428572,False,capitalization_error;spacing_error;extra_word_error
test,Besoin battre chauffeur la jusqu'à li desoule,Besoin bate chauffeur la jusqu'à li desoule.,Besoin battre chauffeur la lu qusulle desseule.,0.22727272727272727,0.5714285714285714,False,capitalization_error;spacing_error
test,"D foi en tant ki parent nou linstinct protekter pren le decu, mais pou etre ene bn parent nou bzin osi cne laisse nou zenfan recolt cki li semer, pou li ggn lecon. Ceki pli dure, perso mo cmpren madam la p rod ene raison.. Mais pa v dr ki li ena raison","Des fwa entant ki parent nu linstin protekter pran le desu, mais petet enn bann parent nu bizin osi kone laisse nu zanfan recolte seki li semer, pu li gagne lesson. Seki plis dure, perso mo konpran madam la pe rode enn raison.. Mais pa vdire ki li ena raison.",D foi enn tant ki parent nn nn nnntintint trottek perte pe e  e  e  e  e  e  e  e  n  n  n  n  n  n  n  n  n  n  n  n  n  e  e                                                                                                                                 ,0.6833976833976834,0.98,False,punctuation_error;capitalization_error;spacing_error;missing_word_error
test,"[NAME], gagne droit faire baby sitting here","[NAME], gagne droit faire baby sitting here?","[NAME], gagne droitt faire babye titinn ge geere.",0.22727272727272727,0.7142857142857143,False,punctuation_error;capitalization_error;spacing_error;extra_word_error
test,Sa 1 grnd kouyoner sa lin fni trv kaka ti fan r li lin perdi dimune so cnfiance li nek amen sa rol sanc lin sanz met bajou kurta fr namaz tusala p kouyon dimune zis pu gn kass apre ladan t gn 1 bhai long long labarbe fr video sanc p fr par million li ek so tifi sipa koi dan morice liem pli grnd swindle kiena la pur le moment,"Sa 1 grand kuyon sa. Linn fni truve kaka ti fane et li linn perdi dimunn so confiance. Li nek amenn sa role sanse linn sanze: met bajou, kurta, fer namaz. Tusala pe kuyon dimunn zis pu gagne kas apre ladan to gagne 1 bhai long, long labarbe fer video sanse pe fer par million, li ek so tifi sipakoi. Dan Moris limem plis grand swindle kiena la pour le moment.",Sa 1 grrnd kouyon sa  inn finn tr va kaki fin   i  inn  inn  inn  inn  inn  n  nn  nn  n  n  n  n  ann  ann  an  an  an  an  an  an  an  an  a  a  a  a  a  a  a  a  a  a  a  a  a  a  a  a  a  a  a  a  a  a  a  a                                            ,0.6323119777158774,0.971830985915493,False,punctuation_error;capitalization_error;spacing_error;missing_word_error
test,A madame ferme ou ban endans,A madame! Ferme ou bann endan.,A madame ferme  ou bann ennanss.,0.2,0.5,False,punctuation_error;capitalization_error;spacing_error
test,1 gran Merci madame pu invite 1ta ban problem pu ban mauricien dan zot lavenirr.,1 gran merci madame pu invite enta bann problem pu bann Mauricien dan zot lavenir.,1 ggran ereci madame pu pu vint ta ta bann bproble mu bann mann dann dann dann  ant nann ravenn ravenn ravenn ravenn ravenn ravenn ravenn ravenn ravenn ravenn ravenn ravenn.,1.3780487804878048,1.7333333333333334,False,capitalization_error;spacing_error;extra_word_error
test,Sa 2 suspect la Pena nom qui faire pa's met nom,Sa 2 suspect la pena nom qui faire pas met nom.,Sa 2 sussect la  enn no mum  fiire pass mem mem mom.,0.3191489361702128,0.8181818181818182,False,capitalization_error;spacing_error;extra_word_error
test,Hahaha li pan blier amen so ti sac ration lol 😂 Savedir seki ggner prend coulé dn sac la 😐😐🤣,"Hahaha! Li pann bliye amenn so ti sac ration, lol. 😂 Savedir, seki gagne, prend coule dan sac la. 😐😐🤣",Hahaha li pan blile amen so so sa sa tration lo lo  la  e  e  e ge ge genn den den de dan  la  a  la  la  la  la  la  la la  la la  la la  la la  la la  la la  la la  la la  la la  la la  la la  la la  la la  la la  la la  la la  la la  la la  la la  la l,1.9504950495049505,3.4,False,punctuation_error;capitalization_error;spacing_error;extra_word_error
test,Hats off [NAME]. To p fer n zoli travay. Continier bro. Sensibilise la population,Hats off [NAME]. To pe fer enn zoli travail. Kontiyn brother. Sensibilise la population.,Hats offff [NAME]  o pe fer zon  zolit at antinn bonnibiiii binilisililililililililili.,0.5,0.7857142857142857,False,punctuation_error;capitalization_error;spacing_error;missing_word_error
test,"[NAME], paradis paradis c un grand mot.. Quand on vois tout ce desatre c plutôt l'enfer.. C honteux","[NAME], paradis paradis se un grand mot.. Quand on vois tu se desatre se plutôt l'enfer.. Se honteux.","[NAME], paradis paradis    n  rann grand mout dondon oo  oot  ot  et  et  et te te te te te tente..    hont.",0.4752475247524752,0.9444444444444444,False,punctuation_error;capitalization_error;spacing_error;extra_word_error
test,La p dire suspect en cavale b video bater p dire li jette lacide apres line rode sauver samm li ti p gne bater kmsa b kuma suspect kpv en cavale. met 1 lorde dan zistoire la pou pena confussion do,"La pe dire suspect en cavale, b video bate pe dire li jette lasid apre linn rode sove. Samem li ti pe gagne bate kumsa, b kuma suspect kapav en cavale? met 1 lord dan zistwar la pu pena confussion dow.",La pe dire susse cent en cavale bie be bate  dire  e di e le le le la dire la dire  la dine  a  e                                                                                                                                                              ,0.6368159203980099,0.8536585365853658,False,punctuation_error;capitalization_error;spacing_error;missing_word_error
test,Quand guét sa video la trouver bien claire ki van 15place p fullphare camion b r sa signal mwa mo comprnd ki van la p donne mwa chemin pou mo debourser et saem chauffr camion la ine faire van ki entore d'aprés lorde ti p rode l'argent lassurnce sa ou donne signal fullphare et lerla ou alle bour sa r li,"Quand get sa video la truve bien claire ki van 15 place pe full phare camion. B ar sa signal, mwa mo comprend ki van la pe donne mwa chemin pu mo debouse et samem chaffeur camion la inn faire. Van ki antor dapre lord ti pe rode l'argent lasirans sa. Ou donne signal full phare et lerla ou ale boure sa ar li.",Quand guté sa vide la la trouve binn caire ki   pa pa pla pla pla pa pa pa pa                                                                                                                                                     a  a  a  a  a  a  a  a  a  a ,0.6623376623376623,0.921875,False,punctuation_error;capitalization_error;spacing_error;missing_word_error
test,Ma fille retourne kot twa mo pas conne la cause kine pousse twa fer sa tou problème ena ene solution 🙏bane parents s’il vous plaît dialogue important coumesa meme nu pou connais ki p passé dan la tête nu zenfan mo connais zordi nu pna bcp letemp meme mais essaie trouve letemp important sa 🥹,"Ma fille, retourne kot twa. Mo pas kone la cause kinn pousse twa fer sa. Tu problème ena enn solution. 🙏 Bann parents s’il vous plaît, dialogue important. Kumsamem nu pu kone ki pe passe dan la tête nu zanfan. Mo kone zordi nu pena buku letan mem, mais essaie truve letan. Important sa. 🥹",Ma fille  retouren kot twa mo so  on  kon la kans ku sa sa sa sa sa sa  e              ou le  on  en  on  on  on  on  ou la la la pu ti n  pa pu sa pu pa sa pa pa sa pa sa pa  an                                                                             ,0.625,0.9272727272727272,False,punctuation_error;capitalization_error;spacing_error;missing_word_error
test,Bravo. Tnn voter to bizin aider kot to truve ena blockage,Bravo. Tonn vote to bizin aide kot to truve ena blockage.,Bravo  nnn vott to bizin aide a det tot truve  e  bancakakakaka.,0.3684210526315789,0.7272727272727273,False,punctuation_error;capitalization_error;spacing_error;extra_word_error
test,Sofer van la pa entor mm li p roule vit camion la bzin get bien avant li dbouc van la lor main li,"Sofer van la pa antor mem li pe roule vite. Camion la bizin get bien avant li debouse, van la lor main li.",Sofer vann la pa  nntor m mi pr lo li vi la  amimon  la bizin ge binn  bann                      la  la  la la la la la la la la la li la li la li la li la li la li la li la li la li la li la li la li la li la li la li la li la li la li la li la li la li ,1.7264150943396226,2.739130434782609,False,punctuation_error;capitalization_error;spacing_error;extra_word_error
test,Mai madame la cool net et li p nettoyer rien avoir avec ckone ekrire dan l'article ou mo inper confuse la,Me madame la cool net et li pe nettoyer. Rien avoir avec kone ekrir dan l'article. Ou mo enpe confuse la.,Mai madame la coolo  ent et li pe tet ente eri e vire avive koki ek kor e  arant la an  la  ou pu pu pu sous en  la sa sa sa la la la la la la la la la la la la la la la la la la la la la la la la la la la la la la la la la la la la la la la la la la la l,1.819047619047619,3.380952380952381,False,punctuation_error;capitalization_error;spacing_error;extra_word_error
test,Sunday times to ekrire inspecteur selma to met photo sergent 1 lot zournal p dir en trainee police constable which is which mari sa zot ekrir seki pass dan zot latete pa verifié narien,"Sunday Times, to ekrir inspecteur selma to met photo sergent. 1 lot zournal pe dir enn trainee police constable. Which is which? Mari sa! Zot ekrir seki pass dan zot latet, pa verifié nanyin.",Sunday timems to kiri enn peete se seme mot to tot e to to tore  ot e  ot  or la  or li pren  pi pe  i li e   his   hi shis                    sa sa sa sa sa sa sa  a sa  a sa  a sa  a  a  a  a  a  a  a  a  a  a  a  a  a  a  a  a  a  a  a  a  a  a  a  a  ,0.900523560209424,1.8823529411764706,False,punctuation_error;capitalization_error;spacing_error;extra_word_error
test,"[NAME], 1 fam ki laguerre pou twa ek 1 fam ki defane twa... Fer 1 demarse sa 2 fam la pas bate ensam..🫠","[NAME], 1 fam ki lager pu twa ek 1 fam ki defane twa... Fer 1 demarse sa 2 fam la pas bate ensam..🫠","[NAME], 1 1 fam ki laggere pu twa  ka k ka fem ki fe fenfen  a  e  amares  a a  a a  a a a a a a aas ansa.",0.48484848484848486,1.0,False,punctuation_error;capitalization_error;spacing_error;extra_word_error
test,Sa concern administration non,Sa concern administration non?,Sa concern adiminstrttattonnnnnnnnnnnnnnnnnn.,0.7,0.5,False,punctuation_error;capitalization_error;spacing_error;missing_word_error
test,Dabord bizin explik sake la police c quoi so travail et so tole et comment pou faire li. Pour le moment c ene fiasko generalizer,Dabord bizin eksplik sak la police se quoi so travail et so role et comment pu faire li. Pour le moment se enn fiasko zeneralize.,Dabord bizin eepelikk kakak ko loliccecce cois  o  ot so to lot tot to to to to to to e  oume    ou e  e  e  e  e  e  e  e  e  e  e  e  e  e e  e e e e  e en en en en en en en en en en en en en en en en en en en en en en en en en en en en en en en en en e,1.426356589147287,2.92,False,punctuation_error;capitalization_error;spacing_error;extra_word_error
test,Sa ki appell la police bravo 👏,Sa ki apel la police. Bravo. 👏,Sa ki papell la police brar bavavo.,0.4,0.5714285714285714,False,punctuation_error;capitalization_error;spacing_error
test,Mes sympathique a la famille li pas facile ou perdi n famille 🌹🙏🏼🙏🏼🙏🏼,Mes sympathique à la famille. Li pas facile ou perdi enn famille. 🌹🙏🏼🙏🏼🙏🏼,Mes sympathiquu e la fammille li pas facile  ou e pe der din  famille  la le le le le le le le le le le le le le le le le le le le le le le le le le le le le le le le le le le le le le le le le le le le le le le le le le le le le le le le le le le le le l,2.7260273972602738,5.461538461538462,False,punctuation_error;capitalization_error;spacing_error;extra_word_error
test,La police ki so role li pa coner bis monté desane bizin bez bez contravention ziska saisi loto ou gueter si zot pu continier gard zot loto zot p met laman lor delo lapluie ki tomb lor simé,"La police ki so role? Li pa kone bis monte, desan. Bizin bez bez contravention ziska saisi loto, ou get si zot pu kontiyn garde zot loto. Zot pe met laman lor dilo lapli ki tombe lor sime.",La police ki so role li pa  on  on binn bonn denn bizizebbez bez zoz zot zot zot zot zot  ou to to to to to to to to to to  ot  ot  ot  ot  ot  ot  o lo lo lo lo lo lo lo lo lo lo lo lo lo lo lo lo lo lo lo lo lo lo lo lo lo lo lo lo lo lo lo lo lo lo lo ,0.8351063829787234,1.736842105263158,False,punctuation_error;capitalization_error;spacing_error;extra_word_error
test,Nec pé montrer fillet ec bal qui faire pas montrer poisson la...,Nek pe montre fillet ek bal qui faire pas montre poisson la...,Nec pe monntre fille te e ball qu fiir pa sa so ponser soossonsonson...........................................................................................................................................................................................,3.3870967741935485,1.0833333333333333,False,punctuation_error;capitalization_error;spacing_error;extra_word_error
test,"[NAME], c ki t p mo montrer la.... N pair vieux lagrain blanc sa..","[NAME], seki to pe mo montre la.... Enn pair vieux lagrain blanc sa..","[NAME], k ki tt pe moom montrer la... Pa paire vieu lagranann bann sa.",0.2608695652173913,0.9230769230769231,False,punctuation_error;capitalization_error;spacing_error;extra_word_error
test,Li li manzze somon,Li li manze somon.,Li li manze somonn.,0.05555555555555555,0.25,False,capitalization_error;spacing_error
test,"Au moins 1 personne ine dre li, apart cocubin pa tan narien apres violence","Omoin 1 personne inn dre li, apart concubin pa tande nanyin apre violence.",Au moins 1 personn nn der  li  apart coubinn pa bann na ann an en  are li en en en enne.,0.4864864864864865,1.3846153846153846,False,punctuation_error;capitalization_error;spacing_error;extra_word_error
test,"[NAME], grand histoire p vine raconter p prend mauricien pour des imbeciles","[NAME], grand histoire pe vinn raconte. Pe prend Mauricien pour des imbeciles.","[NAME], grand  histior pe pi nn rann rent prend marrdin  murici pe dime sie sicese.",0.44871794871794873,0.9166666666666666,False,punctuation_error;capitalization_error;spacing_error;extra_word_error
test,Defimedia info kot ou bn journalist in al prn zt degree kot 58rrr met n title precise dimun p pense hopital pu ferme 🤦‍♀️🤦‍♀️ doctor la kn exiger aret 24/7 savedir kn arive tantot li p ggn releve li p al so lakz n lot pu prn charge travail la ek mauricien pa coz kuma met n zafr la fni tir conclusion sans mm cmprn,Defimedia.info kot ou bann journalist inn ale pran zot degree? Kot 58rrr. Met enn title precise. Dimunn pe pense lopital pu ferme. 🤦‍♀️🤦‍♀️ Doctor la kan exiger aret 24/7 savedir kinn arrive tantot li pe gagne releve li pe ale so lakez. Enn lot pu pran charge travail la. Ek Mauricien pa koze. Kuma met enn zafer la fini tire conclusion sans mem konpran.,Defimedi  inn oo kot ou  ou  ournansisti t la pre  pre  er  ert  tre tre tre t ti e ti pe pe pe pe pe pe pe pe pe  e                                                                                                                                           ,0.751412429378531,0.953125,False,punctuation_error;capitalization_error;spacing_error;missing_word_error
test,C tjrs sahh! Pena nom dimun la dohh. Fishyyy heinn,Se tuzur sa! Pena nom dimunn la dow. Fishy hein.,S  tres sahhh  enn nomdimunn la dohhhhyyyyeye.,0.4583333333333333,0.9,False,punctuation_error;capitalization_error;spacing_error;missing_word_error
test,Lerla laisse li,Lerla? Laisse li.,Lerla laisse li.,0.11764705882352941,0.6666666666666666,False,punctuation_error;capitalization_error;spacing_error
test,Nice strategy. Bravo zotoo😎,Nice strategy. Bravo zot. 😎,Nice strategge. Bravavoo ootoooooo.,0.48148148148148145,0.8,False,capitalization_error;spacing_error;missing_word_error
test,Pou t ferm laport la kn t rentre,Pu to ferme laporte la kan to rantre.,Pu tt ferm laport la kn  t trentrere.,0.2702702702702703,0.75,False,capitalization_error;spacing_error
test,fer vaccin enkor lerla nou repass pou cobaye non merci,"Fer vaccine ankor, lerla nu repass pu cobaye. Non merci.",Fer vaccinn enkor ler lo  u pu spu so boube  onyen menceccicicici.,0.5535714285714286,1.0,False,punctuation_error;capitalization_error;spacing_error;extra_word_error
test,"[NAME], zot ggn a+ ladan 🤣","[NAME], zot gagne a+ ladan. 🤣","[NAME], zot gggnn aa ladan  🤣",0.13793103448275862,0.5,False,punctuation_error;capitalization_error;spacing_error
test,"[NAME], 🤣🤣 hahaha bisin dire sa meme la","[NAME], 🤣🤣 hahaha bizin dire samem la.","[NAME], 🤣🤣 hhhha biisi dire sa mem mem la.",0.2631578947368421,0.7142857142857143,False,capitalization_error;spacing_error;extra_word_error
test,Ene vol c'est ene vol,Enn vol c'est enn vol!,Enn voll cessten en voll.,0.36363636363636365,0.8,False,punctuation_error;capitalization_error;spacing_error
test,Li pe couvert so garcon en mettant dieu devant,Li pe couvert so garson en mettant Dieu devant.,Li pe kouvert so garconn ent mett dideude dentant.,0.2765957446808511,0.6666666666666666,False,capitalization_error;spacing_error
test,La banque responsable la banque bizin rembourse client la est vite,La banque responsable la banque bizin rembourse client la et vite.,La bannqu erssponsable la bann bizin re boure s li e le la te tet vettet vite vitet vite.,0.5606060606060606,1.2727272727272727,False,capitalization_error;spacing_error;extra_word_error
test,"[NAME], the students already know 2, 3 credits enough to do hsc, so they aim at this endeavour,... At the detriment of better performance... 1 minis lichoux foutou, sel zafer in baisser morice, performances ban etudiants.. 🤷🙄","[NAME], the students already know 2, 3 credits enough to do HSC, so they aim at this endeavour,... At the detriment of better performance... 1 minis lichoux foutou. Sel zafer inn bese Moris, performances bann etudiants.. 🤷🙄","[NAME], the student salerdade kon  20    credi to dou  ou  o  ho shoh hhe hha he ha he tha tha thare thant  et  et  et  e te te  e  e  e  e  e  e  e  e  e  e  e  e  e  e  e  e  e  e  e  e  e  e  e  e  e  e  e  e  e  e  e  e  e  e  e  e  e  e  e  e  e  e  ",0.7309417040358744,1.837837837837838,False,punctuation_error;capitalization_error;spacing_error;extra_word_error
test,Mo aret aste short ou boxer mo aste couche em,"Mo aret aste short ou boxer, mo aste couche mem.",Mo aret aste short ou boure mo sa touceche emememememememem.,0.4583333333333333,0.4,False,punctuation_error;capitalization_error;spacing_error
test,"Kifr fodé ine met video la police p tap sa boug la ar laraz, pou ki so lendemain lerla gagn NEWS ki 1 lot ine brulé, sanala en cavale?…","Kifer fode inn met video la police pe tap sa boug la ar laraz, pu ki so lendemain lerla gagne news ki 1 lot inn brule, sanla en cavale?…",Kifrr fodde inn met vide la lol police pa pa pa  ba ga  a  a  a  a  a  la  la  la  la  la  la  la gann la gan  li la                                      la  a la la la la la la la la la la la la la la la an la la la la an la la la an la la la an la la la,1.2794117647058822,2.0344827586206895,False,punctuation_error;capitalization_error;spacing_error;extra_word_error
test,Li pas grave magistrate ki pu decides keep it up gentleman be careful next time ok,Li pas grave magistrate ki pu decide. Keep it up gentleman be careful next time ok.,Li pas grave magistrttrate ki dededede eki e pe pe gent ent en  e  e  e te te te te te te te to ek met ek meki ek kot ek kot ek kot eki ek kot ek kot ek kot eki ek kot ek kot ek kot ek kot eki ek kot ek kot ek kot ek kot eki ek kot ek kot ek kot ek kot ek,2.3855421686746987,4.0625,False,punctuation_error;capitalization_error;spacing_error;extra_word_error
test,"Ouais, ton paolo.! Rente garage! Fine grand temps!","Ouais, ton Paolo.! Rantre garage! Finn grand tan!","Ouais, ton paolo  enn gageggeg ginn grann grande tempspess",0.5714285714285714,0.875,False,punctuation_error;capitalization_error;spacing_error;extra_word_error
test,Si sa figir la kine avoy lacide la entor B hats off to this police officer Parski prison pa fer zot per sa,Si sa figure la kinn avoy lasid la antor. B hats off to this police officer parski prison pa fer zot per sa.,Si sa figir la kinn avoy la lacide la tot ot  hat  ot  ot  ot  ot so sois cois  prisi pris pres pa pres pe pe pe pe pe pe pe pe pe pe pe pe pe pe pe pe pe pe pe pe pe pe pe pe pe pe pe pe pe pe pe pe pe pe pe pe pe pe pe pe pe pe pe pe pe pe pe pe pe pe p,1.75,2.9565217391304346,False,punctuation_error;capitalization_error;spacing_error;extra_word_error
test,Ile Moris reconnet polo so contribution des annees 70's 80's surtout la classe travayer à travers bans la lutte syndikals,"Lil Moris rekonet Polo so contribution des annees 70's 80's, surtout la classe travayer à travers bann la lutte syndikals.",Ile ooris  reconnt poolo soo oontoitiin  dens dens sasse ssssss ss su sa sa sa sa sa sa arave ar van  a ala e  la la la la la lans lans lans lans lans landis lans landis lans landis lans landis lans landis lans landis lans landis lans landis lans landis l,1.5081967213114753,2.55,False,punctuation_error;capitalization_error;spacing_error;extra_word_error
test,Ena lecon hsc coute rs 1800 par mois ena bese la dans prof la p tape par million psr mois,Ena lesson HSC kut Rs1800 par mois. Ena bez ladan. Professeur la pe tape par million psr mois.,Ena leconn hhcccoutter 10000 pa  or sois en  e sa bans  a sa pa fan pa pa pa pa pa pa li prili prisi porsis porsis porsis porsis porsis porsis porsis porsis porsis porsis porsis porsis porsis porsis porsis porsis porsis porsis porsis porsis porsis porsis ,2.117021276595745,2.5,False,punctuation_error;capitalization_error;spacing_error;extra_word_error
test,"[NAME], 'nou' kifer to pa al rode li alors si to conne tou zafer kifer ena dimoun content fer linteressant comsa si ou pena narie de bon pou dir pou retrouve sa tifi la kifer ou gaspille ou letemps pou vine dire nimporte koi peu importe kot li etait so fami pa au courant donc lakoz sa met avis de recherche si ti conner kot li ti pou fini rode li donc svp si ou pena narie pou dir pou aide ene fami ki dans tracas kifer ou bizin razout lor tracas la et coz ban cozer enplis mo croire dans lecole bizin comens ene class special ki apel 'rest trankil kan pena narie de bon pou dir' parski zot pa realiser a ki point ban cozer comsa azout lor ene fami so stress surtout ki mo sure zot p lire tout comentaires dans lespoir retrouve zot enfant empathy tousa nepli ena aster ena zis ban ki rode role et rode fer linteressant 🙄","[NAME], 'nu'? Kifer to pa ale rode li alors si to kone tu zafer? Kifer ena dimunn kontan fer linteressant kumsa? Si ou pena nanyin de bon pu dir pu retrouve sa tifi la, kifer ou gaspille ou letan pu vinn dire nerport koi? Peu importe kot li ete, so fami pa au courant donc akoz sa met avis de recherche. Si ti kone kot li ti pu fini rode li. Donc svp, si ou pena nanyin pu dir pu aide enn fami ki dans tracas, kifer ou bizin razout lor tracas la et koze bann koze anplis? Mo croire dans lekol bizin komans enn class special ki apel 'reste trankil kan pena nanyin de bon pu dir'. Parski zot pa realise a ki point bann koze kumsa azoute lor enn fami so stress. Surtout ki mo sure zot pe lire tu komanter dans lespwar retrouve zot enfant. Empathy tusa nepli ena aster! Ena zis bann ki rode role et rode fer linteressant. 🙄","[NAME], nnnu ki fefer to pa  la dole la lor so so so so  oo  on  oufer  e fer  i n  n  n  n  nn  nn  nn  nn  n  n  n  n  n  n  ou son en  ou                                          i pu  i pu pu pu pe pu pe pu pe pe pe pe pe pe pe pe pe pe pe pe pe pe pe",0.7594627594627594,0.9390243902439024,False,punctuation_error;capitalization_error;spacing_error;missing_word_error
test,Vive l'alliance du changment avec to law & order bancal et avec to macarena et ton plok,Viv l'alliance du changment avec to law & order bancal et avec to Macarena et ton plok.,Vive l'alllinc du channgenn ann ave to  ow  ow  or band bann  a cace a cacana an  to ant po kot po kot po kot po kot po kot po kot po kot po kot po kot po kot po kot po kot po kot po kot po kot po kot po kot po kot po kot po kot po kot po kot po kot po ko,2.2988505747126435,3.764705882352941,False,punctuation_error;capitalization_error;spacing_error;extra_word_error
test,"[NAME], es qui zot ti connai qui zenfant la ti perdi li capave arriver sa b es qui parents remarquè ou pas n fois mo ti fic en flac n zenfant ine perdi c qui choquant la dans zot ti lor n l'autre la plage zot pas connai si zenfant la ti dans bis avec zot ler zot p vin fic en flac sa li grave","[NAME], eski zot ti kone ki zanfan la ti perdi? Li kapav arrive sa. B eski parents remarke ou pa? Enn fwa mo ti Flic en Flac, enn zanfan inn perdi. Seki choquant la, dans zot ti lor enn lot la plage. Zot pa kone si zanfan la ti dan bis avek zot. Ler zot pe vinn Flic en Flac, sa li grave.","[NAME], es  u izot ti  i kon  u in  zanfan  ti pe di pe di pa pa pa var ve                                                                                                                                                                    a  a  a  a  a  a ",0.6805555555555556,0.9206349206349206,False,punctuation_error;capitalization_error;spacing_error;missing_word_error
test,"Cyclone la cuma dir berenger, 1 gaspillaz",Cyclone la kumadir Berenger: 1 gaspillaz.,Cyclonn la kuma dire berege gag gasplilllala.,0.3170731707317073,1.0,False,punctuation_error;capitalization_error;spacing_error;extra_word_error
test,Madam la bizin tir chapo r li. Li ena un xtra sang froid,Madam la bizin tire chapo ar li. Li ena un extra sang froid.,Madam la bizin ti chapa  li li  i nn  nn  ut  aran  sar farrid.,0.36666666666666664,0.8461538461538461,False,punctuation_error;capitalization_error;spacing_error;extra_word_error
test,Ena n tas dimoun pencore comprend ki sofer batiara la pan mort c'est passager la kin mort. Aret coment kk,"Ena enta dimunn pankor comprend ki sofer batiara la pann mort, c'est passager la kinn mort. Aret comment kaka.",Ena nn tas dimunn pencore comprend ki  o fer bartara a ta to sa sasse sa sa sa sa  er   ret  kot kot kot kot kot kot kot kot kot kot kot kot kot kot kot kot kot kot kot kot kot kot kot kot kot kot kot kot kot kot kot kot kot kot kot kot kot kot kot kot ko,1.690909090909091,3.0526315789473686,False,punctuation_error;capitalization_error;spacing_error;extra_word_error
test,TOEM BOSS GANG DE 5 CUMA BIZIN APPE TOI CHOTA DON OU BARA DON,TOMEM BOSS GANG DE 5. KUMA BIZIN APEL TOI CHOTA DON OU BARA DON?,TO  SO SA ANAME  NA E   A AME  SA SO  OI OI  OU  OU   OU   ON  ON   ANA   ANA   ANA    ANA    ANA    ANA    ANA    ANA    ANA    ANA    ANA    ANA    ANA    ANA    ANA    ANA    ANA    ANA    ANA    ANA    ANA    ANA    ANA    ANA    ANA    ANA    ANA    ,3.46875,3.0714285714285716,False,punctuation_error;capitalization_error;spacing_error;extra_word_error
test,"[NAME], 17 and madame li grand più al travail malheur partous enan li ti pe trasse so la vie","[NAME], 17 ans. Madame li grand pu ale travail. Malheur partu ena. Li ti pe trasse so lavi.","[NAME], 1 1  nnd maddame li grand pi di la travavala lalale pare  pare  ant  i  i s  t sa sa sa  la ve sa ve ve ve ve ve ve ve ve ve ve ve ve vi ve ve ve ve ve ve ve ve ve vi ve ve ve ve ve ve ve ve ve vi ve ve ve ve ve ve ve ve ve vi ve ve ve ve ve ve ve",2.10989010989011,4.0,False,punctuation_error;capitalization_error;spacing_error;extra_word_error
test,Professor la si pou montrer dan lecole couma li pou gagne zeleve dan lecon,"Professor la si pu montre dan lekol, kuma li pu gagne zelev dan lesson?",Professor la si pu monn rann dann leclole couma la gugn  e gagne zen  en en le lann lenn lenn lenn lenn lenn lenn lenn lenn lenn lenn lenn lenn lenn lenn lenn lenn lenn lenn lenn lenn lenn lenn lenn lenn lenn lenn lenn lenn lenn lenn lenn lenn lenn lenn l,2.788732394366197,3.4285714285714284,False,punctuation_error;capitalization_error;spacing_error;extra_word_error
test,Pu patient pas bourer,Pu patient pas boure.,Pu pattint pas bourerrer.,0.2857142857142857,0.5,False,capitalization_error;spacing_error
test,Bizin fair test mentaliter arogance ventardise fever avant,"Bizin fer test, mantalite, arogance, ventardise, fever avant.",Bizin fair tett mentaliter aragne venn antrdidie e ferve avantant.,0.3770491803278688,1.125,False,punctuation_error;capitalization_error;spacing_error;extra_word_error
test,Zot bizin ale travail clinic,Zot bizin ale travail clinic?,Zot bizin ale travalil cilini.,0.13793103448275862,0.4,False,punctuation_error;capitalization_error;spacing_error
test,Nettoiye zot lesbrit avant apr zot get ban zafer sacré,"Netway zot lespri avant, apre zot get bann zafer sacré.",Nettoyye zot lesbirit avant apr zot get gan  zanfare sarers.,0.3090909090909091,0.7,False,punctuation_error;capitalization_error;spacing_error
test,"[NAME], faut bien réfléchir avant de confier cet enfant à cette personne","[NAME], faut bien réfléchir avant de confier cet enfant à cette personne.","[NAME], faut binn reffléchirira  avant den coffifer enfent  et  et e te peensennennennennennennennnnnnnnnnnnnnnnnnnnnnnnnnnnnnnnnnnnnnnnnnnnnnnnnnnnnnnnnnnnnnnnnnnnnnnnnnnnnnnnnnnnnnnnnnnnnnnnnnnnnnnnnnnnnnnnnnnnnnnnnnnnnnnnnnnnnnnnnnnnnnnnnnnnnnnnnnnnnnn",2.7260273972602738,0.8333333333333334,False,punctuation_error;capitalization_error;spacing_error;extra_word_error
test,Tou sa temp la mne res veg pou narien,Tusa tan la mon res veg pu nanyin.,Tu sa tempe la menn res e gu pu annaninnnnnnnnnnnnnnnnnnnnnnnnnnnnnnnnnnnnnnnnnnnnnnnnnnnnnnnnnnnnnnnnnnnnnnnnnnnnnnnnnnnnnnnnnnnnnnnnnnnnnnnnnnnnnnnnnnnnnnnnnnnnnnnnnnnnnnnnnnnnnnnnnnnnnnnnnnnnnnnnnnnnnnnnnnnnnnnnnnnnnnnnnnnnnnnnnnnnnnnnnnnnnnnnnnnnnnnnn,6.735294117647059,0.875,False,punctuation_error;capitalization_error;spacing_error;extra_word_error
test,Dapres lordre sa bis curepipe~p~louis 51 rupee la o croire ramgoogoo chaufer ek tantine polo controller la dans,"Dapre lord sa bis Curepipe~Port Louis 51 Rs la, ou croire Ramgoogoo chauffer ek tantine Polo controller ladan.",Dapres lorrde sa si cur purpppppppppupuss  re  ro pror gorogoogoogoogoogoo on  ot on ontonton lon lon la lan la lan la lan la lan la lan la lan la lan la lan la lan la lan la lan la lan la lan la lan la lan la lan la lan la lan la lan la lan la lan la lan,1.8363636363636364,3.2777777777777777,False,punctuation_error;capitalization_error;spacing_error;extra_word_error
test,"[NAME], ouii mo kné meme akoz sa meme mo p dire ou kan pas kné arrête vin juge dimoune derrière ou l’écran ou pas kné par ki famille la p passer","[NAME], oui mo kone mem. Akoz samem mo pe dir ou. Kan pa kone, aret vinn zize dimunn derrière ou l’écran. Ou pa kone par ki famille la pe passe.","[NAME], ouii mo  kon meme  ek koz sam me mo  pe di pe din  kan kan  kan  n  u  u dinn dinn der dinure  u  u  u  u        a  a  a  a  a  a  a  a  a pa pa pa pa pa pa pa pa pa pa pa pa pa pa pa pa pa pa pa pa pa pa pa pa pa pa pa pa pa pa pa pa pa pa pa pa ",1.1875,2.2333333333333334,False,punctuation_error;capitalization_error;spacing_error;extra_word_error
test,C ene signe lalliance pial casser,Se enn signe lalyans pe ale kase.,Se enn signn llllilance pi la sasse.,0.36363636363636365,0.7142857142857143,False,capitalization_error;spacing_error
test,Zot ti fer are plusieurs dautres conducteurs lapolis bizin lor metro ek surveille de caen street,Zot ti fer ar plusieurs dautres conducteurs. Lapolis bizin lor metro ek surveille De Caen street.,Zot ti fer  re plusieur saure soures condeusturss laplisi so boizi  er  er  er e  e  ere e  e e e e e et et et et etetetetetetetetetetetetetetetetetetetetetetetetetetetetetetetetetetetetetetetetetetetetetetetetetetetetetetetetetetetetetetetetetetetetetete,1.9690721649484537,1.5625,False,punctuation_error;capitalization_error;spacing_error;extra_word_error
test,Ena bcp fausse news ki p mett en circulation pou couyoun lepep,Ena buku fausse news ki pe mete en circulation pu kuyonn lepep.,Ena bacpe fausse ne se ki pe pe met en ciclactilinn pu pu pu peupepeppeppeppeppeppeppeppeppeppeppeppeppeppeppeppeppeppeppeppeppeppeppeppeppeppeppeppeppeppeppeppeppeppeppeppeppeppeppeppeppeppeppeppeppeppeppeppeppeppeppeppeppeppeppeppeppeppeppeppeppeppeppep,3.3492063492063493,0.75,False,punctuation_error;capitalization_error;spacing_error;extra_word_error
test,Guet kot lepep p aler... Dans film ek sa ban buffon la,Get kot lepep pe ale... Dans film ek sa bann boufon la.,Guet kot lepeppe pe ale... Sann filime  e ka bann buffonfla.,0.23636363636363636,0.6666666666666666,False,capitalization_error;spacing_error;missing_word_error
test,Ton polo alle repossr do,"Ton Polo, ale repose dow!",Ton poolo llle ressssor doo.,0.48,0.8,False,punctuation_error;capitalization_error;spacing_error
test,"[NAME], dimouns p croire journal independent sa. 🤣🤣 zot pas p kone ehsan so journal sa, fr propagande","[NAME], dimunn pe croire journal independent sa. 🤣🤣 Zot pas pe kone Ehsan so journal sa, fer propagande.","[NAME], dimunn pe prori eour  ournladendendenn dan ta  a pa sa pe so son so so  ou so  or as ar ar apapapapapapapapapapapapapapapapapapapapapapapapapapapapapapapapapapapapapapapapapapapapapapapapapapapapapapapapapapapapapapapapapapapapapapapapapapapapapap",1.8846153846153846,1.0,False,punctuation_error;capitalization_error;spacing_error;extra_word_error
test,"[NAME], zott la kisana","[NAME], zot la kisanla?","[NAME], zott la kisanaa.",0.13043478260869565,0.5,False,punctuation_error;capitalization_error;spacing_error
test,"Faire coner a partir qui lheure pas pou ena sa bans ki fine mentioner la svp.. Surtou anesthesis et pediatre... Si ena urgence bizin operation ou zenfant p mort, lerla ava met bans patients la dans frigo ziska zot prend zot service..","Faire kone a partir qui ler pas pu ena sa bann ki finn mentione la svp.. surtout anesthesis et pediatre... Si ena urgence bizin operation ou zanfan pe mort, lerla ava met bann patients ladan frigider ziska zot prend zot service..",Faire conne a partir  u  u  heure pa pu pa san sa bann  inn menn menn  e    pa se sa se se te te te te te te te te te te pe ti en  e  an e  an  e  ant e  a  ant  a  a  a zot  a zot  a zot  a zot  a zot  a zot  a zot  a zot  a zot  a zot  zot  zot  zot  zo,0.6550218340611353,1.4878048780487805,False,punctuation_error;capitalization_error;spacing_error;extra_word_error
test,Ena lecole demain asking for a friend😊,Ena lekol demain? Asking for a friend.😊,Ena lecole demainn asking for farre direnddd.,0.358974358974359,0.7142857142857143,False,punctuation_error;capitalization_error;spacing_error
test,Les banla trace zot lavi boss... Zot ena 1 family pu soutenier,Less banla trasse zot lavi boss... Zot ena 1 family pu soutenir.,Les bannl trace zot la lavi boss... Zot 1 fammily pu pu pu tu entien.,0.359375,0.8333333333333334,False,capitalization_error;spacing_error;extra_word_error
test,"[NAME], bye bye mru apre nuuu zwen 🤣","[NAME], bye bye Mauritius, apre nu zwen. 🤣","[NAME], byye bye mur  are  u u zon  e  🤣",0.4523809523809524,0.875,False,punctuation_error;capitalization_error;spacing_error;extra_word_error
test,Ala 1 mendiants joana canada 🍁 next,"Ala 1 mendiant, Joana. Canada 🍁 next?",Ala 1 mendinnt so ana aanda an nn net.,0.35135135135135137,1.0,False,punctuation_error;capitalization_error;spacing_error;extra_word_error
test,Kan ena dimun fini degoute gouv. 60-0 ki nou tou fine voter lerla pu truv drol. Ki p atan pu pren sanction pu les zot servi zot transpor,Kan ena dimunn fini degoute guvernman. 60-0 ki nu tu finn vote lerla pu truve drole. Ki pe atann pu pran sanction pu laisse zot servi zot transpor:,Kan ena dimunn fini deguge gu  0000000 ki ku  u fou fon  ou  e                      pu re  pu pu pu pu pu pu pu pu pu pe pa pe pe pa pe pe pe pe pe pe so pe so to pe so to pe so to pe so to pe so to pe so to pe so to pe so to pe so to pe so to pe so to pe,1.1904761904761905,2.25,False,punctuation_error;capitalization_error;spacing_error;extra_word_error
test,[NAME] pa's pe capave faire naryier pour2 apres minist transport sa met lorde la bhai ki pe attane pour met la line zone neck pour bez chauffeur controller mem,"[NAME] pas pe kapav faire nanyin. Pour 2 apre minis transport sa met lord la, bhai. Ki pe atann pu met la linn zon nek pu bez chauffeur controller mem?",[NAME] pass pe  aapave faire na rayir pr prre  miris sint st parts pe tor so                                                                                                   e  e  e  e  e  e  e  e  coure  coure le coure le  e coure le  er  oure le  er  o,1.205298013245033,1.1333333333333333,False,punctuation_error;capitalization_error;spacing_error;extra_word_error
test,Kan zot dir grand bassin c enn plass sacrée bien bon mais zot bxin dir zot race arret vine tir zot grainne et vine piss derriere leglise catholique osi akoz nou leglise osi li sacrée merci,"Kan zot dir Grand Bassin se enn plas sacrée, bien bon. Mais zot bizin dir zot race aret vinn tire zot grainne et vinn piss deryer leglise catholique osi. Akoz nu leglise osi li sacrée. Merci.",Kan zot dir  grand bassinn cenn pens pass sare binn bbinn bon bizin  bizin  zot  rot  ri e  i n  re ti e  i e  i e  i e  e  i e  e  i e  e  e li e  e li e li e li e li e li e li se sa se se se se se se se se se se se se se se se se se se se se se se se se,0.8010471204188482,2.0,False,punctuation_error;capitalization_error;spacing_error;extra_word_error
test,B infirmier la et docteur la pas deja conner ousoi bane gamat ki pas conne la difference sa,B infirmier la et docteur la pas deza kone? Ouswa bann gamat ki pas kone la difference sa?,B infirmier la et dote la  aas  e de de  on eon oon ou  an  aan  a a a a  a  a  a  a fanfer e fanfere sa fanfere sa fanfer es esa e sa sa sa sa sa sa sa sa sa sa sa sa sa sa sa sa sa sa sa sa sa sa sa sa sa sa sa sa sa sa sa sa sa sa sa sa sa sa sa sa sa ,2.1555555555555554,3.888888888888889,False,punctuation_error;capitalization_error;spacing_error;extra_word_error
test,Pli tourne page trouv zimage,"Plis tourne page, truve zimage.",Pli tournn page trouv vizage.,0.22580645161290322,1.0,False,punctuation_error;capitalization_error;spacing_error
test,Seriously mo pas ti cne ki dimune pas code de la route cumesa... 1 van li p roule lor so main.. 1 camion p srti lor main.. Van la entour??? Neiport ki vitesse 1 vehicle p roule mais mw cne quan mo pas sure quan pou srti lor main ou pas trouv ou srti doucmn pas 1 seul cout,Seriously mo pas ti kone ki dimunn pas code de la route kumsa... 1 van li pe roule lor so main.. 1 camion pe sorti lor main.. Van la antor??? Nerport ki vites 1 vehicle pe roule mais mwa kone quand mo pas sure quand pu sorti lor main ou pas truve ou sorti doucema pas 1 seul kut.,Serioussyy mo pas  i ki ki dimunn pa so de de de de                                                                                                                                                                                                            ,0.8387096774193549,0.9152542372881356,False,punctuation_error;capitalization_error;spacing_error;missing_word_error
test,Inn arrive ler bisin trap sa ban ministre lamem cass cass zot dans public zot pe piss ar avek le plus grand plaisir,Inn arrive ler bizin trape sa bann ministre lamem kase kase zot dans public zot pe piss ar avek le plus grand plaisir.,Inn  rrrive ler biinn trapa pa bann minn tiste samss sa sa sa sa sa sa bans pu pe pe pe pe pe pe pe pe pe pa ple pa pla pla pa pla pa pa pa pa pa pa pa pa pa pa pa pa pa pa pa pa pa pa pa pa pa pa pa pa pa pa pa pa pa pa pa pa pa pa pa pa pa pa pa pa pa p,1.5423728813559323,3.130434782608696,False,punctuation_error;capitalization_error;spacing_error;extra_word_error
test,"Camarade ou fer tou dimoune riyer, aster tou dimoune riye lor ou. To truv sa korek frer. Zot ena n bon metier, perseverer bro, ki problem zot AL roder. Phuff","Camarade ou fer tu dimunn riye, aster tu dimunn riye lor ou. To truve sa korek frere? Zot ena enn bon metier, perseverer bro. Ki problem zot ale rode? Phuff.",Camarade  u fer tu dimunn reye  are  tu dimunn  ion  ou er  ou  ou  rour  or  e  or e  e  e  e  e  e  e  e  er e  e  er e  er e  er e  er e  ro e  ro e  ro e  ro e  ro e  ro e  or e  or e  or e  or e  or e  or e  or e  or e  or e  or e  or e  or e  or e  ,0.9936305732484076,2.3,False,punctuation_error;capitalization_error;spacing_error;extra_word_error
test,Kan pou fer ene test pou banne ki roule ene e-bicycle ki ena moteur ki bisin charge avant alle lor laroute. Bisin at least demande zotte ene learner parseki zot servi laroute ki ena tous kalite vehicles ki paye assurance et zotte non,Kan pu fer enn test pu bann ki roule enn e-bicycle ki ena moteur ki bizin charge avant ale lor la route. Bizin at least demande zot enn learner parski zot servi la route ki ena tu kalite vehicles ki peye assurance et zot non.,Kan pu fere enn test pu bann ki er le en enne encecece ki ki  e   i    i  a  ari e  ara  ara  a ant  a ant e  a te  a te  a te  a te  e  a te e  a te  a te e  a te  a e  a sa e  a sa e  a sa e  a sa e  a sa e  a sa e  a sa e  a sa e  a sa e  a sa e  a sa ,0.6533333333333333,1.6222222222222222,False,punctuation_error;capitalization_error;spacing_error;extra_word_error
test,Sa pa pou diminie accident Dimoun so mentalite ki bizin Sanger,Sa pa pu diminye accident dimunn so mantalite ki bizin sanze.,Sa pa pu dimini eccident timunn soment ametile ki bizin  annger.,0.2459016393442623,0.5454545454545454,False,capitalization_error;spacing_error
test,P servi problem ladrogue pu defan so incompetence protege to ban officier avant pourki enretour zot pu ena courage pu protege public,Pe servi problem ladrog pu defane so incompetence. Protez to bann officier avant pourki enretour zot pu ena courage protez public.,Pe servi probllem lad drouge de denfen sonconconcecente conte e  onfer e  onfer  anfer  ou pu pu pu pu pu pu pu pu pu pu pu pu pu pu pu pu pu pu pu pu pu pu pu pu pu pu pu pu pu pu pu pu pu pu pu pu pu pu pu pu pu pu pu pu pu pu pu pu pu pu pu pu pu pu pu,1.4538461538461538,3.142857142857143,False,punctuation_error;capitalization_error;spacing_error;extra_word_error
test,😂😂😂😂😂😂😂😂😂 Mdr cav li envi threesome 😂😂😂,"😂😂😂😂😂😂😂😂😂 Mdr, kapav li anvi threesome. 😂😂😂",😂😂😂😂😂😂😂😂 dadr  aav li vin therese mom.😂😂😂😂😂😂😂😂😂😂😂😂😂😂😂😂😂😂😂😂😂😂😂😂😂😂😂😂😂😂😂😂😂😂😂😂😂😂😂😂😂😂😂😂😂😂😂😂😂😂😂😂😂😂😂😂😂😂😂😂😂😂😂😂😂😂😂😂😂😂😂😂😂😂😂😂😂😂😂😂😂😂😂😂😂😂😂😂😂😂😂😂😂😂😂😂😂😂😂😂😂😂😂😂😂😂😂😂😂😂😂😂😂😂😂😂😂😂😂😂😂😂😂😂😂😂😂😂😂😂😂😂😂😂😂😂😂😂😂😂😂😂😂😂😂😂😂😂😂😂😂😂😂😂😂😂😂😂😂😂😂😂😂😂😂😂😂😂😂😂😂😂😂😂😂😂😂😂😂😂😂😂😂😂😂😂😂😂😂😂😂😂😂😂😂😂😂😂😂😂😂😂😂😂😂😂😂😂😂😂😂😂😂😂😂😂😂,5.3023255813953485,0.8571428571428571,False,punctuation_error;capitalization_error;spacing_error
test,Tire fusil are li retrograde li alle roule bicyclette et trappe tonfa dans centre de ville,Tire fusil ar li... Retrograde li... Ale roule bicyclette et trape tonfa dans centre de ville.,Tire fusiil are li rerrorde li la llle le bilececte tte tte tt pa pa pann  enn denn dende de le le le le le le le lile vele vele le lile vele vele le lile vele vele le lile vele vele le lile vele vele le lile vele vele le lile vele vele le lile vele vele ,2.106382978723404,3.5,False,punctuation_error;capitalization_error;spacing_error;extra_word_error
test,"[NAME], 😱😟 e get pravine ek ramgoolam👩‍❤️‍👩👭🫣 🤣😂😜👍🏽","[NAME], 😱😟 et get Pravin ek Ramgoolam.👩‍❤️‍👩👭🫣 🤣😂😜👍🏽","[NAME],  e e get pravinne ek kamagolola.",0.46153846153846156,0.625,False,capitalization_error;spacing_error;missing_word_error
test,Ehhh laaaa🤣🤣🤣😭 famm la bbk slmn🤣,Eh la🤣🤣🤣😭 fam la bobok selma.🤣,Ehhh laaa🤣🤣🤣🤣 famm ma bbblek llm.,0.4666666666666667,1.0,False,capitalization_error;spacing_error
test,"[NAME], pour al cocovid sa","[NAME], pour ale cocovid sa.","[NAME], pour  la cocovid sa.",0.07142857142857142,0.2,False,capitalization_error;spacing_error
test,[NAME] p perdi le temp dans sa pays la,"[NAME], pe perdi letan dans sa pays la.",[NAME] pe perdi le te me dans sa pays la la.,0.23076923076923078,0.625,False,punctuation_error;capitalization_error;spacing_error;extra_word_error
test,Bizin met ban déchets dan ban sac en plastic respect sa ban t workers la,Bizin met bann déchets dan bann sac en plastic. Respect sa bann to workers la.,Bizin met bann déchets dann bann sa cance plass peste sa sa sa bann to kor sore sa la la la la la la la lar sa la la la la la la la la la la lar sa la la la la la la la la la la lar sa la la la la la la la la la la lar sa la la la la la la la la la la lar,2.4743589743589745,4.4,False,punctuation_error;capitalization_error;spacing_error;extra_word_error
test,Bisin met so prénom et so nom et so photo coumsa nu coner kisanna ha si ti enn ti dimoun sa dipi so cheveux ziska plaque lipied nu ti pu trouver,"Bizin met so prénom et so nom et so photo kumsa nu kone kisanla sa, si ti enn ti dimunn sa! Depi so cheveux ziska plaque lipied nu ti pu truve.",Bisin met so prrnn met so oom ot so po tou  ou sous kons kon kis an  ais  i n  i n  i n  i di i n  di i  i di  i si si s pu si pu pu pu pu pu pu pu pu pu pu pu pu pu pu pu pu pu pu pu pu pu pu pu pu pu pu pu pu pu pu pu pu pu pu pu pu pu pu pu pu pu pu pu,1.2167832167832169,2.4193548387096775,False,punctuation_error;capitalization_error;spacing_error;extra_word_error
test,Enan kiksose louche dans sa zafair la,Ena kitsoz louche dans sa zafer la.,Enan kikksso louche dans sa zafar la.,0.17142857142857143,0.42857142857142855,False,capitalization_error;spacing_error
test,Bour zot noms ki fer initial bisin demasquer zot,Boure zot noms kifer initial? Bizin demasquer zot.,Bour zot  onmss ki fer iitili li biinn demasse zot zot.,0.38,1.125,False,punctuation_error;capitalization_error;spacing_error;extra_word_error
test,Apres 9 ans... Ti bizin poursuive to mem... Grand zafr to fine fr la... La qui to pou dire pendant 9 ans ti colle to la bouche tout..,Apre 9 ans... Ti bizin poursuive tomem... Grand zafer to finn fer la... La qui to pu dire pendant 9 ans ti colle to la bouche tu..,Apres  ann.... Biizizin pu puruvive tome men mann zof far fanfer fai                                                                                                 ou to to to tou to tou to tou to tou to tou to tou to tou to tou to tou to tou to tou to t,1.4461538461538461,1.3333333333333333,False,punctuation_error;capitalization_error;spacing_error;extra_word_error
test,Ki Bondié Edd Nou Pou Sa Viris La Napa Rantt Dan Nou Pei... AMEN,Ki Bondieu aide nu pu sa viris la napa rantre dan nu peyi... AMEN.,Ki dondidé dddd u u  a   ririss  aa aa ana  an      . [NAME]....,0.5303030303030303,0.9285714285714286,False,punctuation_error;capitalization_error;spacing_error;missing_word_error
test,Rodrighé qui controler laba!! Zot lamain couma lamass gain n clack r zot to figher vire divant deriere!!,Rodriguais qui kontrol laba!! Zot lamain kuma lamass gain enn clack ar zot to figure vire divan deryer!!,Rodrighe  qui  controlle lababa  ot lamamann kumaman  aamas  aas  aas  a  a  a           i  i er dire dire dire dire dire direre dire direre dire direre direre dire direre direre direre direre direre direre direre direre direre direre direre direre direre,1.7980769230769231,2.2222222222222223,False,punctuation_error;capitalization_error;spacing_error;extra_word_error
test,Bizin banned meteo maurice nou ava ecut meteo france... taa can geté zot ress veyer mm zanfant lecol travayer p bizin al ek linz mouiller...,"Bizin banned meteo Maurice, nu ava ekut meteo France... taa kan get zot res veye mem zanfan lekol travayer pe bizin ale ek linz mouiller...",Bizin banne met maur cirice nu au  et et et  et fant cann e  at e te  e  e  e  e  e  e  e  e  e  e  e  a fen  la  e la  li e la li le li li li li li li li li li li li li li li li li li li li li li li li li li li li li li li li li li li li li li li li li l,1.3237410071942446,3.08,False,punctuation_error;capitalization_error;spacing_error;extra_word_error
test,Sa meme pou ena la. Bsin aplik sa la loi ki ramgoolam in prononcer la aster la même. A. Cose n n'importe tou p souffert aster😩😩,Samem pu ena la. Bizin aplik sa la loi ki Ramgoolam inn prononce la aster lamem. Akoz enn n'importe tu pe souffert aster.😩😩,Sa meme pu enn al  ssis paili ka sa la lo ki ki ki momomon  pormon la mann la meme   mem mem mon  n pu pu pu pu pu pu toure touret pu tret tot tot terte tot tot terte tot tot terte tot tot terte tot te tot terte tot te tot terte tot te tot terte tot te to,1.4471544715447155,2.4347826086956523,False,punctuation_error;capitalization_error;spacing_error;extra_word_error
test,1timama pu tan dir bzin met mask tou la,"1 timama pu tande dir, bizin met mask tu la.",1ttmmama pu tann dir bizin mmet mask ku tu la.,0.20454545454545456,0.6,False,punctuation_error;capitalization_error;spacing_error
test,Van ine ggn létan 2 business days pu pez frein🤨,Van inn gagne letan 2 business days pu pez frein.🤨,Van inn gggnn létéann 2 bussinssse dapu pe fer fere.,0.34,0.7,False,capitalization_error;spacing_error
test,Top net bisin renouveller tout le mois avec banne amelioration ki [NAME] pe suggere👍👍👍,Top net bizin renouveller tu le mois avec bann amelioration ki [NAME] pe suggere.👍👍👍,Top nnn biinn rennuvele tout le mois  a ve cann an emann oriontootion  ki pe gegegegegegegegegegegegegegegegegegegegegegegegegegegegegegegegegegegegegegegegegegegegegegegegegegegegegegegegegegegegegegegegegegegegegegegegegegegegegegegegegegegegegegegegege,2.4166666666666665,0.8571428571428571,False,punctuation_error;capitalization_error;spacing_error;extra_word_error
test,ala kan nou trop respire la liberte pena law and order zotte faire seki zotte envie,"Ala kan nu trop respire la liberte, pena law and order, zot faire seki zot anvi.",Pla kan  ou trope reprise la li berete pe an la dand roder zot fer e  e zot ezite vet veteveve.,0.4875,1.0625,False,punctuation_error;capitalization_error;spacing_error;extra_word_error
test,Sab la sii zot not tou sa eiin foss gorge fair seconde ek sa not la,Sab la si zot note tu sa ein. Fos gorge fer seconde ek sa note la.,Sab la sii zot no tou sa  iinn foss gogge fer e se se se sa  an  ant la la la la la la la la la la la la la la la la la la la la la la la la la la la la la la la la la la la la la la la la la la la la la la la la la la la la la la la la la la la la la la ,3.1363636363636362,4.625,False,punctuation_error;capitalization_error;spacing_error;extra_word_error
test,Acoze to mm government in perdi tou so credibility ar to gang de 5 to pe fini navind ek ptr to pe garder,"Akoz tomem government inn perdi tu so credibility ar to gang de 5, to pe fini Navin ek PTR to pe garde.",Akoze to mmm govennent nn inn perdi  or dor diriiti t t  t  t gagn                                  pa  pe  pe pe pe pe pe pe pe pe pe pe pe pe pe pe pe pe pe pe pe pe pe pe pe pe pe pe pe pe pe pe pe pe pe pe pe pe pe pe pe pe pe pe pe pe pe pe pe pe pe ,1.9029126213592233,2.8181818181818183,False,punctuation_error;capitalization_error;spacing_error;extra_word_error
test,Kissa pou fer nou problem tou zafer chere casse pa assez le res palab dan vide,"Kisa pu fer? Nu problem tu zafer cher, kas pa assez. Le res palab dan vide.",Kissa pu fer  ou proble mu zafer chere casse sasse  e se se pe se pa a and dandedide.,0.38666666666666666,1.0625,False,punctuation_error;capitalization_error;spacing_error;extra_word_error
test,Enfin rien de nouvo. Public so securiT zero mm. Bel bel vision mais tipti problem pa kav resoudre,Enfin rien de nuvo. Public so sekirite zero mem. Bel bel vision mais tipti problem pa kapav resoudre.,Enfinn rinn de douvou  u bliliss se ser zor ze  bele bele  bili i pi pi pi pi pi pa pa pa pa pa pa pa prere der der der der darerder darerder darerder darerder darerder darerder darerder darerder darerder darerder darerder darerder darerder darerder darer,1.9504950495049505,2.4444444444444446,False,punctuation_error;capitalization_error;spacing_error;extra_word_error
test,Extra sa tt coup lhopital souillac meme deja dans le sud la pena boku centre hospitalier la melange population non infecte ar seki deja Esperons bane regle sanitaire pou bien respecter sinon bizin evite lhopital souillac la,"Extra sa tukut lopital Souillac mem, deza dans le sud la pena buku centre hospitalier. La melange population non infecte ar seki deza. Esperons bann regle sanitaire pu bien respecte sinon bizin evite lopital Souillac la.",Extrr sa tt kou phopitilal loullla le demeded dand la de de                ou  ou to pe pa pe la pe lante lan en  ne  en  en  en  en  en en  e  e  e  e  e  e  e  e  e  e  e  e  e  e  e  e  e  e  e  e  e  inn en  inn en  inn pe pe si en  inn pe li pe li pe,0.740909090909091,1.7777777777777777,False,punctuation_error;capitalization_error;spacing_error;extra_word_error
test,Li pena nom si ti ene simple dimoune to pou mete so photo tout,Li pena nom? Si ti enn simple dimunn to pu met so photo tu.,Li pena nom si ti enn simple dimunn tou e pou e to pot tot tottottottottottottottottottottottottottottotttot.,1.0169491525423728,0.7142857142857143,False,punctuation_error;capitalization_error;spacing_error;extra_word_error
test,Banla dir li arnaquer eski li vrai sa to koner kuma pu fer cash to pe montre tou dimun kuma pu ggn cash facile b faudre to ene mari bon dimun sa ta,"Banla dir li arnaquer. Eski li vrai sa? To kone kuma pu fer cash, to pe montre tu dimunn kuma pu gagne cash facile. B fode to enn mari bon dimunn sa ta.",Banla dir  li aranque es eki li vi i  a  a  oo kon ku  u  u  pu  e  pu  pu  ou         u  u  u  u  u  u  u  u  u  u  u  a  a  a  a  a  a  a  a  a  a  a  a  a  a  a  a  an                                                                                     ,0.6644736842105263,1.3333333333333333,False,punctuation_error;capitalization_error;spacing_error;extra_word_error
test,La dance sacouyer,La dance sacouyer.,La dance sacouye.,0.05555555555555555,0.3333333333333333,False,capitalization_error;spacing_error
test,C lecoeur propre ou cpv manze tou cki bzn the heart must b clean enough,Se leker propre: ou kapav manze tu ki bizin. The heart must be clean enough.,Se lecour propre  u pu pav manz zon ki bizin the hhart met   la  en  en  nangugugugugugugugugugugugugugugugugugugugugugugugugugugugugugugugugugugugugugugugugugugugugugugugugugugugugugugugugugugugugugugugugugugugugugugugugugugugugugugugugugugugugugugugugug,2.723684210526316,1.0,False,punctuation_error;capitalization_error;spacing_error;extra_word_error
test,Oui mo coner se pa en travail facil sa.. Mo papa ti fair sa travail la pareil😥kan li fini travail li vin lakaz gag extra sagrein ou get li extra fatigue. God bless him always🤲.. Dimoun bizin ena resepe. Svp🫡,"Oui mo kone se pa enn travail fasil sa.. Mo papa ti fer sa travail la pareil😥kan li fini travail li vinn lakaz gagne extra sagrin, ou get li extra fatigue. God bless him always🤲.. Dimunn bizin ena respe, svp.🫡",Oui mo kone se pe  enn travalil faicllas sa pa pa ti far aravi la aravilila li li li li li la  ai la  a gagai la  agage  a gage gage gage gage gage gage gage        i         i bani e        i bann e     i bann e    i e      i bann e     i binn e       i ,0.7177033492822966,1.175,False,punctuation_error;capitalization_error;spacing_error;extra_word_error
test,Apel sa ban maman soutireuse voila boku ena cumsa zot content couvert defaut zot boureaux enfant 😡 fini coner kot lin gagne so barbare leducation ce pas en enfant ce en vrai monster,Apel sa bann maman soutireuse voila.. Buku ena kumsa zot kontan couvert defaut zot boureaux enfant. 😡 Fini kone kot linn gagne so barbare ledikasyon. Ce pas en enfant se enn vrai monster.,Apel sa bann mamann soutieures eoi lo bou  e ku kuma sa sou tout tout e toute  out e  ou fent  onfen  n fann  on  on  on  an   an  an  an  an  an  an  an  en  an  en  ann  en  ann  en  n  ann  en  n  ann  n  n  n  na en  n  na ne  ann  n  n  n  na ne  ann,0.8342245989304813,1.7575757575757576,False,punctuation_error;capitalization_error;spacing_error;extra_word_error
test,Sa ki apel ponzi scheem kot to ete badin ek razoir... Ti lor tv pou decapit bai..,"Seki apel ponzi scheme, kot to ete Badin ek razoir... Ti lor TV pu decapit bhai..",Sa ki papel ponzis sheme kot to te badinn ek ki ko ror.. Ti po pu pe pa pa pa paiti baiti.,0.4074074074074074,1.125,False,punctuation_error;capitalization_error;spacing_error;extra_word_error
test,Kan pou fini empirer ki pou tander... la p prend precaution.. aprés nou pou tander,Kan pu fini empirer ki pu tande... la pe prend precaution.. apre nu pu tande.,Kan pu  fini empiire ki pu tande... Pa pe pperdend prent partinn pu pu pu pu dann dann dann dann danndendendendendendendendendendendendendendendendendendendendendendendendendendendendendendendendendendendendendendendendendendendendendendendendendendendend,2.5194805194805197,0.8666666666666667,False,punctuation_error;capitalization_error;spacing_error;extra_word_error
test,Si pou revise a la hausse revisité la hausse du service de vos autobus ( bizin ouvert parapluie dans bus kan la plie tomé) ( kan ou guet en bas ou trouve rue ) chauffeur perna permis contolleur pé dessan pou bate dimoin lor simé alors,"Si pu revise a la hausse, revisité la hausse du service de vos autobus ( bizin ouvert parapluie dans bus kan la pli tombe,) ( kan ou get enba ou truve rue ) chauffeur pena permis, contolleur pe desan pu bate dimunn lor sime, alors.",Si pu  revise  aa  aausse resistité la hauss de der der ve ve ve sou sou   bizin  u bann  u  a  u  a  a  a  a                                                                                                                                                  ,0.6406926406926406,0.8888888888888888,False,punctuation_error;capitalization_error;spacing_error;missing_word_error
test,Tous dimun vine mansan magasin so trvy ine baisse plus ki lamoitier lot lannei tous magasin met latab lr chemin,Tu dimunn vinn mansan. Magasin so travail inn bese plus ki lamoitie. Lot lane tu magasin met latab lor chemin.,Tuu dimunn vinn mannsamans mass  ot  roy  i n biss pu si li li la la to to to ta ta sa an  mans  la  e  la meman  lame  lame  lamem meman  lamem meman  lamem meman  lamem meman  lamem meman  lamem meman  lamem meman  lamem meman  lamem meman  lamem meman ,1.6727272727272726,2.4,False,punctuation_error;capitalization_error;spacing_error;extra_word_error
test,Dire medine camp de masque camp de masque pena station la police sa ok,"Dire Medine Camp de Masque. Camp de Masque pena station la police sa, ok?",Dire medinn campe de massu e campe demas emans pa santion la palis  o la kokokokokokokokokokokokokokokokokokokokokokokokokokokokokokokokokokokokokokokokokokokokokokokokokokokokokokokokokokokokokokokokokokokokokokokokokokokokokokokokokokokokokokokokokokoko,2.863013698630137,0.9285714285714286,False,punctuation_error;capitalization_error;spacing_error;extra_word_error
test,"[NAME], ine aret pren poule aster li pren canard","[NAME], inn aret pran poule aster, li pran canard.","[NAME], inn aret pren pu las e ti li pren  annacarard.",0.32,0.7777777777777778,False,punctuation_error;capitalization_error;spacing_error;extra_word_error
test,Fer zot vine kaya 2.0,Fer zot vinn kaya 2.0.,Fer zot vinn  kay  20..,0.18181818181818182,0.4,False,capitalization_error;spacing_error
test,"Fine sanz appelation, b van dimun nhdc ti p paye 1 mensualiter ziska paye cout la case la. ASTER ENA BAN GENIES KI TIR SA MOT MENSUALITER LA LI FER LI VINE RENT, B BAN LOYOS KI GRIMACES.","Finn sanze appelation, b van dimunn NHDC. Ti pe peye 1 mensualite ziska peye kut lakaz la. ASTER ENA BANN GENIES KI TIRE SA MOT MENSUALITE LA LI FER LI VINN RENT, B BANN LOYOS KI GRIMACES?",Finn sann pappelation  bann  dinn dinn din    pe  pe  em me sa se sa sa ki pa ka ka ka  a  a  a  a  a  a                                                                                                                                                       ,0.675531914893617,0.9459459459459459,False,punctuation_error;capitalization_error;spacing_error;missing_word_error
test,"[NAME], nou retourne lafrance moris pa facile 🤣😂😅🤪","[NAME], nu retourne la France.. Moris pa facile. 🤣😂😅🤪","[NAME], nn  retournn larfance moris pa faccile  e la.",0.3018867924528302,0.8888888888888888,False,punctuation_error;capitalization_error;spacing_error
test,"[NAME], mais lerla ou perdi tou vote!","[NAME], mais lerla ou perdi tu vote!","[NAME], mais lerla  u pe derdi tot eto ",0.2777777777777778,0.7142857142857143,False,punctuation_error;capitalization_error;spacing_error;extra_word_error
test,Protège nu tii zil jésus que ta volonté sois faite🙏,Protège nu ti lil. Jésus que ta volonté sois faite.🙏,Protege  u tii zil jussu qu  a lo oontontéss sois faite.,0.38461538461538464,1.0,False,punctuation_error;capitalization_error;spacing_error;extra_word_error
test,"li ti bizin ale work Pu CIA, CIA employ ban dimoune ki sociopath zot.","Li ti bizin ale work pu CIA, CIA employ bann dimunn ki sociopath zot.",Li ti bizin ale wor  ou              memploy dinn ki  ion  oot pot pot pot zot zot.,0.5217391304347826,0.7857142857142857,False,punctuation_error;capitalization_error;spacing_error;extra_word_error
test,"[NAME], baichoo ki p fer aparte kokin pension","[NAME], Baichoo ki pe fer, apart kokin pension?","[NAME], baichoo  ki pe fer aparte kokikinn penninnonnonn.",0.3191489361702128,0.625,False,punctuation_error;capitalization_error;spacing_error
test,Fami in vini pena largent bouteil rhum lor la table pena largent pour achte coupe pepsi pour grand dimun mirinda pour znfant,"Fami inn vini, pena larzan. Bouteil rhum lor la table pena larzan pour aste coupe. Pepsi pour grand dimunn, Mirinda pour zanfan.",Fami inn vini pen  laragne bouteli lu lor lla la la la la pare pa gare pa pu pu pu pu pu pu pu pu dire dinn dinn dinn dinn dinn dinn dinn dinn dinn dinn dinn dinn dinn dinn dinn dinn dinn dinn dinn dinn dinn dinn dinn dinn dinn dinn dinn dinn dinn dinn di,1.4296875,2.409090909090909,False,punctuation_error;capitalization_error;spacing_error;extra_word_error
test,Akz saem system la sant pa bn ki s docter s nurse infirmier bzn mentally strong zt deal ek tou kalit dimune e malad ou pa kv expect 1 dimune ki p travaii 24/7 pu deliver services ki zt supoze dne zt mm zt in physically n mentally draine si zt trv en mank de staff prnd dimune pu travaii ena bku jeune ki pna travaii p rod travaii dne zt osii sa opportunite travaii lah astr zt rod bn dimune ki ena l'exprience bien bn b sa ti zeness fek fini lekol lah kt li pu ale tire sa l'experience lah dan lakaz lr la rue zt bzn revoir zt system trv 1 solution,"Akoz samem system la sante pa bon. Ki so docteur, so nurse, infirmier bizin mentally strong. Zot deal ek tu kalite dimunn et malade. Ou pa kapav expect 1 dimunn ki pe travail 24/7 pu deliver services ki zot sipoze donne. Zot mem zot inn physically and mentally drained. Si zot truve en mank de staff pran dimunn pu travail. Ena buku jeune ki pena travail pe rode travail. Donne zot osi sa opportunite travail la. Aster zot rode bann dimunn ki ena lexperyans bien bon. B sa ti zeness fek fini lekol la kot li pu ale tire sa lexeperyans la? Dan lakaz? Lor la rue? Zot bizin revoir zot system, truve 1 solution.",Akzz same sysyem la sa sant pa bann ki  o  so sor sire  nn inn  nn  nn  n  nt bann  tre la te  t  t  t  a                                                                                                                                                      ,0.8404605263157895,0.9478260869565217,False,punctuation_error;capitalization_error;spacing_error;missing_word_error
test,Ou p croire ou garçon un enfant de cœur,Ou pe croire ou garçon un enfant de coeur.,Ou pe croire  ou garronn nnfenfen de der cour.,0.2619047619047619,0.5555555555555556,False,capitalization_error;spacing_error
test,Pa kit li madame tank. Ki. Li tire ou la vie rest avk li mem,"Pa kite li madame tank ki li tire ou lavi, reste avek limem.",Pa kit li madame tan ki  i ti ri e  la vi e  ve se te  la ki le mem memmemmemmemmemmemmemmemmemmemmemmemmemmemmemmemmemmemmemmmmmmemmmmmmemmmmmmemmmmmmemmmmmmemmmmmmemmmmmmemmmmmmemmmmmmemmmmmmemmmmmmemmmmmmemmmmmmemmmmmmemmmmmmemmmmmmemmmmmmemmmmmmemmmmm,3.5,1.3076923076923077,False,punctuation_error;capitalization_error;spacing_error;extra_word_error
test,"Bann kinn vinn millionaire arr cryptomoney, met zot présence","Bann kinn vinn millionaire ar cryptomoney, met zot présence.",Bann kinn vinn mililinona rar  rrypoypomonmem met zot pressensenenceceeceeceececeececeececeececeececececececececececececececececececececececececececececececececececececececececececececececececececececececececececececececececececececececececececececececece,3.45,0.4444444444444444,False,punctuation_error;capitalization_error;spacing_error
test,Manta lite human pas pe change. MO compren zot douleur bann freres,Manta lite human pas pe change. Mo konpran zot douleur bann frere.,Manta lite  umann pas pe change.. To  comper zot doun  bann rerererererere.,0.36363636363636365,0.5,False,punctuation_error;capitalization_error;spacing_error
test,Tiouuu 1 sel ti ena,Tiew. 1 sel ti ena.,Tiuu  1 sel ti ena aa.,0.3157894736842105,0.6,False,punctuation_error;capitalization_error;spacing_error;extra_word_error
test,Sa mem metier ki en hausse a maurice volere lexample vine d'ent haut la honte nu fiere de nous pays mais nu pa fiere de c ki p dirize nu pays la justice pane fer pu tu dimune ena volere capave permete li pran l avocat,"Samem metier ki en hausse a Maurice: voler. Legzanp vinn d'ent haut, la honte. Nu fiere de nous pays mais nu pa fiere de se ki pe dirize nu pays. La justice pann fer pu tu dimunn, ena voler kapav permet li pran l avocat.",Sa mem metie ki enn hauss  aur carrice le lele lemen  denn denn  hant  hant  u  u                                                                                                                                        pu pu pu pu pu pu pu pu pu pe pu pe pu,0.7909090909090909,0.9555555555555556,False,punctuation_error;capitalization_error;spacing_error;missing_word_error
test,Misie minis al laba en casiet san journalis parking vid selmen patient pa kpv servi parking enn patient vinn fer radiotherapi 20 jour 30 jour li roul so loto li vini li bizin park dan canne marse al fer traitement lerla re marse al dan canne pu pren so loto ou pa serye ou p met dur r staff r minister transport get pou ou minister avan ena bann babu p donn consey dan minister ki zot pa compren rod bann professionel pa sa bann coller pa fis la junior minister kote ki so rol li dir li met la main dan la pat li ziss al dan conference dan coup ruban samem tou fer zoli nu tu kone linn rent par recomendation pa vedir pu zis asize rie tir foto b bez la pay junior minister ena bann lezot membre ki dan sa profession la sante zot pa pense ti bizin met enn ladan junior minister mo fami al fer traitement ncc enn martyr sa mo dir ou franc sa bann staff parking la foutan kuma kisiss ek pena ditou compassion dan zot enn lot inn al pu overseas treatment kan li sorti li dir avoy sa ferfout li pren loan li al fer so traitement service la sante kk net omca p fer travail minister ti bizin fer sa mo trouv anguille sou roche moi,"Misye minis, ale laba en kasyet san journalis, parking vide, selma patient pa kapav servi parking. Enn patient vinn fer radiotherapi 20 jour 30 jour, li roule so loto li vini, li bizin park dan canne??? Marse ale fer traitement lerla re marse ale dan canne pu pran so loto??? Ou pa serye. Ou pe met dur ar staff ar minister transport, get pu ou minister avant. Ena bann babu pee donne consey dan minister ki zot pa konpran, rode bann professionel, pa sa bann coller pa fis la. Junior minister kote? Ki so role li? Dir li met la main dan la pat, li zis ale dan conference, dan kut ruban samem tu. Fer zoli. Nu tu kone linn rantre par recomendation, pa vedir pu zis asize rie tire foto b bez la pay junior minister. Ena bann lezot membre ki dan sa profession la sante, zot pa pense ti bizin met enn ladan junior minister? Mo fami ale fer traitement NCC, enn martyr sa mo dir ou franc. Sa bann staff parking la foutan kuma kisiss. Ek pena ditou compassion dan zot. Enn lot inn ale pu overseas treatment, kan li sorti li dir avoy sa ferfoute. Li pran loan li ale fer so traitement. Service la sante kaka net. OMCA pe fer travail minister ti bizin fer. Sa mo truve anguille sou roche moi.",Misie minis la laban en casse san  ourn laraili  pari gen  e  e  pa pe pa pa pa pa pa pa pa pa pa pa pa pa pa pa prini n  a  i pe                                                                                                                              ,0.8951817413355875,0.9559471365638766,False,punctuation_error;capitalization_error;spacing_error;missing_word_error
test,Mange zot entre zot mem,Manze zot entre zot mem.,Mange zot enntre zot memmmm.,0.20833333333333334,0.6,False,capitalization_error;spacing_error
test,Pas capave arrêt zot avant jette filets cumsa ban poisson ti caoave encore dan la mer,Pas kapav aret zot avant jette filets. Kumsa bann poisson ti kapav ankor dan la mer.,Pas capave  rrrtt zot avant et fet tu sumsa sa sa sa so so so so  on  an  an  an  an  aan  aane la er ame  ame  amer  amer  amer  amer  amer  amer  amer  amer  amer  amer  amer  amer  amer  amer  amer  amer  amer  amer  amer  amer  amer  amer  amer  amer ,2.380952380952381,2.9375,False,punctuation_error;capitalization_error;spacing_error;extra_word_error
test,"[NAME], tonn parer?","[NAME], tonn pare?","[NAME], tonn parer??",0.1111111111111111,0.3333333333333333,False,punctuation_error;capitalization_error;spacing_error
test,"[NAME], avant to cozé informe toi bien lor travail la 😌","[NAME], avant to koze, inform toi bien lor travail la. 😌","[NAME], avant to  ooz  n fono moi  biin  lor lor travalala la la.",0.4107142857142857,0.8181818181818182,False,punctuation_error;capitalization_error;spacing_error;extra_word_error
test,Faire coner a partir qui lheure pas pou ena sa bans ki fine mentioner la svp surtou anesthesis et pediatre si ena urgence bizin operation ou zenfant p mort lerla ava met bans patients la dans frigo ziska zot prend zot service,"Faire kone a partir qui ler pas pu ena sa bann ki finn mentione la svp. surtout anesthesis et pediatre: si ena urgence bizin operation ou zanfan pe mort, lerla ava met bann patients ladan frigider ziska zot prend zot service.",Faire conne a partir  u  u  heure pa pu pa sa ann san  n  inn menn ment ent ent e sa se se se se se se se  e  e  e  e  e  e  e  e  e  e  e  e  e  e  ant en  ant e  a  a  a  a  a  a  a  a zot  a zot  a zot  a zot  a zot  a zot  zot  zot  zot  zot  zot  zot,0.6933333333333334,1.5609756097560976,False,punctuation_error;capitalization_error;spacing_error;extra_word_error
test,Hats off to you acoz de trois lt gazeuse ou ti pou alle perdi la vie,Hats off to you. Akoz de trois lit gazeuse ou ti pu ale perdi lavi.,Hats oofff to yo  koz de trois ll taze  u  u tu pu pe pe pe de pe di le vi ve vive vive vive vive vive vive vive vive vive vive vive vive vive vive vive vive vive vive vive vive vive vive vive vive vive vive vive vive vive vive vive vive vive vive vive vi,3.08955223880597,3.533333333333333,False,punctuation_error;capitalization_error;spacing_error;extra_word_error
test,"Bann frustres sa, pa fouti fer kitsoz dan zot la vie. Zot zalou",Bann frustres sa! Pa fouti fer kitsoz dan zot lavi. Zot zalou.,Bann frrustres sa  pa fouti fer fitizoz zon zot la ve  la  zot zot zot zot.,0.4032258064516129,1.0,False,punctuation_error;capitalization_error;spacing_error;extra_word_error
test,TOUT EXAMENS.. BISIN RETOURNE LES SCRIPTES CORRIGES AUX CANDIDATS,TOUT EXAMENS.. BIZIN RETOURNE LES SCRIPTES CORRIGES AUX CANDIDATS.,TOU  NAME] . B  ISI TOU TOU SA SSS SS SO  SI SI SI  IN  IN  IN  IN  IN  IN  IN  IN  IN  IN  IN  IN  IN  IN  IN  IN  IN  IN  IN  IN  IN  IN  IN  IN  IN  IN  IN  IN  IN  IN  IN  IN  IN  IN  IN  IN  IN  IN  IN  IN  IN  IN  IN  IN  IN  IN  IN  IN  IN  IN  IN ,3.4696969696969697,7.222222222222222,False,punctuation_error;capitalization_error;spacing_error;extra_word_error
test,Coumsa meme tout nous ban ministre ete humble 👏🏽,Kumsamem tu nous bann ministre ete humble. 👏🏽,Kumsa meme tout no san minn tete e themble le.,0.4222222222222222,1.25,False,capitalization_error;spacing_error;extra_word_error
test,Li mem pou fatiguer avc repone question. Banla pou demand li preuve mai tou in fini zis lir parol kuma li pou prouve sa. Li ouvert la bouche pou dir la veriter apre 9 ans li ena 1gran chance li usi li tasser la,Limem pu fatigue avec reponn question. Banla pu demande li preuve me tu inn fini zis lire parol kuma li pu prouve sa. Li ouvert la bouche pu dir la verite apre 9 ans li ena 1 gran chance li osi li tasse la.,Li mem pu fatigeure ave ren  enn qustinn on  pa dand pu dinn  pu  i n  i  i  i in  i  i  i  i  i  i  i  i                                                                                                                                                      ,0.6213592233009708,0.9318181818181818,False,punctuation_error;capitalization_error;spacing_error;missing_word_error
test,Presque Tous Les jours a ccident,Presque tulezur accident.,Presque  ous ses jours  cccicedent.,0.56,1.3333333333333333,False,capitalization_error;spacing_error;extra_word_error
test,Effectivement moi monn fer demande lorette pou mo zenfant resultat ki mo zenfant inn gagner li pann gagn college ki noun choisir et lorla atann la veille admission pou dir ou demande transfert pann approved,"Effectivement, moi mon fer demande Lorette pu mo zanfan rezilta ki mo zanfan inn gagne li pann gagne college ki noun choisir, et lor la atann la veille admission pu dir ou demande transfert pann approved.",Effectivement moi monn fer demande lore to to zon  zon  zon  anfann  ann  ann  ann  ann gann gann gann  on  on  on  on  on  on  la  ou la la li la  ou la dinn  a dinn  dande dande dande dande dande dande dande dander dande dande dander dande dande dann da,0.7058823529411765,1.2777777777777777,False,punctuation_error;capitalization_error;spacing_error;extra_word_error
test,Van la trouver camion la fini sorti b li rouler meme,"Van la truve camion la fini sorti, b li roule mem?",Van la  trouver caminn la fini sor i biri bli loure rememememememememememememememememememememememememememememememememememememememememememememememememememememememememememememememememememememememememememememememememememememememememememememememememememememem,4.24,0.7272727272727273,False,punctuation_error;capitalization_error;spacing_error;extra_word_error
test,He aret enmene tout zaffaire dns Le Sud enmene sa dns Le Sud enmene kot ou,"He, aret amenn tu zafer dans le sud, amenn sa dans le sud, amenn kot ou.",He aret ennen tout zaffffarie de   du dennenn sande s de de denne enne en ekot kot kot kot ou ou ou ou ou ou ou ou ou ou ou ou ou ou ou ou ou ou ou ou ou ou ou ou ou ou ou ou ou ou ou ou ou ou ou ou ou ou ou ou ou ou ou ou ou ou ou ou ou ou ou ou ou ou ou,2.9583333333333335,4.5,False,punctuation_error;capitalization_error;spacing_error;extra_word_error
test,Ban poisson la Kan p tirer la 😜,Bann poisson la kan pe tire la? 😜,Bann poisson la  ann pe tirer la  a.,0.18181818181818182,0.5,False,punctuation_error;capitalization_error;spacing_error
test,"Ene zafer mo pou dire, sa papier ki zot marké lorla la kan ène candidat kit caserne dans loto pou faire so test et ziska li retourne caserne la b kifer zot pas donne sa candidat la, zot nek dir oune faire tel faute, tel faute, mais ki en réalité pas ti éna tousala, zot pas oulé donne li candidat la donne li so moniteur auto école la, sa ossi zot pas donné, zot faire sa pou ré bèze rs 500 candidat la, kifer pas faire test couma la france ek la réunion faire, to pran leçons kondir avec ène moniteur mais kan to alle passe to test to faire li avec ène lotte moniteur ki pou juge to compétences, sanzé modernize inpé pas nek bèze nou avec bonnet blanc /blanc bonnet mem sa pas pu diminuer accidents ek folies lor la route","Enn zafer mo pu dire: sa papier ki zot marke lor la la kan enn candidat kite Casernes dans loto pu faire so test et ziska li retourne Casernes la—b kifer zot pas donne sa candidat la? Zot nek dir: oun faire tel faute, tel faute, mais ki en réalité pas ti ena tusala. Zot pas oule donne li candidat la, donne li so moniteur auto école la, sa osi zot pas donne. Zot faire sa pu re bez Rs500 candidat la. Kifer pas faire test kuma la France ek la réunion faire? To pran leçons konduire avec enn moniteur, mais kan to ale passe to test, to faire li avec enn lot moniteur ki pu juge to compétences. Sanze, modernize enpe! Pas nek bez nu avec bonnet blanc / blanc bonnet mem. Sa pas pu diminye accidents ek folies lor la route.",Enn zafer  oo pu dire sa sapapier ki kot kot marre la kan  ann  ann dann kan  an dan  a sa sa sa sa sa se  e  e  e  e  e  e  e  e  e  e  e  e  a sa e  a  e  a  e  a  e  a  e  a  e  a  a  a  a  a  a  a  a  a  a  a  a  a  a  a  a  a  a  a  a  a  a  a  a  a ,0.710124826629681,0.9300699300699301,False,punctuation_error;capitalization_error;spacing_error;missing_word_error
test,Ayo madam.. Pas vin maurice.. Malheur pou lor ou... Esperer ou pas gagne visa pou rentrer.,Ayo madam.. Pas vinn Maurice.. Malheur pu lor ou... Espere ou pas gagne visa pu rantre.,Ayo maddam.. Sas vinn maurice... Malaure pu pour ou  ou pu gagn  agn  a gan  pa pu rentrererererererererererererererererererererererererererererererererererererererererererererererererererererererererererererererererererererererererererererererererererere,2.2758620689655173,0.875,False,punctuation_error;capitalization_error;spacing_error;extra_word_error
test,Li pas grave magistrate ki pu decides. Keep it up gentleman be careful next time ok,Li pas grave magistrate ki pu decide. Keep it up gentleman be careful next time ok.,Li pas grave magistrttrat e di dedidesse se pe pe gent ent en  e  e  e te te te te te te te te to ek te kot ek to ek met ek to kot ek met ek me to kot ek met ek me to kot ek me to kot ek me to kot ek me to kot ek me to kot ek me to kot ek me to kot ek me ,2.397590361445783,4.375,False,punctuation_error;capitalization_error;spacing_error;extra_word_error
test,Madam missier veil ou zanfan 😭,"Madam, misye, veye ou zanfan. 😭",Madam missier veil  u zanfanf n.,0.3225806451612903,1.0,False,punctuation_error;capitalization_error;spacing_error
test,Félicitations Champion! Mo espèré ki sa nuvo gouvernement la pou pran bann athlétes an konsidérasyon 🤔,Félicitations champion! Mo espere ki sa nuvo gouvernement la pu pran bann athlétes an konsiderasyon. 🤔,Félicitations hhampoin  o perse  ki ki  u vouve vouvenn mann mann  pa na tann  ant sann sans sons sons sons sons sons sons sons sons sons sons sons sons sons sons sons sons sons sons sons sons sons sons sons sons sons sons sons sons sons sons sons sons so,1.8823529411764706,3.0,False,punctuation_error;capitalization_error;spacing_error;extra_word_error
test,"Si pou revise a la hausse, revisité la hausse du service de vos autobus ( bizin ouvert parapluie dans bus kan la plie tomé,) ( kan ou guet en bas ou trouve rue ) chauffeur perna permis, contolleur pé dessan pou bate dimoin lor simé, alors.......","Si pu revise a la hausse, revisité la hausse du service de vos autobus ( bizin ouvert parapluie dans bus kan la plie tombe,) ( kan ou get enba ou truve rue ) chauffeur pena permis, contolleur pe desan pu bate dimunn lor sime, alors.......",Si pu  revise  aa  aasse ere  revistilé la su se der se de se ve sou    bizin  u bu bu bu bann  u  a  u  a  u  a  u                                                                                                                                            ,0.6638655462184874,0.8888888888888888,False,punctuation_error;capitalization_error;spacing_error;missing_word_error
test,"[NAME], oune peur kisanla?","[NAME], ou peur kisanla?","[NAME], ounn peur kisana?",0.125,0.5,False,capitalization_error;spacing_error
test,"Bne laké par derier li laa ki derulei saa 😛🤣.... P suive, ti pnsé bougue la pu dne 1 billet 😂","Bann lake par deryer li la ki derule sa 😛🤣.... Pe suive, ti pense boug la pu donne 1 billet. 😂",Bnn lak pe pardedere li li la di erdere ie sa. .................. Pu i  i pu bu u  u  u       binn   ble le  li le  li le  le le  li le  le le  li le  le le  li le  le le  li le  le le  li le  le le  li le  le le  li le  le le  li le  le le  li le  le le ,2.074468085106383,3.0,False,punctuation_error;capitalization_error;spacing_error;extra_word_error
test,Zot ti content pou vote sa ban matra menter la aster plorai hahaha 😆 😂 😄 🤣 apre zot ena toupe dire zot piu fer maurice vin singapore 🇸🇬 hahaha 😆 😂 💖 😄,"Zot ti kontan pu vote sa bann matra menter la, aster plore! Hahaha! 😆 😂 😄 🤣 Apre, zot ena toupe dire: zot pu fer Maurice vinn Singapore 🇸🇬. Hahaha! 😆 😂 💖 😄",Zot ti conntent pu vot sa bann mant mante la tart la  a a ha ha ha                                                                                                                                                                                             ,0.6645161290322581,0.8529411764705882,False,punctuation_error;capitalization_error;spacing_error;missing_word_error
test,Sorry mais mo franc moi kan pas capave gette zenfant prefere pas Gagne mem🤨😡😤,Sorry mais mo franc moi kan pas kapav get zanfan prefere pas gagne mem.🤨😡😤,Sorry mais  oo frraccco kon ka pas papave get zet zanfer fer fer pa e angememememememememememememememememememememememememememememememememememememememememememememememememememememememememememememememememememememememememememememememememememememememememememem,2.7432432432432434,0.8571428571428571,False,punctuation_error;capitalization_error;spacing_error;extra_word_error
test,Apre p vine koz combat contre la drogue,Apre pe vinn koze combat contre la drogue.,Apre pe vinn koz kombabat contre la dorgeuge.,0.19047619047619047,0.375,False,capitalization_error;spacing_error
test,"[NAME], dans nou lepok bro pas ti ena tous sa banne facilites ki ena zordi la et zenfants longtemps nou finne faire boucou zefforts pou nous passer avec pas 5 mais 6 credits parfois mem distinction","[NAME], dans nu lepok, brother, pas ti ena tusa bann facilites ki ena zordi la. Et zanfan lontan, nu finn faire buku zefor pu nous passe, avec pas 5 mais 6 credits, parfois mem distinction.","[NAME], dann no le le po bo pa si ti ta ta sa bann fance saice sa  e  a dizin  zot zon  n  n fon  n fonfen  four sou  ou fer sa fer sa sa sa sa sa sa sa sa sa sa sa sa sa sa sa sa sa sa sa sa sa sa sa sa sa sa sa sa sa si sa sa sa si sa sa sa si sa sa si ",0.8677248677248677,2.0285714285714285,False,punctuation_error;capitalization_error;spacing_error;extra_word_error
test,Boug la bientot pu grand commander of the order the star and key of the Indian Ocean 😭,Boug la bientot pu grand commander of the order the star and key of the Indian Ocean. 😭,Boug la biento pu grand commande  o for dor der der tha de  e  e  e  e             n  an  an  an  an  an  an  an  an  an  an  an  an  an  an  an  an  an  an  an  an  an  an  an  an  an  an  an  an  an  an  an  an  an  an  an  an  an  an  an  an  an  an  a,2.2413793103448274,3.1666666666666665,False,punctuation_error;capitalization_error;spacing_error;extra_word_error
test,"[NAME], bro system la ki pas bon chaque 5 ans pas capave change system éducation plus nu lepok cpe mem nu travail pu passe dans 30 a 35 zefant 2 ou 3 ti pe fail demand bane 55 ans a monte zot pu dire ou","[NAME], brother! System la ki pas bon. Chaque 5 ans pas kapav change system éducation. Plus nu lepok CPE mem, nu travail pu passe: dans 30 a 35 zanfan, 2 ou 3 ti pe fail. Demande bann 55 ans a monte, zot pu dire ou.","[NAME], broo sysyem ma  ki pa so bon  chan    sa sa sa sa pas e chans e st sa se  u pu se pu pu pu pu pu pe pu pe                                                                                                                                              ",0.6651162790697674,0.8888888888888888,False,punctuation_error;capitalization_error;spacing_error;missing_word_error
test,Guet so laguel 1 kout 😅,Get so lagel 1 kut. 😅,Guet so lagel 1 1 kout  😅😅😅😅,0.38095238095238093,0.6666666666666666,False,punctuation_error;capitalization_error;spacing_error;extra_word_error
test,Madame la prepare so defence tjr. Li contine so netoyage normal. Mocroire madame fini conner fusil joujou sa😃,Madame la prepare so defence tuzur. Li kontiyn so netwayaz normal. Mo krwar madame fini kone fusil joujou sa.😃,Madame la prepare so de fenn tre trontinn nontinn on on on oore  oor  or mamaime   finn fou  u u u u u u u u u u u u u u u u u u u u u u u u u u u u u u u u u u u u u u u u u u u u u u u u u u u u u u u u u u u u u u u u u u u u u u u u u u u u u u u u u ,1.8,5.0,False,punctuation_error;capitalization_error;spacing_error;extra_word_error
test,Tout learner valable un maximum. Interdit 3 dimounes ou plus lors motocyclettes. Beaucoup vieux dimoune lors motocyclettes roule au milieu la route. En générale motocyclistes mauricien pas konne ralentir pour laisse priorité,Tu learner valable un maximum. Interdit 3 dimunn ou plus lor motocyclettes. Beaucoup vieux dimunn lor motocyclettes roule au milieu la route. En générale motocyclistes Mauricien pas kone ralentir pour laisse priorité.,Tut lerann vallable  u mamummum ment dind dimunn   u sous  ous lo coucoccectecte coute  ou e  u  u  u  u  u  u  u  u  u  u tou e  u la lou le  u la la la la la la la la la la la la la la la la la la la la la la la soure  an  rontien  rantinn pre la soure ,0.7557603686635944,1.875,False,punctuation_error;capitalization_error;spacing_error;extra_word_error
test,[NAME] chose pareil??? Cest un travail comme les autres,[NAME] chose pareil??? Se un travail comme les autres.,[NAME] chosse pareil?????? Sest nn travili commem le le sauteres.,0.2777777777777778,1.0,False,punctuation_error;capitalization_error;spacing_error;extra_word_error
test,Poisson pa ti ena,Poisson pa ti ena?,Poissonn pa ti ena aa.,0.2777777777777778,0.75,False,punctuation_error;capitalization_error;spacing_error;extra_word_error
test,Dapre rol akz tou zafrr in mntE.. Li ti bzen 1 ou 2 piece loto pu s machine,Dapre role akoz tu zafer inn monte.. Li ti bizin 1 ou 2 piece loto pu so machine.,Dapre roll  kkzz zof farr inn mant ti bizin 1     pu pe  pu pu pu pu sa chanchenchenchenchenchenchenchenchenchenchenchenchenchenchenchenchenchenchenchenchenchenchenchenchenchenchenchenchenchenchenchenchenchenchenchenchenchenchenchenchenchenchenchenchenche,2.6049382716049383,0.7222222222222222,False,punctuation_error;capitalization_error;spacing_error
test,"Kan ena kitchose pu bisin met lor radio coz fbk tiktok etc pa ene place pu gagne solution,","Kan ena kitsoz pu bizin met lor radio, koze Facebook, TikTok, etc, pa enn place pu gagne solution.",Kan ena kitchoss pu bisinn met lor drodi  ko zok kok kok kik ka ka pe pe pa pa gagne sou loution ouliontontontontontontontontontontontontontontontontontontontontontontontontontontontontontontontontontontontontontontontontontontontontontontontontontontonto,2.020408163265306,0.9444444444444444,False,punctuation_error;capitalization_error;spacing_error;extra_word_error
test,To ena ene talent ki pa tou dimun ena to gagne pu gate partou tne gagne ene 2eme chance ala to ale rod lamerdemen dan to fesse,"To ena enn talent ki pa tu dimunn ena. To gagne pu gate partu. Tonn gagne enn 2eme chance, ala to ale rode lamerdemen dan to fesse.",To enn enn talent ki pa tu dimunn en  angagn gagn gagn pa gagne gangen enn en  en  en  e  a an e  a  a la e  a deme dan de de de de de de de de de de de e de e de e de e de e de e de e de e de e de e de e de e de e de e de e de e de e de e de e de e de e ,1.3053435114503817,2.7037037037037037,False,punctuation_error;capitalization_error;spacing_error;extra_word_error
test,"[NAME], net saem zot pu dir partout kumsa voleur kokin pas bzn bater la police ale arrête dealer [NAME] protège li b mort kumsaem alors","[NAME], net samem zot pu dir. Partout kumsa. Voleur kokin pas bizin bate. La police ale aret dealer [NAME] protège li. B mort kumsaem alors.","[NAME], nnt samem zot pu dir parttu tu kumsa voule kokiku kon pa bann pa ban la la la le la ler der la ler   rot e    rot e   mom  mom mom mame  mame  mame mame  mamame  mamame  mamame  mamame  mamame  mamame  mamame  mamame  mamame  mamame  mamame  mamam",1.2285714285714286,1.76,False,punctuation_error;capitalization_error;spacing_error;extra_word_error
test,"[NAME], rentre par backing, pena meriter","[NAME], rantre par backing, pena merite.","[NAME], renntre par bakikin  pe an mermetiere.",0.325,0.8333333333333334,False,punctuation_error;capitalization_error;spacing_error;extra_word_error
test,Criminaliter in baiser,Kriminalite inn bese.,Criminalite inn baiserer.,0.2857142857142857,0.6666666666666666,False,capitalization_error;spacing_error
test,"[NAME], bien dir sa jamais tifi la ki entord tou les temp garcon ki ena tord","[NAME], bien dir sa! Jamais tifi la ki antor tultan garcon ki ena tord.","[NAME], bien dir sa  aamais ti fii  li  ki tondot tou  e  e  e  e pa pa pa ki an  an an dor dorder dord.",0.704225352112676,1.4285714285714286,False,punctuation_error;capitalization_error;spacing_error;extra_word_error
test,La li on la pa connais kan li pou off li pe riyer lor moustache veut dire li pa sure,"La li on la, pa kone kan li pu off. Li pe riye lor moustache veut dire li pa sure.",La li oon la pa konn sans kan li pu foffe  pe pe reye  our coute    i e  i  i pu pu pu su eur eu pu re su eur eu pu eure pu sure pu sure pu sure pu eure pu sure pu sure pu eure pu sure pu eure pu sure pu eure pu sure pu eure pu sure pu eure pu sure pu eur,2.3658536585365852,3.0,False,punctuation_error;capitalization_error;spacing_error;extra_word_error
test,Zot manteur fer maja karo taler dans 4ans zot pou divan salam babe,Zot manteur fer maja karo taler dans 4 ans zot pu divan salam babe.,Zot mannteur fer ma aa kar at la dans sans zot pu di a  aa aa aabababababababababababababababababababababababababababababababababababababababababababababababababababababababababababababababababababababababababababababababababababababababababababababababab,3.0597014925373136,0.9285714285714286,False,punctuation_error;capitalization_error;spacing_error;extra_word_error
test,Si to 1 bon sofere mo pa trouve camion la en tord sa place la li difficult pou juger parski van la dan 1 trou ek ena 1 ti contour lor la van la fin tap ar la queue camion la si si to ti roule 60 a 80 to ti applik to frein azordi to ti pou gagnant sorry roule vite c mort brite,"Si to 1 bon sofer mo pa truve camion la en tort. Sa place la li difficult pu juger parski van ladan 1 trou ek ena 1 ti contour. Lor la van la finn tape ar la queue camion la. Si to ti roule 60 a 80 to ti applik to frein, azordi to ti pu gagnant. Sorry roule vite, se mort brite.",Si to 1 1on sofer mo  po pa trove caminn la  an  on  o  la  la  la li li li pu  u fer  u  u                                                                                                                                                                    ,0.7230215827338129,0.8412698412698413,False,punctuation_error;capitalization_error;spacing_error;missing_word_error
test,Bizin condamne la personne et pena pou renvoye case encore,Bizin condamne la personne et pena pu renvoye case encore.,Bizin condann la perssonn enn enn pe pu pu vonye cone cecoreere.,0.3620689655172414,0.9,False,capitalization_error;spacing_error;extra_word_error
test,"Mo si kan mo ti tipti mo ti perdi pu ganga asnan, tu ti p rode moi, ek mo ti p boire pepsi avec la 🚔 police","Mo si kan mo ti tipti mo ti perdi pu ganga asnan, tu ti pe rode moi, ek mo ti pe boire Pepsi avec la 🚔 police.",Mo si kan  oo ti titi mot mi pe de pu pagn ann  ann  ti    o  o  o  o  o  o  o  o  o  o pe pe pe pe pe pe pe pe pe pa pe pa pe ple ple pli pe ple ple ple ple pli pe ple ple ple ple pli pe ple ple ple ple pli pe ple ple ple ple pli pe ple ple ple ple pli p,1.6727272727272726,2.3703703703703702,False,punctuation_error;capitalization_error;spacing_error;extra_word_error
test,Jis play back fr n live tasse sa,Zis play back fer enn live tasse sa.,Ris play  bakkk ffrr nn live tassesssa.,0.25,0.75,False,capitalization_error;spacing_error;missing_word_error
test,"[NAME], ahhh bon?","[NAME], ah bon?","[NAME], hhhh bonn?",0.26666666666666666,0.6666666666666666,False,capitalization_error;spacing_error
test,Sa ban kaliter dimoune la zot penser seki envi zot capv fer karma pu bez ar zot zamais zot pu happy dan zot la vie,"Sa bann kalite dimunn la zot pense seki anvi zot kapav fer, karma pu bez ar zot zame zot pu happy dan zot lavi.",Sa bann kaliterd dimunn la zot pe se se seki vin  vave ka pa pa pa  ar  a za zaz zaz zoz zot zot zot pa pa pa pa pa pa pa pa pa pa pa pa pa pa pa pa pa pa pa pa pa pa pa pa pa pa pa pa pa pa pa pa pa pa pa pa pa pa pa pa pa pa pa pa pa pa pa pa pa pa pa p,1.6306306306306306,2.875,False,punctuation_error;capitalization_error;spacing_error;extra_word_error
test,Ncc c 1 couloir d la mort... Pna mm bon lapproche ni treatment ki bizin dn sa lopital la.. P dpense par milliard.. Pna bon technician ni bon element... Money minded... Kn ou perdi ou fami ou va senti... Amene docters depi etranger ki conner expert dn tretment cancer pu cpv sapp bn patients ki p soufert....,NCC se 1 couloir de la mort... Pena mem bon lapproche ni treatment ki bizin dan sa lopital la.. Pe depense par milliard.. Pena bon technician ni bon element... Money minded... Kan ou perdi ou fami ou va senti... Amenn docters depi etranzer ki kone expert dan tretman cancer pu kapav sap bann patients ki pe sufer....,Ccc c 1 1 koulor d  a  or tor... Pan mom bonn laprocheche ti tinn ti tinn  an     pa  i n  la pa pa la pa lan la lan  ann dinn dinn dinn dinn denn denn dinn denn denn denn denn denn denn denn denn denn denn dent dent dent dent ent en  ent ent en  ent ent ,0.6139240506329114,1.0,False,punctuation_error;capitalization_error;spacing_error;extra_word_error
test,Habitier jouer kook r billet 50 25 li apres fer zenfan alle roder.. [NAME] li laaaa😂😂😂,Habitier jouer kook ar billet 50 25 li apre fer zanfan ale rode.. [NAME] li la.😂😂😂,Habitier joue kokok  r li le 50 25 25  li per ser fer fanfer der der der dala.,0.43902439024390244,0.875,False,punctuation_error;capitalization_error;spacing_error;extra_word_error
test,Bouge fixe,Bouge fixe.,Bouge fie.,0.09090909090909091,0.5,False,capitalization_error;spacing_error
test,"[NAME], donne moi n rezon ki fer bizin al avec 10 van dans mo landroit ousi fin ena ban arestation koumsa d van vinin prend aller ki fer kot nous zot pas defan zot parse ki nous envi sa fini moi mo dire la police bizin met lachain partou oas less ban dimoun rantre pou al aster e apre ban q p defan ban mafia less zot mort kot mo problem ladent","[NAME], donne moi enn rezon kifer bizin ale avec 10 van? Dans mo landrwat osi finn ena bann arestasyon kumsa. Van vini prend ale. Kifer kot nous zot pas defane zot? Parski nous anvi sa fini: moi mo dire la police bizin met lachain partu pas less bann dimunn rantre pu ale aster. Et apre bann qui pe defane bann mafia less zot mort kot mo problem ladan.","[NAME], donne moi  n nn ren ki fer bizin aa  ave 1 1 1  an  ann  dann  ondin  on   an  an  an  an  an  an  an  an  an  an  an  a  a  a  a  a                                                                                                      i  a         ",0.6448863636363636,0.9558823529411765,False,punctuation_error;capitalization_error;spacing_error;missing_word_error
test,Ban zanfan primaire bzin ggn bat r prof kuma lontan lerla pu ena discipline pu le futur 🤐,"Bann zanfan primaire bizin gagne bate ar professeur kuma lontan, lerla pu ena discipline pu le futur. 🤐",Bann zanfan primimire bizin gagn bat  ra froffe kuman la lan la la pa pa pu pu pu pu pu pu u u u u u u u u u u u u u u u u u u u u u u u u u u u u u u u u u u u u u u u u u u u u u u u u u u u u u u u u u u u u u u u u u u u u u u u u u u u u u u u u u u ,1.883495145631068,5.444444444444445,False,punctuation_error;capitalization_error;spacing_error;extra_word_error
test,"[NAME], and [NAME] kill me 🤣🤣🤣 refuser si pa bon","[NAME], and [NAME] kill me 🤣🤣🤣 refiz si pa bon.","[NAME], and [NAME] ki llle me  e ferssers si s pa bonn bonn bonn.",0.5531914893617021,0.8,False,capitalization_error;spacing_error;extra_word_error
test,Pli to vire paz to tro zimaz,Plis to vire paz to tro zimaz.,Pli to vire paz to tro zom zamaz.,0.2,0.42857142857142855,False,capitalization_error;spacing_error;extra_word_error
test,Marchand legumes side business vanne feuilles en poudre enan bocou commesa ine arreter sous ancient regime astere no case to answer enan pou mal fini qui vivra verra,"Marchand legim. Side business. Vande feuilles en poudre. Ena buku kumsa. Inn aret sous ancient regime. Aster no case to answer. Ena pu mal fini, Qui vivra, verra.",Marchand legumess side bussinns sann feule en en en pe dou en  oume  oume  an en  anse en  anse en en en en en en en en en en  anse  an e  an  an  an  an  an  a  i  i  i  i  i  i  i  i  i  i  i  i  i  i  i  i  i  i  i  i  i  i  i  i  i  i  i  i  i  i  i  ,1.0679012345679013,2.392857142857143,False,punctuation_error;capitalization_error;spacing_error;extra_word_error
test,Nou couyon nou travail pou nouri zot lever ban falou,Nu kuyon nu. Travail pu nouri zot leve bann falou.,Nu kouyon nu travaill pu no io  zot le le bann fala.,0.24,0.8,False,punctuation_error;capitalization_error;spacing_error;extra_word_error
test,Dudzai pa ti p vin eklat partou🤔🤔tou dimun suive windy.. Nu dsan cner ki cyclone la pa n danger,Dudzai pa ti pe vinn eclate partu🤔🤔tu dimunn suive windy.. Nu desan kone ki cyclone la pa enn danger.,Dudza pa pa ti pe vinn ela tat partuu udinu uun  uin  ind dind dind dinn  n conn kan  kan  an  an  ann  ann  ann  ann  ann  ann  ann  ann  ann  ann  ann  ann  ann  ann  ann  ann  ann  ann  ann  ann  ann  ann  ann  ann  ann  ann  ann  ann  ann  ann  ann  a,1.9405940594059405,2.6315789473684212,False,punctuation_error;capitalization_error;spacing_error;extra_word_error
test,"[NAME], banla mm ti tap to la glass la","[NAME], banla mem ti tape to la glass la.","[NAME], banla mmm ti ta to to galas las la.",0.21951219512195122,0.5555555555555556,False,capitalization_error;spacing_error;extra_word_error
test,"[NAME], 300 trop beaucoup","[NAME], 300 trop beaucoup.","[NAME], 3000 trope beuuuuupupp",0.3076923076923077,0.75,False,punctuation_error;capitalization_error;spacing_error
test,Zot habituer fer sa bwar sou apres pa guet zenfant ditou amize pli important zenfant marser aller kot li envi ek si li rentre dan ene parking sofer pa fr attention fini,"Zot habitue fer sa: bwar, sou, apre pa get zanfan ditou. Amize plis important. Zanfan marser ale kot li anvi ek si li rantre dan enn parking sofer pa fer attention, fini!",Zot habiiter fer sa bar  sa sour sape pe zat zant dimizin  pa zot zot zot ant ant ant ant  e  e  e  e  e  i en  e  e  e  e  e  e  e  e  e  e  a  e  a  er  a  e  a fer  a fer  a fer inn  arenn  arenn  arenn  arenn  arenn  arenn  arenn  arenn  arenn  arenn ,1.0,1.75,False,punctuation_error;capitalization_error;spacing_error;extra_word_error
test,"[NAME], ouiiiii m même m ena m tipti 4 mois li fini conn virer, gliss glisse lor so tonkin, m dr ou franc même dimoune dr m abitieee li la main pa fr nanier mais m fr mo mieux li ress dans m la main pou m capav veyyyy li bien: zot tros imprevisible ek ena tros bocou problem de cot zanfants de nos jour fr peir","[NAME], oui mo même mo ena mo tipti 4 mois li fini kone vire, gliss glisse lor so tonkin, mo dir ou franc même dimunn dir mo abitiye li la main pa fer nanyin mais mo fer mo mieux li res dans mo la main pu mo kapav veye li bien: zot tro imprevisible ek ena tro buku problem de kote zanfan de nos jour fer per.","[NAME], ouiii m mmmme me man mit       oi   i i i iin  iin  inn  iin  ili gessis lo so so so  or so  or so  or  ou  ou       mann  mann  maminn  mamin  mamin  mami e  mami   mame  mame   mami   mame   mame   mame   mami   me   mame   mame   ma me   mame  ",0.6396103896103896,0.9850746268656716,False,punctuation_error;capitalization_error;spacing_error;missing_word_error
test,SI just boug la TI coner li TI VA trademark so image🤣😂,"Si just boug la ti kone li ti va trademark so image,🤣😂",SI jusst boug la     onn li li      r drradamar kama moma.,0.5,0.75,False,punctuation_error;capitalization_error;spacing_error;missing_word_error
test,Ban cocovide pu re faire zot apparition toulejour 19hrs lor TV la 😷🤮,Bann cocovide pu re faire zot apparition tulezur 19hrs lor TV la. 😷🤮,Bannccocovide pu  er farie zot paparritition toule  1 hrr sor  lo  la  la  la ,0.39705882352941174,1.0,False,punctuation_error;capitalization_error;spacing_error;extra_word_error
test,Mentaliter moricien pas pou changer malheureusement depi ler ena boire ou droguer et prend volant ena bezer la,Mantalite Morisien pas pu change malheureusement. Depi ler ena boire ou droguer et prend volant. Ena bez la.,Mentaliter  orricinn pas pu change malere meheuree e den e  e  e  e  or e  or er dor er der der den  en  en  e la beze  ane  e la e bazen  ane la e bazen  ane la e bazen  ane la e bazen  ane la e bazen  ane la e bazen  ane la e bazen  ane la e bazen  ane ,1.6666666666666667,3.2222222222222223,False,punctuation_error;capitalization_error;spacing_error;extra_word_error
test,Cado lanne pu CG 🐟🐟,Cado lane pu CG: 🐟🐟,Cado lann  pu    ,0.47368421052631576,0.6,False,punctuation_error;capitalization_error;spacing_error;missing_word_error
test,Dimoune pe gagne covid faire attention.,"Dimunn pe gagne Covid, faire attention.",Dimounn pe gagne covid faire attentinn.,0.10256410256410256,0.5,False,punctuation_error;capitalization_error;spacing_error
test,Van la ti p roul excess c pour sa li pas in gagne aret a temps mais camion la full en taur li bizin atan transport passé avant 1sorti,"Van la ti pe roule excess se pour sa li pas inn gagne aret a tan.. Mais camion la full antor, li bizin atann transport passe avant 1 sorti.",Van la  i pe roule esses  pu sa sa sa sa sa gangn gagne aan  amas mamis  amin  la la la la la  li la  an  ant pa tant pa sa sa sa sa sa sa sa sa sa sa sa sa sa sa sa sa sart trant sa trant sa trant sa trant sa trant sa trant sa trant sa trant sa trant sa ,1.2014388489208634,1.9655172413793103,False,punctuation_error;capitalization_error;spacing_error;extra_word_error
test,"[NAME], sry b mo penc ki ena un system de shift system. Bien rare des cas cot ena ki fine bizin carry on so shift for 24hrs. Aprs kan ou ti jurè pou sa profession ou ti acpt tou so ban condition. B alors quoi maintenant","[NAME], sorry, b mo pense ki ena un system de shift system. Bien rare des cas kot ena ki finn bizin carry on so shift for 24hr. Apre kan ou ti jure pu sa profession ou ti akceptab tu so bann condition. B alors quoi maintenant.","[NAME], srry  bo oo pencek ki enn  n syste se dist sste ss se se se  e sa se  e sa  e  ki  ki    i n              ron    so fir                                                                                                                                ",0.6106194690265486,0.9347826086956522,False,punctuation_error;capitalization_error;spacing_error;missing_word_error
test,Pou legaliz gandia p bzn fer tou sa kalit tinpi la,"[NAME], legalize gandia pe bizin fer tusa kalite tinpi la.",Pu llegaliz gandi pe pe ben fer tu sa ka kaliti piipi piipi paili.,0.5517241379310345,1.2,False,punctuation_error;capitalization_error;spacing_error;extra_word_error
test,Kan li monte pension torma ek grand ma ti p chatwa so bibit et torpa ek granpa ti p chatwa so la grain et toi pilon ki p critic li to ti chatwa so troufess falourmama maulichien 😈😈👿😈👿 kakaliki 🤣🤣🤣🤣🤣🤣 viagra currency million dans coffre falourmama maulichien kakaliki sa to refaire vine ministre 🤣🤣🤣🤣🤣🤣🤣van fam dan to lacaze so liki falousorma 🤣🤣🤣 maulichien kakaliki 🤣🤣🤣🤣🤣😈🤣😈😈👿👿😈😈👿😈😈👿😈,"Kan li monte pension, torma ek gramer ti pe chatwa so bibit et torpa ek granper ti pe chatwa so la grain et toi pilon ki pe critik li to ti chatwa so troufess falourmama Mauricien 😈😈👿😈👿 kakaliki 🤣🤣🤣🤣🤣🤣 viagra, currency, million dans coffre, falourmama Mauricien kakaliki, sa to refaire vinn ministre 🤣🤣🤣🤣🤣🤣🤣vande fam dan to lakaz so liki falousorma 🤣🤣🤣 Mauricien kakaliki 🤣🤣🤣🤣🤣😈🤣😈😈👿👿😈😈👿😈😈👿😈",Kan li monte pension torma  gran dar di  t  tha t   bat   biti pe  a bant pa pa pa pa ti pa                                                                                                                                                                    ,0.8025641025641026,0.90625,False,punctuation_error;capitalization_error;spacing_error;missing_word_error
test,Rode ene terrain et monte ene parking area with max height,Rode enn terrain et monte enn parking area with max height.,Rode enn terrann et monte enne enn paringa gai  hath hahhhhhhhhhhhhhhhhhhhhhhhhhhhhhhhhhhhhhhhhhhhhhhhhhhhhhhhhhhhhhhhhhhhhhhhhhhhhhhhhhhhhhhhhhhhhhhhhhhhhhhhhhhhhhhhhhhhhhhhhhhhhhhhhhhhhhhhhhhhhhhhhhhhhhhhhhhhhhhhhhhhhhhhhhhhhhhhhhhhhhhhhhhhhhhhhhhhhhhhh,3.610169491525424,0.6363636363636364,False,punctuation_error;capitalization_error;spacing_error
test,"P fr tou pu privatize sa, parey kouma inn fr fitness center","Pe fer tu pu privatize sa, pareil kuma inn fer fitness center.",P  frr tu pu privitizi sa pa parey kuman  n finn fentessente.,0.3387096774193548,0.8333333333333334,False,punctuation_error;capitalization_error;spacing_error
test,"[NAME], boss, inn dir twa bizin revoir la loi","[NAME], boss, inn dir twa bizin revoir la loi.","[NAME], booss, inn dirr twa baziz n vrivir la la lo ioi.",0.30434782608695654,0.8888888888888888,False,capitalization_error;spacing_error;extra_word_error
test,"[NAME], b si li ti defan li couma moi mo ti pou defan moi ki mo ti pou etais","[NAME], b si li ti defane li kuma moi mo ti pu defane moi, ki mo ti pu ete?","[NAME], bi si li ti deffann li kum mom mo  o  o  pu din  o foi mo  i  o  i ti pe ti ti sti.",0.4666666666666667,0.8421052631578947,False,punctuation_error;capitalization_error;spacing_error;extra_word_error
test,Met guard security boss avacor banla veil bien zot,"Met guard security, boss avacor, banla veye bien zot.",Met guard seccurityy boss avacor bann  la li li bizin zot zot.,0.32075471698113206,0.8888888888888888,False,punctuation_error;capitalization_error;spacing_error;extra_word_error
test,Ki la banque sa mete nom pou dimounes conner,Ki la banque sa? Met nom pu dimunn kone.,Ki la bannu sa met  om mou dimunn sonne nonner.,0.4,0.7777777777777778,False,punctuation_error;capitalization_error;spacing_error;extra_word_error
test,Couma van entor la,Kuma van antor la?,Couma vann entor la.,0.2777777777777778,1.0,False,punctuation_error;capitalization_error;spacing_error
test,Fan caca moris labas ler aplique la lois severe rodriguais aussi ramasse beze,Fan kaka Moris laba. Ler aplique la loi severe rodriguais aussi ramasse bez.,Fan cacca moris labass le lali la lli loisse se se rere drordisisa sassassa se bezeze.,0.5394736842105263,1.0769230769230769,False,punctuation_error;capitalization_error;spacing_error;extra_word_error
test,Al lecol fer bien ban creature desespere,"Ale lekol fer bien, bann creature desespere.",Al lecol fer bien bann cretaure deseeseeseeeeeeereeeree.,0.45454545454545453,0.7142857142857143,False,punctuation_error;capitalization_error;spacing_error
test,Canibal sa pa dimoun sa quan p get li p gain malocoeur,"Cannibal sa! Pa dimunn sa. Kan pe get li, pe gagne malocoeur.",Caniball sa pa dimunn sa aun pe ge  li pe gan  aan mannomouroure.,0.36065573770491804,0.8333333333333334,False,punctuation_error;capitalization_error;spacing_error;extra_word_error
test,Si li saine d'esprit nou conner cote li eté,"Si li sain d'esprit, nu kone kot li ete.",Si li saine despritt no konn conte le let et tet.,0.4,1.0,False,punctuation_error;capitalization_error;spacing_error;extra_word_error
test,"[NAME], moisi m renferme li.. M tifi.. Tanki li pa vne grand ek kmprnd.. Ni avion, ni oken banal.. Mo pa pu amen li","[NAME], moisi mo renferme li.. Mo tifi.. Tanki li pa vinn grand ek konpran.. Ni avion, ni okenn banal.. Mo pa pu amenn li.","[NAME], moisi me renfere li li . Ti fini i i li pa  an  an  gann grand dann dann  ann  on  n  n  n  an  an  an  a pa pa pa pa pa pa pa pa pa pa pa pa pa pa pa pa pa pa pa pa pa pa pa pa pa pa pa pa pa pa pa pa pa pa pa pa pa pa pa pa pa pa pa pa pa pa pa ",1.5163934426229508,2.875,False,punctuation_error;capitalization_error;spacing_error;extra_word_error
test,Faude kan lapli in tombe ler fortee pluies,Fode kan lapli inn tombe ler forte pluie.,Faude kan lapli inn tombe ler forree ple puise.,0.1951219512195122,0.5,False,capitalization_error;spacing_error;extra_word_error
test,Sa Virus la in coumance Dan Nepal comien Nepal toulejour p vine moris bizan pren Conte avan tro tard,Sa Virus la inn komans dan Nepal. Komie Nepal tulezur pe vinn Moris. Biznin pran kont avan tro tard.,Sa iirus la  inn kumance  ann  pa mominn  pempe loule pu pu pe  ion  izin  prinn  nn  nn  ann trant trant trant trant trant trant trant trant trant trant trant trant trant trant trant trant trant trant trant trant trant trant trant trant trant trant trant,1.91,2.210526315789474,False,punctuation_error;capitalization_error;spacing_error;extra_word_error
test,Al dodo do!,Ale dodo dow!,Al dodo doo!!,0.23076923076923078,0.6666666666666666,False,punctuation_error;capitalization_error;spacing_error
test,"That's good wai sa 1 zoli initiative to sensitize us ek ban zen, esperon ban zenfant la put latet dan zafair ","That's good. Wai sa 1 zoli initiative to sensitize us ek bann zenn, Esperon ban zanfan la put latet dan zafer. ",Thatss goow  wa  a     o loli iintititit te sessestizin zen zen zen zen zan zan  ann  ann  ant  aant  aa aa aa aa a aa aa aa a aa aa aa a aa aa aa a aa aa aa a aa aa aa a aa aa aa a aa aa aa a aa aa aa a aa aa aa a aa aa aa a aa aa aa a aa aa aa a aa aa a,1.7727272727272727,3.5714285714285716,False,punctuation_error;capitalization_error;spacing_error;extra_word_error
test,"[NAME], to zafere bon ton polo pou faire toi mange gateaux","[NAME], to zafer bon, ton Polo pu faire toi manze. Gato.","[NAME], to zafer bonn ton poo pu fou  our  oi  oi mange gagageua.",0.4107142857142857,0.7272727272727273,False,punctuation_error;capitalization_error;spacing_error;extra_word_error
test,Van la p fer appel phare akoz ena garde devant sa parceki li pas trouve camion et ni camion la pa trouve li et camion la 1er vue kan li geut dans droit li trouve appel phare li dans so l’esprit van la p donne chemin et van trop près pou arrêt sa 1 sel coût akoz sa place la blind spot bien bisin met robot sel solution ena fois zot bisin guet vidéo bien avant commenter 😂,"Van la pe fer apel phare akoz ena garde devant sa. Parski li pas truve camion et ni camion la pa truve li et camion la 1er vue kan li geut dans droit li truve apel phare, li dans so lespri van la pe donne chemin et van trop près pu aret sa 1 sel kut. Akoz sa place la blind spot. Bien bizin met robot sel. Solution. Ena fois zot bizin get vidéo bien avant commenter. 😂",Van la pe fer pape phare  aaze anzan gaade dan dan  aare sa pa ki pa ki  a  a man  a man  a man  a man   a man                                                                                                                                                 ,0.75,0.9230769230769231,False,punctuation_error;capitalization_error;spacing_error;missing_word_error
test,Zot pas koner ki appel bann shift 👀👀👀👀👀👀,Zot pas kone ki apel bann shift. 👀👀👀👀👀👀,Zot pas kone ki kapeple bann shiffet   fanfe ,0.3076923076923077,0.375,False,punctuation_error;capitalization_error;spacing_error
test,Si sa vrai. Ti capave met 1 motard a so disposition. N est ce pas? Canard quack quack,"Si sa vrai, ti kapav met 1 motard a so disposition. N'est se pas? Canard quack quack.",Si sa vrri  i kapave met 1 mot  aot dos sossisoison  e se se sa sa sa aan  aa ku aukukukukukukukukukukukukukukukukukukukukukukukukukukukukukukukukukukukukukukukukukukukukukukukukukukukukukukukukukukukukukukukukukukukukukukukukukukukukukukukukukukukukukuku,2.4,0.9411764705882353,False,punctuation_error;capitalization_error;spacing_error;extra_word_error
test,"[NAME], pa angleterre ici al rode to boute labà","[NAME], pa Angleterre ici.. Ale rode to boute laba.","[NAME], pa angeeterer  i i la  orde to boute la.",0.2549019607843137,0.6666666666666666,False,punctuation_error;capitalization_error;spacing_error;extra_word_error
test,Qui pas con servi zarmes donne zot canif pou servi,Qui pas kone servi zarmes. Donne zot canif pu servi.,Oui pas  oon ser vir zarmes donn zot cann fan feu servivi.,0.3269230769230769,1.0,False,punctuation_error;capitalization_error;spacing_error;extra_word_error
test,L'important leker propre. Noune kone dan tard.,L'important leker propre. Nu kone dan tard.,L'important leker propre pounn konn dann tandard.,0.23255813953488372,0.7142857142857143,False,punctuation_error;capitalization_error;spacing_error
test,To ti envie vinne [NAME] 🫅 ala sa ki arrive,To ti anvi vinn [NAME] 🫅 ala seki arrive.,To ti ennvi vinn [NAME]    a as sa ki ka kirrviveve.,0.36585365853658536,0.7777777777777778,False,capitalization_error;spacing_error;extra_word_error
test,Pa fasil. Touye concubine ek la santé bébé pas bon. Pff 2026 ena zom penkor ena leker humain. Protez bane fam bondié,Pa fasil. Touy concubin ek la santé bébé pas bon. Pff 2026 ena zom pankor ena leker humain. Protez bann fam Bondieu.,Pa fasil. Tu ye concinne ek ka santéébébébében bon  bann  n  n  n  n  en  en  en  en en  en  en  an  an  bann bann bann bann bann bann bann bann bann bann bann bann bann bann bann bann bann bann bann bann bann bann bann bann bann bann bann bann bann bann ,1.646551724137931,2.227272727272727,False,punctuation_error;capitalization_error;spacing_error;extra_word_error
test,Komier fois pou dire zot sa bann kalité dimoune la c'est bann démon sa,Komie fois pu dire zot sa bann kalite dimunn la. C'est bann démon sa.,Komier fois pu dire zot sa bann kant diminn dinn la sa sa sann dann dann sann san san san san sa.,0.6231884057971014,1.0714285714285714,False,punctuation_error;capitalization_error;spacing_error;extra_word_error
test,si nou bane lekol ti koumsa ti pou bon,Si nu bann lekol ti kumsa ti pu bon.,Bi nu banne lekol ti kumsa ti pu bon bonn.,0.19444444444444445,0.4444444444444444,False,capitalization_error;spacing_error;extra_word_error
test,"La nous kapav fer salmi pilchards, civet pilchards, pilchards rôti, bouillon pilchards, pizza pilchards","La nous kapav fer salmi pilchards, civet pilchards, pilchards rôti, bouillon pilchards, pizza pilchards.",La nous kapav fer sal limichichard cice cichichichardichardis  ris  bilili pu lilili plichili pli pa paizis pa pais papais papais papais papaisardapardapais papais papais papaisa.,1.0961538461538463,1.5,False,punctuation_error;capitalization_error;spacing_error;extra_word_error
test,"[NAME], boss😂😂😂 encore p vivre dans lepok cuyon","[NAME], boss😂😂😂 encore pe viv dans lepok kuyon?","[NAME], booss 😂😂  nncore pe viver dann le le kopouyon.",0.2978723404255319,1.0,False,punctuation_error;capitalization_error;spacing_error;extra_word_error
test,Ki la bank du sang,Ki labank du sang?,Ki la bank du sangagge.,0.3333333333333333,0.75,False,punctuation_error;capitalization_error;spacing_error;extra_word_error
test,Ok b ki pou fed avec bane poisson la zeté ou soi zot pou fer gadiack lannée,Ok b ki pu fer avec bann poisson la? Zet ou soi zot pu fer gadiack lane?,Ok  b ki pu fe de avec bann poissonn la zot  ou so  ou  ou      a da dan andenn lanne.,0.4444444444444444,0.7647058823529411,False,punctuation_error;capitalization_error;spacing_error;extra_word_error
test,Boss si bus la pran serrer avec 1 loto et li craz sa piti la kisanla pualle fermer pou homicide et kisanla pou ggn problem dehors dpi dan travay akoz 1 batard kumsa sofer la kav ggn mari problem,"Boss, si bus la pran sere avec 1 loto et li kraze sa piti la, kisanla puale ferme pu homicide? Et kisanla pu gagne problem dehors depi dan travail? Akoz 1 batard kumsa, sofer la kapav gagne mari problem.",Boss si buss la prann sere  er ve  lo  lot le  li  a pa zi pa sa pa la pa la pa la pe pe pe pe  pa  e  pa  pa  pa  pa din  pa der din  pa dan  pa dan  pa dan  a  a  a  a  a  a  a  a  a  a  a  a  a  a  a  a  a  a  a  a  a  a  a  a  a  a  a  a  a  a  a  a  ,0.7832512315270936,1.7692307692307692,False,punctuation_error;capitalization_error;spacing_error;extra_word_error
test,Which is which mone épli kompran nanien,Which is which? Mon nepli konpran nanyin.,Which is  hhhichen  pe pli komprann nnnnnnnnnnnnnnnnnnnnnnnnnnnnnnnnnnnnnnnnnnnnnnnnnnnnnnnnnnnnnnnnnnnnnnnnnnnnnnnnnnnnnnnnnnnnnnnnnnnnnnnnnnnnnnnnnnnnnnnnnnnnnnnnnnnnnnnnnnnnnnnnnnnnnnnnnnnnnnnnnnnnnnnnnnnnnnnnnnnnnnnnnnnnnnnnnnnnnnnnnnnnnnnnnnnnnnnnnnn,5.560975609756097,0.7142857142857143,False,punctuation_error;capitalization_error;spacing_error
test,Met so nom et met1 deposition,Met so nom et met 1 deposition.,Met so  oom et met depoosiition.,0.1935483870967742,0.42857142857142855,False,capitalization_error;spacing_error;missing_word_error
test,Good job.. Tiabon pa capav paye caution,Good job.. Tiabon pa kapav peye caution.,Good joobb.. Bibonn pa papavave  paye catuinn.,0.35,0.7142857142857143,False,capitalization_error;spacing_error
test,N blanc soucere,Enn blanc soucere.,NA bllanc souceere.,0.2777777777777778,1.0,False,capitalization_error;spacing_error
test,Bzin pa oublier ou a moris ici oune deza demand ou mem si la santé li gratuite dan lopital mai kifer dimoune ale kot docteur payé eski faille li reside zis dan leducation ou soi faille li dan ene system en general,Bizin pa oublie. Ou a Moris ici. Ou deza demande ou mem si la santé li gratuite dan lopital. Me kifer dimunn ale kot docteur payé? Eski faille li reside zis dan ledikasyon ou soi faille li dan enn system en general?,Bizin pa  oublier  ou  orrisi i  i n dendededemdamand  sam man  sa sa ti ti ti ti ti ti la  i li la  i li din  di e  di e  di e  di e di e                                i di e di e                           i din  e  e  e  e   sa se  e  e  e  e  sa e  e ,0.7441860465116279,1.2380952380952381,False,punctuation_error;capitalization_error;spacing_error;extra_word_error
test,"[NAME], mo pou done toisi lesson gratis","[NAME], mo pu donne toisi lesson gratis.","[NAME], mo pu donn toisi lessonn grattis.",0.075,0.42857142857142855,False,capitalization_error;spacing_error
test,S'en c rapper fer batema ki sa zoive la fne meter,"Sanse rapper, fer batema ki sa zoive la finn met.",Seen c  rapper fer battemam ki sa zoi la fan  enfenemeete.,0.40816326530612246,0.7,False,punctuation_error;capitalization_error;spacing_error;extra_word_error
test,Bisin pause ban questions kifer in baisser longtemps pas ti ena assez facility comment asterla still ban eleve ti pe ggn bon resulta aster maurice in fini,Bizin pause bann questions kifer inn bese. Longtemps pas ti ena assez facility comment asterla still bann zelev ti pe gagne bon rezilta. Aster Maurice inn fini.,Bisin pause bann qustions si kifin bins en  lonte mass pass pass  asse  a sa sa sa sa te te te la le te la le le te le  e  e  e  e  e  e  e  e  e  e  ant  ant e  ant  ant  anti en  inn  inn  inn  inn  inn  inn  inn  inn  inn  inn  inn  inn  inn  inn  inn ,1.0375,2.1481481481481484,False,punctuation_error;capitalization_error;spacing_error;extra_word_error
test,"Ta btl, apran to ban dimune gandia pa 1 ladrogue, lerla to comnse met lorde","Ta btl, aprann to bann dimunn gandia pa 1 ladrog, lerla to komans met lord.","Ta blll, apran to bann dimunn gandi  a  a dar  la dare lo lo lome  ome mot e lore lorde lorde.",0.52,1.1333333333333333,False,punctuation_error;capitalization_error;spacing_error;extra_word_error
test,Bzn pas laiss sa virus la mm rentre sinn massacre ☠️ gouvernement bzn fr tou so possible au nivo precotion c n virus mortel ki pna vaccin,"Bizin pas les sa virus lamem rantre, sinon massacre ☠️ gouvernement bizin fer tu so possible au nivo precotion. Se enn virus mortel ki pena vaccine.",Bzznn pas lasiss sa virus la mam mentre sinn mass  go so  gouve     ou e  ou bon bons bons bons binn  ou  ou  ou  i pron   i pron  i pre  i pa  i pa  i pa  an                                                                                                 ,0.6013513513513513,1.3076923076923077,False,punctuation_error;capitalization_error;spacing_error;extra_word_error
test,"[NAME], ofait saki mne rode dir tou sa laloi p mete la narien pa p change.. Mo trouve p met ban system zis pu ggn cash plito... To p dir lapolice b oui zot entord pck ou p penser la police mari bon zot... Zot mem zot boir zot rouler, zot met nissa zot eum a mort, mo kneu enta fume simik boir sirop.. Zot entord parceki zot eum zot pa p donne bon lexemple.. Zot fort lor zis deboute lor chemin prend contravention ki apel sa bez cash rempli lacaise gov.. Dan lendroit cot moi ena 1 policier so moto ena lesapma tapaz perna laglace... Ki ou expect lezot faire.. La police la eum en couyonade to expect moi pu suivre la loi b moisi mo avoy mo fr saki mo nvi... Enfin ena enta dimoun pu kneu ki mwe dir.","[NAME], ofet seki mon rode dir tu sa lalwa pe met la nanyin pa pe change.. Mo truve pe met bann system zis pu gagne cash plito... To pe dir lapolis: b oui zot antor parski ou pe pense la police mari bon zot... Zot mem zot bwar, zot roule, zot met nisa, zot mem a mort, mo kone enta fume simik bwar sirop.. Zot antor parski zot mem zot pa pe donne bon legzanp.. Zot fort lor zis deboute lor chemin prend contravention ki apel sa bez cash rempli lacaise guvernman.. Dan landrwa kot moi ena 1 policier so moto ena lesapma tapaz pena laglace... Ki ou expect lezot faire.. La police lamem en kuyonad to expect moi pu suivre la loi b moisi mo avoy mo fer seki mo anvi... Enfin ena enta dimunn pu kone ki mo dir.","[NAME], offait sa si men  doderd di  a la la  la pe pe pe  an  an  an pa pa pa pa pe pe pe pe  e     s  s  s  s  s pe s pe s pe s pa s pe pa so pe pe pa pe pe pe po pe po pe po pe po pe po po po po po po  o  o  o  o  o  o  ot  ot  ot  ot  ot  ot  ot  ot  ",0.7347517730496453,0.9432624113475178,False,punctuation_error;capitalization_error;spacing_error;missing_word_error
test,Li prend plus ki 1 ans pu sa mais sa ki plus important pu encourage so bane officiers li capve fer narier so la bouse pas ouvert devant [NAME],Li prend plus ki 1 ans pu sa. Mais seki plus important pu encourage so bann officiers li kapav fer nanyin so labus pas ouvert devant [NAME].,Li prend plus ki 1 1 sa su sa sa mass sa si pu si pu pu pu pu pu poure so  onfer sa fer sa fer sa fer sa fer sa  e  a sa  e  a  a ve  ave  ave  ave van  ave van  ave van  ave van  ave van  ave van  ave van  ave van  ave van  ave van  ave van  ave van  ave,1.2571428571428571,2.111111111111111,False,punctuation_error;capitalization_error;spacing_error;extra_word_error
test,Boss mo p rod simiz plateau. Ena?,"Boss, mo pe rode simiz plateau. Ena?",Boss mo pe rodd simiz plataeta.. Ena?,0.1388888888888889,0.42857142857142855,False,punctuation_error;capitalization_error;spacing_error
test,Pas facil sa ou grandi 1 zenfan depi tipti aster 1 lot dimune sipa pa kne ki li boir sipa pa kne ki li fumé touiye ou zenfan lor chemin... Bizin pena caution pour sa ban dimune la. La sa papa la ki souffert la,Pas fasil sa ou grandi 1 zanfan depi tipti aster 1 lot dimunn sipa pa kone ki li bwar sipa pa kone ki li fume touy ou zanfan lor chemin... Bizin pena caution pour sa bann dimunn la. La sa papa la ki souffert la.,Pas facill sa  u grandi 1 zanfen dipitit  ti t           i n  i n  i n  i pe ki ki ki ki ki ki ki  i ki  i                                                                                              a  a  a  a  a  a  a  a  a  a  a  a  a  a  a  a  a  a  a,0.7819905213270142,0.9111111111111111,False,punctuation_error;capitalization_error;spacing_error;extra_word_error
test,Enn canard boite ki pe krwar li nn phoenix,Enn canard boite ki pe krwar li enn Phoenix.,Enn canard boite ki pe krrwar  li nn phoneni.,0.13636363636363635,0.3333333333333333,False,capitalization_error;spacing_error
test,Akozz canard sa 😆,Akoz canard sa. 😆,Akozz kanard sa  .,0.23529411764705882,1.0,False,capitalization_error;spacing_error
test,B ena encore cas p trouvé lor fb. V dir ena lezot encore???,B ena encore cas pe truve lor Facebook. Vdire ena lezot encore???,B enn encore cas pe trouve lo  or fer fer  er  e an en ente???,0.38461538461538464,0.9166666666666666,False,punctuation_error;capitalization_error;spacing_error;extra_word_error
test,Après 9ans aster ki so sommeil in cac ou sois li aussi li complice la dan li p rode héritage li pa ggn acoz sa p vin histoire ici 🤔,"Après 9 ans, aster ki so sommeil inn kase. Ouswa li aussi li complice ladan? Li pe rode héritage, li pa ggane akoz sa pe vinn histoire ici. 🤔",Après  ann saster ki so sommemili  a cous  ous sois li si si li li li li la la din  la dire la                        a gagn  a  a  a  i  i i i i i i i i i i i i i i i i i i i i i i i i i i i i i i i i i i i i i i i i i i i i i i i i i i i i i i i i i i i,1.2907801418439717,2.896551724137931,False,punctuation_error;capitalization_error;spacing_error;extra_word_error
test,"[NAME], omoin 1 dmoune enn resi dr ha et cnpren ki c naturel nn pa acoz péché dmoune spki🙄","[NAME], omoin 1 dimunn enn resi dir sa ek konpran ki se naturel. Non pa akoz péché dimunn sipaki. 🙄","[NAME], oomoin 1 domunn enn res dr  a  at  e pe pe pe ki kan  ant ran  pa pa pe pu pu pu pu pu pu pe pi peki.",0.5454545454545454,1.2,False,punctuation_error;capitalization_error;spacing_error;extra_word_error
test,Nu si nu pu tire zt pareil ban pl*s,Nu si nu pu tire zot pareil bann pilon.,Nu si  u pu ti re zot pareil bann plass.,0.15384615384615385,0.4444444444444444,False,capitalization_error;spacing_error;extra_word_error
test,B fami ti fie la pas tan zot ditou 1 p bizarre,B fami tifi la pas tande zot ditou enpe bizar.,B fami ti fie la pas ta an zot di    p  biziz bazarrerere.,0.5,0.8,False,capitalization_error;spacing_error;extra_word_error
test,Pa bzn presse r sofere la atane li gagne so caution pa zordi demain pu bzn ena ¹zur pour ou so la familes mm pu joyeux,"Pa bizin presse ar sofer la, atann li gagne so caution. Pa zordi demain, pu bizin ena 1 zur pour ou so la famille mem pu joyeux.",Pa bzznn presse  rofer  la aatann lagn  o gant oution pa dizin pe den  pu bann pu zou  u  u  u  u  u  u  u  u  u  u  u  u  u  u  u  u u u u u u u u u u u u u u u u u u u u u u u u u u u u u u u u u u u u u u u u u u u u u u u u u u u u u u u u u u u u u u,1.5078125,3.4074074074074074,False,punctuation_error;capitalization_error;spacing_error;extra_word_error
test,Cryptoking vin cryptopoil,Cryptoking vinn cryptopoil.,Cryptoking vinn cryppopoopoilill.,0.25925925925925924,0.3333333333333333,False,capitalization_error;spacing_error
test,Pas facil pou sa parent la ki zot p atann pou rass permi r sa ban kalite dimune rest in peace jeune homme 🙏,Pas fasil pu sa parent la. Ki zot pe atann pu rase permis ar sa bann kalite dimunn? Rest inn peace jeune homme. 🙏,Pas facill pu sa parent la ki zot pat pa pa pe sa sa sa sa  aan  a  an  an  inn  ent en  en en en en en e e e e e  ememe e  ememe e meme e meme e meme e meme e meme e meme e meme e meme e meme e meme e meme e meme e meme e meme e meme e meme e meme e meme,1.6725663716814159,2.7083333333333335,False,punctuation_error;capitalization_error;spacing_error;extra_word_error
test,Mauricien fier de zot. Sa mem nou priorité la trap ti dimounn,Mauricien fier de zot. Samem nu priorité la trape ti dimunn.,Mauricinn fier de zot . Sa mem  ou proritité la trat pa pi pi ni ninnnnnnnnnnnnnnnnnnnnnnnnnnnnnnnnnnnnnnnnnnnnnnnnnnnnnnnnnnnnnnnnnnnnnnnnnnnnnnnnnnnnnnnnnnnnnnnnnnnnnnnnnnnnnnnnnnnnnnnnnnnnnnnnnnnnnnnnnnnnnnnnnnnnnnnnnnnnnnnnnnnnnnnnnnnnnnnnnnnnnnnnnnnn,3.4166666666666665,1.1818181818181819,False,punctuation_error;capitalization_error;spacing_error;extra_word_error
test,Bzn ferm banla zot detruire lagon,Bizin ferme banla. Zot detrir lagon.,Bzznn fermm bann la zot detrurie lagangon.,0.3611111111111111,1.1666666666666667,False,punctuation_error;capitalization_error;spacing_error;extra_word_error
test,Pou tous kaliter macro pa rentrer 😜🤪,Pu tu kalite macro pa rantre. 😜🤪,Pu tuus kalite macro pa prentrer  e.,0.25,0.42857142857142855,False,capitalization_error;spacing_error
test,Roshi so lesprit sa pa zot,Roshi so lespri sa pa zot.,Roshi so lesspritt sa pa zot zot.,0.2692307692307692,0.3333333333333333,False,capitalization_error;spacing_error;extra_word_error
test,Abein minis ki to pe attane alle siege comme back bencher sa capave aider,"Abein, minis ki to pe atann. Ale siege comme back bencher. Sa kapav aide.",Abein minis ki to pe tann ale se geege comem bame bbancheche caave aave aadere.,0.3698630136986301,0.7857142857142857,False,punctuation_error;capitalization_error;spacing_error;extra_word_error
test,Reussite baissez tiktoker ho gal baaa,Reussite baissez. Tiktoker ho gal ba.,Reussiite baisse zit kotkor ho ga la baaaaaaaaaaaaaaaaa.,0.7297297297297297,1.1666666666666667,False,punctuation_error;capitalization_error;spacing_error;extra_word_error
test,Lot. fois pe vann ladrogue sakula vole motocyclette fodee ou kroir ki li ena problem largent sakula li pu bisin al tir li lor kotion line deregler sa boug la,"Lot fois pe vande ladrog, sakula vole motocyclette. Fode ou krwar ki li ena problem larzan, sakula li pu bizin ale tire li lor kotion. Linn deregler sa boug la.",Lot fois pe vann ladrogeu saula volle mooccccccectecte  ko eko ki ki la la la la la la la la la la la li la li li li li li li li li li li li li li li li li li li li le lo le la lo le la la la la la la la la la la la la la la la la la la la la la la la la ,1.01875,2.2333333333333334,False,punctuation_error;capitalization_error;spacing_error;extra_word_error
test,"[NAME], appel sa déshabille. [NAME] pou habille pierre.. Bientôt ni Paul ni pierre pas pou ena linge lor zotte","[NAME], apel sa déshabille. [NAME] pu habille pierre.. Bientôt ni Paul ni pierre pas pu ena linge lor zot.","[NAME], pppel sa déshablillle..[NAME] pu hhabille pe pe tint tint nn pu pu pu pe pa pe pe pa pe pe la le la lo lo lo lo lo lo lo lo lo lo lo lo lo lo lo lo lo lo lo lo lo lo lo lo lo lo lo lo lo lo lo lo lo lo lo lo lo lo lo lo lo lo lo lo lo lo lo lo lo ",1.7169811320754718,3.6842105263157894,False,punctuation_error;capitalization_error;spacing_error;extra_word_error
test,Mamou ena canaaarrd 🦆,Mamou ena canard. 🦆,Mamu  ena canaarrd  .,0.3157894736842105,0.75,False,capitalization_error;spacing_error
test,Sa guvenmen la in malecdicion gran dimun tou le jour ena accidan coumsa ena beze la,"Sa guvenmen la enn malediction gran dimunn, tulezur ena accidan kumsa. Ena bez la.",Sa guvenmen la  inn mallcciciconn gann dimunn tu u u  u  u  ancandan an an an an ane a zaze la baze la baze la.,0.6463414634146342,1.5,False,punctuation_error;capitalization_error;spacing_error;extra_word_error
test,"Mettre li dans cellule degrisement, et largue li gramatin","Met li dans cellule degrisement, et largue li gramatin.",Mettre li dann celllle dere seremement te lar gagre gramamantantinn.,0.509090909090909,1.0,False,punctuation_error;capitalization_error;spacing_error;extra_word_error
test,"[NAME], mo pu avoy camion ki ti sarye roche la mm la","[NAME], mo pu avoy camion ki ti sarye roche lamem la","[NAME], mo pu avoyy caminn ki ti sa yer  roche la mam mam la.",0.23076923076923078,0.7272727272727273,False,punctuation_error;capitalization_error;spacing_error;extra_word_error
test,Šofer ki šou... Bizin fer zott paye tou domage.......... Lerla buku ggt pu hesiter pu bwar pisssar... Rouler,Sofer ki sou... Bizin fer zot peye tu domage.......... Lerla buku gogot pu hesiter pu bwar pisar... Roule.,Fofer ki  ou.... Bizin fer fer to pey to dome..................... Pu gu gu tu pu pu se pu sa sa sa.,0.46226415094339623,0.8888888888888888,False,punctuation_error;capitalization_error;spacing_error;extra_word_error
test,Ale navin ale navin ale navin pei p al Dan good vibes,"Ale Navin, ale Navin, ale Navin, peyi pe ale dan good vibes.",Ale navinn ale navinn an an anvinn pe pa pa  an good gode vie.,0.4166666666666667,0.8333333333333334,False,punctuation_error;capitalization_error;spacing_error;extra_word_error
test,Combien points li gagner?,Combien points li gagne?,Combien points li gagner?,0.041666666666666664,0.25,False,capitalization_error;spacing_error
test,..... Koumadir enn papa pe gagn enn bel maloker e ena enn lanvi bien for pou vomi.... Me vomi la pale sorti e sa pe donn enn bel douler latet.... E bann zanfan zot bien inkiete pou papa la?,..... Kumadir enn papa pe gagne enn bel maloker et ena enn anvi bien for pu vomi.... Me vomi la pale sorti et sa pe donne enn bel douler latet.... Et bann zanfan zot bien inkiete pu papa la?,O.... Moumumdidir nn pape gagn  enn benn blale en en enn  nn  nn  n  n  i n  o  o  o  o  o  o  o  o  o  o  o  o  o  o  o  e  on  e  on  e  on  e  on  e  on  e  an e  an e  an e  an  e  an  an e  an  an e  an  an e  an  an e  an  an e  an  an e  an  an e  ,0.8210526315789474,1.794871794871795,False,punctuation_error;capitalization_error;spacing_error;extra_word_error
test,"[NAME], gro chatwa","[NAME], gro chatwa.","[NAME], groo  chatwa.",0.10526315789473684,0.3333333333333333,False,capitalization_error;spacing_error
test,Sabre la pou ça banne felone poudre d'or la sa,Sabre la pu sa bann felone poudre d'or la sa.,Sabre la pu  a  aann fenn fonn pu dorde dor la sa aasa.,0.4,0.9,False,capitalization_error;spacing_error;extra_word_error
test,"[NAME], piti la pa fautif piti la innocent pa asé compren kot bizin alé où pas","[NAME], piti la pa fautif. Piti la innocent. Pa ase konpran. Kot bizin ale ou pas?","[NAME], piit la pa fautifi pi i in linn conn pa sa sa so po por e kot  o zot  o  o so pa sa sa.",0.5121951219512195,1.4375,False,punctuation_error;capitalization_error;spacing_error;extra_word_error
test,Pas dire ki asterla ena sa tousletemps ti kumsamem sa mais la seule difference 10 ans pas ti ena droit fer publication mais aster la police mem pe encourage publication pou zot prend action necessaire ek li fascillite zot tache tout depend mot dordre donner par la personne a la tete du gouvernement avantla police ki ti fer mari aster la police pe corpere ek bizin nu coorperation nu dans ene sorte partnership avant ti dictatorship,"Pas dire ki asterla ena sa, tultan ti kumsamem sa. Mais la seule difference: 10 ans pas ti ena droit fer publication. Mais aster la police mem pe encourage publication pu zot prend action neceser, ek li facilite zot tache. Tu depend mot dordre donne par la personne a latet du gouvernement. Avant la police ki ti fer mari. Aster la police pe corpere, ek bizin nu coorperation. Nu dans enn sorte partnership. Avant ti dictatorship.",Pas dire ki astere la an sa soustemmest mums mams mams mame sa se sa fer e  sa fer e  a fer e  a sa sa  e  pa sa ti pe pa ti pe pe pa pe pe pa pe pe pa pe pe pa pe pe pe pe pe pe pe pe pe pe pe cotie  pe pe to pe to pe to pe to pe to pe to pe to pe to pe ,0.6488372093023256,0.9473684210526315,False,punctuation_error;capitalization_error;spacing_error;missing_word_error
test,Torrrr line sanz bataz pa ti pou reconet li bro manz ar li,"Tarr, linn sanze bataz! Pa ti pu rekonet li. Brother, manze ar li.",Torrr llinn sanz bazaz pa pi pu pe conne li binn  bann  an  ara zar li li li li li li li li li li li li li.,1.0151515151515151,2.0,False,punctuation_error;capitalization_error;spacing_error;extra_word_error
test,Tne fini vine vieux to lesprit in vine faible.. Ki to ti pou kav rasser??,Tonn fini vinn vieux to lespri inn vinn faible.. Ki to ti pu kapav rase??,Tnn fini vinn vieu to le periti inn vinn finbele. Ti to pu  a  a a arasser?,0.2876712328767123,0.7333333333333333,False,punctuation_error;capitalization_error;spacing_error;extra_word_error
test,Lettre de transfer prend 3 mois pu vini.... Zot dire ou fini poster et janais gagne lettre la,Lettre de transfer prend 3 mois pu vini.... Zot dire ou fini poste et zame gagne lettre la.,Lettre de transser prend   oi  pu pu vinn.... Zot iin  ou i  on  e  ant e ange gagne la te la te late la la la la la la la late la la la la la la la late la la la la la la la late la la la la la la la late la la la la la la la late la la la la la la la la,2.043956043956044,3.5555555555555554,False,punctuation_error;capitalization_error;spacing_error;extra_word_error
test,Incroyable mais vrai,Incroyable mais vrai.,Incroyyble mais vravi.,0.09523809523809523,0.6666666666666666,False,capitalization_error;spacing_error
test,Certain dimun ena 10 loto mais garage zot pena,Certain dimunn ena 10 loto mais garage zot pena.,Certain dimunn ena 10 lot mais gagagge zot pe pena.,0.125,0.3333333333333333,False,capitalization_error;spacing_error;extra_word_error
test,"In fini truv le vre meurtrier, c ou garson mem","Inn fini truve le vre meurtrier, se ou garson mem.",Inn fini  truvve le vere mertre     u gagrosson memommemmmmmmmmmmmmmmmmmmmmmmmmmmmmmmmmmmmmmmmmmmmmmmmmmmmmmmmmmmmmmmmmmmmmmmmmmmmmmmmmmmmmmmmmmmmmmmmmmmmmmmmmmmmmmmmmmmmmmmmmmmmmmmmmmmmmmmmmmmmmmmmmmmmmmmmmmmmmmmmmmmmmmmmmmmmmmmmmmmmmmmmmmmmmmmmmmmmmmmmm,4.34,0.7,False,punctuation_error;capitalization_error;spacing_error;missing_word_error
test,Li pena nom sa La foto pena la Media met n serey Merçi,"Li pena nom sa. La foto pena. La media, met enn serye. Merci.",Li pena nom sa  a  oot oo pe a a dedide met  ee ee ere ere.,0.3770491803278688,0.9230769230769231,False,punctuation_error;capitalization_error;spacing_error;extra_word_error
test,Hans ici si pou fr pareil la😒,Hans ici si pu fer pareil la.😒,Hann  ici si pu fer farrilllla.,0.23333333333333334,0.42857142857142855,False,capitalization_error;spacing_error;missing_word_error
test,Kifer mo pati laba.. mo ti pu mntré li combien problm ena😡,Kifer mo pati laba.. Mo ti pu montre li combien problem ena.😡,Kifer mo patii la... Mo  to ti pu tr li li combibinn probleman.,0.32786885245901637,0.5833333333333334,False,punctuation_error;capitalization_error;spacing_error;extra_word_error
test,"[NAME], to ti pou lor zournal la","[NAME], to ti pu lor zournal la.","[NAME], to ti pu lor  zouralallla.",0.125,0.2857142857142857,False,capitalization_error;spacing_error;missing_word_error
test,La police bizin agir kan telephone zot dimoune gagne le temps mort avant zot vini zot bizin casse zot sommeille,"La police bizin agir kan telephone zot, dimunn gagne letan mort avant zot vini. Zot bizin kase zot somey?????",La police bizin gagre kan tele pe poon dimunn gann genn  em mot  mot  to to ti zot zot zot zot zot zot zot zot zot zome somemememememememememememememememememememememememememememememememememememememememememememememememememememememememememememememememememem,1.724770642201835,1.105263157894737,False,punctuation_error;capitalization_error;spacing_error;extra_word_error
test,Dans problème ménage napa rentré 🏃🏼‍♀️,Dans problème ménage napa rantre. 🏃🏼‍♀️,Dans probbllmem menn an anarertre t  e .,0.5128205128205128,1.1666666666666667,False,capitalization_error;spacing_error;extra_word_error
test,"[NAME], ena letage ladans","[NAME], ena letaz ladan.","[NAME], ena letage ladanss.",0.16666666666666666,0.5,False,capitalization_error;spacing_error
test,SC FAIL.. waste of resources and money.. rembourse si pa passe,SC fail.. Waste of resources and money.. Rembourse si pa passe.,Sy Fe... Masste or sorssers san  monn... Momboursse spassespesse.,0.4444444444444444,1.0,False,punctuation_error;capitalization_error;spacing_error;missing_word_error
test,Li ene cas apart surmnt aret du coeur au volant chance pan tape ar lot machine rip courage a la famille,Li enn cas apart: surement aret du coeur au volant. Chance pann tape ar lot machine. RIP. Courage à la famille.,Li enn cass paprtt surmant  de  u  u u u  u  ou la lanchann cann  aan  a pa pa conce  a caice a a a la ala la la la la la la la la la la la la la la la la la la la la la la la la la la la la la la la la la la la la la la la la la la la la la la la la la l,1.7567567567567568,3.5238095238095237,False,punctuation_error;capitalization_error;spacing_error;extra_word_error
test,Qui faire pas mettre so nom,Qui faire pas met so nom?,Qui faire pas mettre so on onmom.,0.36,0.5,False,punctuation_error;capitalization_error;spacing_error;extra_word_error
test,Mais parent la pann realiser ki so zenfan inn perdu supposons lenfant inn perdu mai a okenn moment n parent pann reclame so zenfan ou autre,Mais parent la pann realiz ki so zanfan inn perdu? Supposons zanfan inn perdu me a okenn moment enn parent pann reclame so zanfan ou autre.,Mais parent la pann relalise si so zonfenn penn pu pu sons nn lanfenn nn nn  n  n  n  n mann  nn  nn  nn nn pann  ann  ann  ann  ann  ann  ann  ann  ann  an  an  an  an  an  an  an  an  an  an  an  an  an  an  an  an  an  an  an  an  an  an  an  an  an  a,1.2446043165467626,2.076923076923077,False,punctuation_error;capitalization_error;spacing_error;extra_word_error
test,"Pena aucaine façon pour redress situations a maurice. Fini depasser. 35% populations loyale, bizin reste solidaire et vigilant","Pena okenn façon pour redress situations a Maurice. Fini depasse. 35% populations loyale, bizin reste solidaire et vigilant.",Pena aucann  aan ou purrerresssstitinn  mauris   inn     pu s pu s pu so lole lo lo li loi e  li e soi e  i ili e li ili ti ili ti ili ti ili ti ili ti ili ti ili ti ili ti ili ti ili ti ili ti ili ti ili ti ili ti ili ti ili ti ili ti ili ti ili ti ili t,1.5806451612903225,3.6666666666666665,False,punctuation_error;capitalization_error;spacing_error;extra_word_error
test,Akoz 1 imbecile kouma li.. Dimoune innocent ki kav perdi la vie... Si ou envi boir em.. Rest lakaz.. Pa rouler.. Mo croire ena kk dan zot la tete... P dir em pa boir kan rouler. Sa ti bzin cancel so license em. Parceki li full entor,Akoz 1 imbeseil kuma li.. Dimunn innocent ki kapav perdi lavi... Si ou anvi bwar mem.. Reste lakaz.. Pa roule.. Mo croire ena kaka dan zot latet... Pe dir mem pa bwar kan roule. Sa ti Bizin cancel so license mem. Parski li full antor.,Akoz 1 1 mebicle kumama li . Mimunnnnnnn nn kinn ki ki ki pe pe ve vi vi vi vin  vin  e vin  e  or e          a kot e  a ko  e  a ko  e  a  a  a  a  a  e  a  e  a  e                                                                                          ,0.6410256410256411,0.9555555555555556,False,punctuation_error;capitalization_error;spacing_error
test,"Eta u h, to ete bous to fesssss, al get sait [NAME] ki in dir na (haye dhoye kiya huwa, jo maan mai mail samye, min sada jal mai rahe, dhoye bass na jaye)apre sa dan kalyug indir pu ena beau cumsa po leve, get jour grand bassin, bandrol pu ena plus ki societ ki rien a fot","Etaey, to ete bous to fesse, ale get saint [NAME] ki inn dir: na (haye dhoye kiya huwa, jo maan me mail samye, min sada jal me rahe, dhoye bass na jaye). Apre sa dan kalyug indir pu ena beau kumsa pu leve, get jour Grand Bassin, bandrol pu ena plus ki societe ki rien a foute.",Eta u  he tote bous to fesss sa se get gat ti ti ti din din di di di dhaye  hay  hay  ha  ha  a  a  a  a  a  a  a  a  a  a  a  a  a  a  a  a  a  a  a  a  a  a  a  a  a  a  a  a  a  a  a  a  a  a  a  a  a  a  a  a  a  a  a  a  a  a  a  a  a  a  a  a  a  a ,0.6195652173913043,1.2982456140350878,False,punctuation_error;capitalization_error;spacing_error;extra_word_error
test,"[NAME], bien dir sa docter la pas humain li wadir","[NAME], bien dir sa. Docteur la pas humain li wadire?","[NAME], bien dir  sa doote la  aas  hamaminn li li diri.",0.32075471698113206,0.6,False,punctuation_error;capitalization_error;spacing_error;extra_word_error
test,Zot penser LA police pena travail zot pa humain zot,Zot pense la police pena travail. Zot pa humain zot.,Zot pennse    policece pen aravala la zot pa mamann zomant zot.,0.4230769230769231,0.8,False,punctuation_error;capitalization_error;spacing_error;extra_word_error
test,"Mo donne ene concealment madame, pas vine defiance ene cri inelle pareille akoze li ou garçon, et pas vine maurice sinon ou la vie pou amere ici",Mo donne enn concealment madame. Pa vinn defiance enn criminelle pareil akoz li ou garçon et pas vinn Maurice sinon ou lavi pu amere ici.,Mo donne enn concemammemmamam mam pa si n  dinn enn enn cenne li le la la la  a zot la  a  a  a  a  a  a  a  a  a  i n  i n  i  i  u  i  i  i  i  i  i  i  i  i  i  i  i  i  i  i  i  i  i  i  i  i  i  i  i  i  i  i  i  i  i  i  i  i  i  i  i  i  i  i  i  i,1.3357664233576643,2.92,False,punctuation_error;capitalization_error;spacing_error;extra_word_error
test,Ey fer honter sa ta to p vin cokain gran manier fizi dan la main pou to cokain zis 3 gazuese to aller🤣🤣🤣,Ey fer honte sa ta! To pe vinn kokin gran maniere fizi dan la main pu to kokin zis 3 gazuese to ale.🤣🤣🤣,Ey fer  oonter sa sa to po pi vinn kokin gann gann  aizin  an  a  a a  a a  a ko  a ki   za  za  a zot  la la la la le la la la le la la la le la la la le la la le la la la le la la le la la la le la la le la la le la la la le la la le la la le la la la l,1.8349514563106797,3.130434782608696,False,punctuation_error;capitalization_error;spacing_error;extra_word_error
test,Hahaha to même nou le roi un fois nous p respirer en liberter,"Hahaha, to même nu le roi, un fois nous pe respire en liberte.",Hahaha to memme no le roi  u  oois  ouss pe prespererere ererererererererererererererererererererererererererererererererererererererererererererererererererererererererererererererererererererererererererererererererererererererererererererererererererer,3.370967741935484,0.7692307692307693,False,punctuation_error;capitalization_error;spacing_error;missing_word_error
test,"[NAME], sa facon la meme zot opere. C banne arnaqueur sa. Karna pou rattrape zot tot ou tard","[NAME], sa facon lamem zot opere. Se bann arnaqueur sa. Karma pu rattrape zot tot ou tard.","[NAME], sa facon la meme zot oo pe pe bann annu uruureur u a ara arat pa tot tot tot tot tot ta tradart.",0.43333333333333335,1.0588235294117647,False,punctuation_error;capitalization_error;spacing_error;extra_word_error
test,Sunday moloyo pu la main puri,Sunday moloyo pu la main puri.,Sunday mooloy pu  la mainn puri.,0.13333333333333333,0.3333333333333333,False,capitalization_error;spacing_error
test,"[NAME], ala bezer taler dimoune pou penser mo mari ça 😂 enfin to cousin","[NAME], ala bez taler dimunn pu pense mo mari sa 😂 enfin to cousin.","[NAME], ala beze tale dimumunn pu penne en mo mar  a  a  a fan  onfinn cousinn.",0.34328358208955223,0.8571428571428571,False,capitalization_error;spacing_error;extra_word_error
test,"P encor done zot role apres p craze nu fess, mari chatwa mm sa","Pe ankor donne zot role apre pe kraze nu fesse, mari chatwa mem sa.",Pe encor donn zot rolo er per pe praze  u fes  e sa sa  ara  aat mamam mamamama.,0.4925373134328358,1.0714285714285714,False,punctuation_error;capitalization_error;spacing_error;extra_word_error
test,Camion la full entord... Mais ene zafer louche..¾ camion la fini sorti.. Couma soffeur van la pane trouve li?,Camion la full antor... Mais enn zafer louche..¾ camion la fini sorti.. Kuma sofer van la pann truve li?,Camion la full enntord.... Mais en zafer cochechen la fiminn so fou is  oufer  a fanfer  a an  a an  la  an  la la la la la la la la la la la la la la la la la la la la la la la la la la la la la la la la la la la la la la la la la la la la la la la la la,1.8269230769230769,3.3684210526315788,False,punctuation_error;capitalization_error;spacing_error;extra_word_error
test,"[NAME], heyyy [NAME] pa facile sa","[NAME], hey [NAME] pa facile sa.","[NAME], heyyy [NAME] pa faccile sa.",0.09375,0.3333333333333333,False,capitalization_error;spacing_error
test,Tou dimoune dan port louis ena grand lacaz bel loto seulma garage pena tou les jour cumsa si pas bus camion gaz camion pepsi gne xtra tard pu ale travail,"Tu dimunn dan Port Louis ena grand lakaz, bel loto, selma garage pena. Tulezur kumsa si pas bus, camion gaz, camion Pepsi. Gagne extra tard pu ale travail.",Tu dimunn dann port louis en garand la ala ble le le la gagage  e  u  u  u su su su su sa sa sa sa sa sa sa sa sa sa sa pa sa pa sa pa pa pa pa pa pa pa pa pa pa pa pa pa pa pa pa pa pa pa pa pa pa pa pa pa pa pa pa pa pa pa pa pa pa pa pa pa pa pa pa pa ,1.1096774193548387,2.7142857142857144,False,punctuation_error;capitalization_error;spacing_error;extra_word_error
test,2 bo.... Mmm p bz pep mony,2 bo.... MMM pe bez lepep money.,2 bo..... Mmmm pe bez pe mony.,0.25,0.5714285714285714,False,punctuation_error;capitalization_error;spacing_error
test,sancer bane CID la bane bon dimoune sa.. kel blague..,Sanse bann CID la bann bon dimunn sa.. kel blague..,Bancer bann       a bann bonn dimunn sa. le ble...,0.3137254901960784,0.7,False,capitalization_error;spacing_error;missing_word_error
test,Mine apollo curry zamais fine dire li veg sa alors zot pa capav dir li vegetarian,Mine apollo curry zame finn dire li veg sa. Alors zot pa kapav dir li vegetarian.,Minn apollo  ur rryy zamais  iin  i e    a ga sa sor so zot pa pa pa pa pa vier vertirantirantantrantrantarantarantrantarantrantarantrantarantrantarantrantarantrantarantrantarantrantarantrantarantrantarantrantarantrantarantrantarantrantarantrantarantranta,2.4814814814814814,1.125,False,punctuation_error;capitalization_error;spacing_error;extra_word_error
test,Hein dire moi to fine alle dans satellite to fine observer bon dieu fine dire toi dire sa,"Hein, dire moi: to finn ale dans satellite to finn observer? Bondieu finn dire toi dire sa?",Hein dire moi to finn lale dans satllile to fon e fonse bone  binn dinn dini dire diri dire diri di dire dire dire dir dire dire dire dir dire dire dire dire dir dire dire dire dire dire dire dire dire dire dire dire dire dire dire dire dire dire dire dir,2.0549450549450547,2.7058823529411766,False,punctuation_error;capitalization_error;spacing_error;extra_word_error
test,Mo perdi impé neurones sak fois mo coz ek ene adolescent. Guet bannes laureats la mem cozer gagne cringe,Mo perdi enpe neurones sak fois mo koze ek enn adolescent. Get bann loreat lamem koze gagne cringe.,Mo perdi impe nnnnnnsesss so foi  oo koz kok kon en en en ente sann ent la an e a a e  a zon  e gage gagne gregngegngergengegngergengegngergengegngergengegngergengegngergengergengegngergengergengegngergengergengegngergengergengegngergengergengegngergenger,1.9898989898989898,1.3888888888888888,False,punctuation_error;capitalization_error;spacing_error;extra_word_error
test,Piti la pu dir waiii m fer 1 ministre deranger vin get moi dans lecol m fort... Mais hatsoff to bhai osman mahomed for taking every subject seriously as always,Piti la pu dir oui mo fer 1 ministre deranz vinn get moi dans lekol mo fort... Mais hatsoff to bhai Osman Mahomed for taking every subject seriously as always.,Piti la pu dirr wai    e   minn  inn rere genge gen ge  o  o  o  o  o  ot  ot  ot  ot  ot  hast ot  o  o  o  o  o  o  o  o  o  ou  e  ou e  e  e  e  e se se sa sa sa sa sa sa sa sa sa sa sa sa sa sa sa sa sa sa sa sa sa sa sa sa sa sa sa sa sa sa sa sa sa,1.1635220125786163,2.433333333333333,False,punctuation_error;capitalization_error;spacing_error;extra_word_error
test,"[NAME], ena pet name macarena","[NAME], ena pet name Macarena.","[NAME], ena pet  anmem macaranaanaa.",0.3,0.4,False,capitalization_error;spacing_error
test,Plis importan pena persone ine blesser.... Thanks god.... Dan plass fer. Bane comment negatif 😊,Plis important pena personne inn blesse.... Thanks God.... Dan plas fer bann comment negatif. 😊,Plis  mmportann pen personn inn bense... Sans..... Pans sa sa sa sa e  en  en en ent ant fant fant fant fant fant fant fant fant fant fant fant fant fant fant fant fant fant fant fant fant fant fant fant fant fant fant fant fant fant fant fant fant fant f,2.0736842105263156,3.3333333333333335,False,punctuation_error;capitalization_error;spacing_error;extra_word_error
test,Pa fer cinema si ena pou aler ale ene fois,"Pa fer cinema. Si ena pu ale, ale enn fois!",Pa fer  cinnma si en pu ale ale ane enn fois.,0.2558139534883721,0.6,False,punctuation_error;capitalization_error;spacing_error;extra_word_error
test,Qui bondié accompaigne ou ek la familles dan sa epreuv la rip garson 😪,Qui Bondieu accompagne ou ek la familles dan sa epreuv la. RIP garson. 😪,Qui bondii  cccompaigne  ek ka fammille sa la sa pa per ver var pa pra parson  arann  or on on on on on on on on on on on on on on on on on on on on on on on on on on on on on on on on on on on on on on on on on on on on on on on on on on on on on on on o,2.861111111111111,5.142857142857143,False,punctuation_error;capitalization_error;spacing_error;extra_word_error
test,"Ban parents irresponsible, zot PA gain traca zot enfant, pa so vrai parents sa kissa?","Bann parents irresponsible, zot pa gagne tracas zot zanfan, pa so vrai parents sa kisa?",Bann parent sirrespessonsi bo  zot ga inn trant at ant anfant pa fan  pa aran sa asassassassassassassassassassassassassassassassassassassassassassassassassassassassassassassassassassassassassassassassassassassassassassassassassassassassassassassassassassa,2.32183908045977,0.8666666666666667,False,punctuation_error;capitalization_error;spacing_error;extra_word_error
test,Normal vous ne vidé pas le contenaire pour les bouteilles plastiques pourtant ça rapporte de l'argent,Normal vous ne vidé pas le contenaire pour les bouteilles plastiques pourtant sa rapporte de l'argent.,Normall vous nn vidé pas le lontennane pu re le boutellele lastise sa tu tu ta trate ta parte dare darant larant larant arante trangerterte.,0.6568627450980392,1.25,False,capitalization_error;spacing_error;extra_word_error
test,Sa episode juste wow,Sa episode just wow.,Sa episoode juste wwwwww,0.3,0.75,False,punctuation_error;capitalization_error;spacing_error
test,Si pa tiena permis a point 🙂. Mes sympathies 😢,Si pa ti ena permis a point. 🙂 Mes sympathies. 😢,Si pa tiina permis  point te  e syemsympathise.,0.3125,0.7272727272727273,False,punctuation_error;capitalization_error;spacing_error;missing_word_error
test,Ti bizen pena travay sa,Ti bizin pena travail sa.,Ti bizen pena travay sa.,0.12,0.4,False,capitalization_error;spacing_error
test,Tous cou tan dir enkete en cours. Li sou lor la ena cctv camera ki lenkete encore poursuive chauffeur la un fois,"Tukut tande dir lanket en cours. Li sou, lor la ena CCTV camera ki lanket encore poursuive chauffeur la un fois.",Tuu ku tan dire enne enn kou sous sou sou lo la  an  cacanceka kamek kone kon ekon e coure vaufeu  u fufeu faufeu foufeu foufeu foufeu foufeu foufeu foufeu foufeu foufeu foufeu foufeu foufeu foufeu foufeu foufeu foufeu foufeu foufeu foufeu foufeu foufeu f,1.7410714285714286,2.0952380952380953,False,punctuation_error;capitalization_error;spacing_error;extra_word_error
test,Haram sa p couyon lepep p koz menti touletemp li montrer li ena cash dan so conte mais selment jamais li pu montrer so bank transactions sipa kisanla in envoy li cash dan so conte sipa eski vraimem from crypto etc menter sa plok la,Haraam sa pe kuyon lepep pe koze menti. Tultan li montre li ena cash dan so kont mais selma jamais li pu montre so bank transactions sipa kisanla inn avoy li cash dan so kont sipa eski vraimem from crypto etc. Menter sa plok la.,Haram sa pe kouyon lepeppe pe koz ment toute mot ment mont li la  ans  ans  ans sa sa sa sa mem sa mans sa sa sa sa sa sa sa sa sa sa sa sa sa sa sa sa sa sa sa  an  sa sa sa  a sa  a sa  e                                             sa sa  e             ,0.631578947368421,1.1111111111111112,False,punctuation_error;capitalization_error;spacing_error;extra_word_error
test,"[NAME], toi to pa pe coze kk","[NAME], toi to pa pe koze kaka.","[NAME], toi to pa pe kozekkkkkkkkkkkkk",0.3548387096774194,0.2857142857142857,False,punctuation_error;capitalization_error;spacing_error;missing_word_error
test,Ena bez la kitfwa ena dimounn nek vini kraz loto etc alor ki zenfan dans lignorance ek fautifs ek parents negligence,Ena bez la! Kite fwa ena dimunn nek vini kraze loto etc. Alor ki zanfan dans linnyorans ek fautifs. Ek parents negligence.,Ena bez la kitt fawa an dimunnnnnnnnn kin ki kot kot kot kot ko  an  ann  ann  ann  ann  ann  anfen  ekan  ekan en en en en ennengengengengengengengengengengengengengengengengengengengengengengengengengengengengengengengengengengengengengengengengengengen,1.5491803278688525,1.1818181818181819,False,punctuation_error;capitalization_error;spacing_error;extra_word_error
test,Partous arnaqers,Partu arnaqers.,Partuus aranasess.,0.3333333333333333,1.0,False,capitalization_error;spacing_error
test,Courage a tout Les parents li pa facile es li ene stress énorme pou nou parent parceki nu zafant sais nu la vie si nu travail nu penser SI nu zenfant ggne college loin ala nu mort ar stress,"Courage à tu les parents. Li pa facile, et li enn stress énorme pu nu parent, parski nu zanfan sais nu lavi. Si nu travail, nu pense si nu zanfan gagne college loin, ala nu mort ar stress.",Courage  at to se parent si la pa fecile e se se se se serse son  pu pu pu pare pa pa pa an  an  an  an  an  u  an  u  an  u  an  n  n  n  n  n  n  n  n  n  n  n  n  n  n  an  n  an  an  an  an  an  an  an  an  an  an  an  an  an  an  an  an  an  an  an  ,0.8351063829787234,1.736842105263158,False,punctuation_error;capitalization_error;spacing_error;extra_word_error
test,Pe aller pe vini,Pe ale? Pe vini?,Pe aller pe vinni.,0.3125,0.75,False,punctuation_error;capitalization_error;spacing_error
test,2 kkkiwi en plin 😎,2 kkkiwi en plin. 😎,2kkkkkiw  nn plinn  ,0.3684210526315789,1.0,False,punctuation_error;capitalization_error;spacing_error;missing_word_error
test,Li pa 1secret pu person ki van 15place so reputation deja nu kone ena buku chauffeur zot prece akoz lot course etc sans respecte limit vitesse alor malgre li dan so lane ti kpave evite sa accident la mais malheuresement isi c moris a propos gro camion la li paraitre ki possible li en tord akoz line sorti lor 1stop mais ti ena ac distance ek van la li line pence li gagne ale normal enfin la route continue fair ravaz ek accident tous le jour sad but true may god help us🙏🙏🙏,"Li pa enn secret pu personne ki van 15 place so reputation deza nu kone. Ena buku chauffeur zot presse akoz lot course, etc. Sans respecte limit vites. Alor malgre li dan so lane, ti kapav evite sa accident la, mais malheuresement ici se Moris. A propos gro camion la, li paraitre ki possible li antor akoz linn sorti lor enn stop mais ti ena ase distance ek van la, li linn pense li gagne ale normal. Enfin, la route kontiyn fer ravaz ek accident tulezur. Sad but true, may God help us. 🙏🙏🙏",Li pa sesecret pu personn ki vann 1 pla so couse de pe pe te denn  nu  u  u  u  u  u  u  u  u  ou  e                                                                     a sa sa e  a sa e  a sa sa e  a sa sa sa sa sa sa sa  a sa sa sa sa sa  a sa sa sa sa ,0.7026476578411406,0.9361702127659575,False,punctuation_error;capitalization_error;spacing_error;missing_word_error
test,ARET GRINSE TO LAGUELLE TA,ARET GRINSE TO LAGEL TA.,ERE  NAMER TO  T   T ANAME] .,0.8333333333333334,1.2,False,capitalization_error;spacing_error;extra_word_error
test,We all have a donald in our respective country.. Usa: donald trump. Mauritius: donald duck,We all have a donald inn our respective country.. Usa: Donald Trump. Mauritius: Donald Duck.,We all  have a donnaddin  our prese pe coute coute.. Sas dond dond danu dur diruididind doudddudeddduddudeddduddudeddduddudeddduddudeddduddudeddduddudeddduddudeddduddudeddduddudeddduddudeddduddudeddduddudeddduddudeddduddudeddduddudeddduddudeddduddudedddud,2.2065217391304346,0.8666666666666667,False,punctuation_error;capitalization_error;spacing_error;extra_word_error
test,"[NAME], li pa pu eclate la grain fi","[NAME], li pa pu eclate la grain tifi.","[NAME], li pa pu eclat la garainn fiififi.",0.18421052631578946,0.375,False,capitalization_error;spacing_error
test,Pou empess lichien al consilter,Pu anpes lisyin ale consilte.,Pu empess lichinn an  consille.,0.3103448275862069,0.8,False,capitalization_error;spacing_error
test,"[NAME], la mange caviar ek langouste nous nous mange sardine ek pilchards","[NAME], la manze caviar ek langouste. Nous nous manze sardine ek pilchards.","[NAME], la mange cavivere e kanguste nous nu sous  ann sande  ardine pe charsarda.",0.37333333333333335,1.0,False,punctuation_error;capitalization_error;spacing_error;extra_word_error
test,L'enquete bizin faire trop boucou criminal dehors,Lanket bizin faire: trop buku criminal dehors.,L'ennquet bizin faire tropo pu crucimiminn la derdeross.,0.4782608695652174,1.0,False,punctuation_error;capitalization_error;spacing_error;extra_word_error
test,Nous pou change government so la vie en 2029,Nous pu change government so lavi en 2029.,Nuus pu changeg goverenn to to  la vi en 2020202020202020202020202020202020202020202020202020202020202020202020202020202020202020202020202020202020202020202020202020202020202020202020202020202020202020202020202020202020202020202020202020202020202020202020,5.261904761904762,1.0,False,punctuation_error;capitalization_error;spacing_error;extra_word_error
test,Eta nonnn😭😂😂😂,Eta non!😭😂😂😂,Etan nonn 😂😂😂😂,0.3333333333333333,1.5,False,punctuation_error;capitalization_error;spacing_error;extra_word_error
test,"[NAME], paret to 1robocup to lecorp fair tw trvy 24/7","[NAME], paret to 1 robocup to lekor fer twa travail 24/7.","[NAME], paret to  oro boupe to pe corpe far  tr tw tr ve  24/7.",0.3508771929824561,0.8181818181818182,False,capitalization_error;spacing_error;extra_word_error
test,"Are sa kouyonade metéo la kapav perdi la vie, kan li dire gro soleils ve dire inondations","Ar sa kuyonad metéo la kapav perdi lavi, kan li dire gro soleils vdire inondations.",Are sa kouyonde met la la kapavave der di i  a  a  i  i  i li grole lo li li li e dinn dinndinndinndinndinndinndinndinndinndinndinndinndinndinndinndinndinndinndinndinndinndinndinndinndinndinndinndinndinndinndinndinndinndinndinndinndinndinndinndinndinndinn,2.4216867469879517,1.4,False,punctuation_error;capitalization_error;spacing_error;extra_word_error
test,Camion + muraille en tord muraille pas 1m50 endan vision bloker partou ena sa problem la dans morice,"Camion + muraille antor. Muraille pas 1m50 endan, vision bloke. Partu ena sa problem ladan Moris.",Camion  murrille en  or druralille pa sy mem dan  andinn bon bon  bann  are  a pa la  ar la  ara la  ara la  aras  ar sa  ara sa ron  man  ar sa ron  man  ar sa ron  man  ar sa ron  man  ar sa ron  man  ar sa ron  man  ar sa ron  man  ar sa ron  man  ar s,1.9793814432989691,3.625,False,punctuation_error;capitalization_error;spacing_error;extra_word_error
test,"Capav li pas fine ggn chance lor board medicale, zot pas fin approuve so penscion fole, be aster avec enn bon traitement mantal pour obligatoire don li so penscion, omoin li fin reusi trouv enn bon alternative","Kapav li pas finn gagne chance lor board medicale, zot pas fin approuve so pension folle, b aster avec enn bon traitement mental pour obligatoire donne li so pension, omoin li finn resi truve enn bon alternative.",Capav li pas finn gagn chance lor  orde dedide  zot  pa pa pa pa pe pe so pe so pe so e  on  on e  on  on e  on  on  on  on  on  on  on  on  on  on  on  on  on ion  on  on inn  on  on  on  on inn  on  on  on  on  on inn  on  on  on  on  on  on inn  on  on,0.6792452830188679,1.5675675675675675,False,punctuation_error;capitalization_error;spacing_error;extra_word_error
test,Tres triste courage a la famille que justice soit fait,Tre triste. Courage a la famille. Que justice soit fait!,Tres triste courage ala la famille qustise sois sot fait.,0.30357142857142855,0.9,False,punctuation_error;capitalization_error;spacing_error
test,Fromage? 🧀 chat ki p tirer ou lerat?,Fromage? 🧀 chat ki pe tire ou lerat?,Fromage  e chatt ki pe ti re  u leret?,0.16666666666666666,0.875,False,punctuation_error;capitalization_error;spacing_error;extra_word_error
test,Rendre un service ca lepep la lev paker aller au fait mamy ki position,"Rande un service sa lepep la, leve pake ale. Au fait mami ki position?",Rendre  nn serrvice ca e leple lla le pe pake ale aa e  a fai mami pi pi ioitioni.,0.4142857142857143,1.2142857142857142,False,punctuation_error;capitalization_error;spacing_error;extra_word_error
test,Zamain ou inn tan dire ferme la porte dormi...🤷🏻...,Zame ou inn tande dire ferme la porte dormi...🤷🏻...,Zamain ou inn tan dire fere la porte dorm......................................................................................................................................................................................................................,4.196078431372549,0.4444444444444444,False,punctuation_error;capitalization_error;spacing_error
test,Trop triste🥺... Courage à la famille😔,Trop triste🥺... Courage à la famille.😔,Trop  triste... Pourrge  la la fammille.,0.23684210526315788,0.6666666666666666,False,capitalization_error;spacing_error
test,😂😂😂😂😂😂😂😂😢😢😂😂😂😂😂😂😢😢😂😂😂😂😂😂😂😢😂😂😂😂nous finne de stresser quand nous finne regarde sa video merci,"😂😂😂😂😂😂😂😂😢😢😂😂😂😂😂😂😢😢😂😂😂😂😂😂😂😢😂😂😂😂nous finn de stresse quand nous finn regarde sa video, merci.",😂😂😂😂😂😂😂😂😂😂😂😂😂😂😂😂😂😂😂😂😂😂😂😂😂😂😂😂 ni dense se se sande su dunn  n  n  ann er dander di der di der dire der di e dire der di e dire der di e dire der di e dire der di er di er dire der di e dire der di er di er dire der di e dire der di er di er dire der di e d,2.197802197802198,5.818181818181818,False,punctuation_error;capitalization_error;spacing_error;extra_word_error
test,Zot humaine ministère qui fauter,Zot humain ministère qui fauter?,Zot humminn ministre  u fauter.,0.1875,0.8,False,punctuation_error;capitalization_error;spacing_error
test,Mo ajoute encore 2 points:. - cmt fr rond point. - cmt et cotsa bisn doubler lor motorway,Mo azoute encore 2 points:. - comment fer rond point. - comment et kotsa bizin doubler lor motorway.,Mo aujuute encore  2 point.. M m m tr drond pond to tot t tot to so bons bon  ou bon or lororororowa.,0.48,1.1111111111111112,False,punctuation_error;capitalization_error;spacing_error;extra_word_error
test,Ena 1 différence entre thc et thd 🙄. Sur ce.. Arret perdi nous letemps 😑,Ena 1 différence entre THC et THD. 🙄 Sur se.. Aret perdi nous letan. 😑,Ena 1 differrece enn tt the th de d. Su  ere cere der der det pe se se pe se pe se pe pe se pe pe se pe pe se pe pe se pe pe se pe pe se pe pe se pe pe se pe pe se pe pe se pe pe se pe pe se pe pe se pe pe se pe pe se pe pe se pe pe se pe pe se pe pe se p,3.085714285714286,5.2,False,punctuation_error;capitalization_error;spacing_error;extra_word_error
test,Mo croire ine arive ler pou fer seki bizin fer,Mo croire inn arrive ler pu fer seki bizin fer.,Mo croire  nnn arive le pu fer se seki bizin fer fereffer.,0.3404255319148936,0.6,False,capitalization_error;spacing_error;extra_word_error
test,Avoye sa chateau reduit et accepter so tifi koum leader mmm saem li envi mo kwar,Avoy sa sato Réduit et accepte so tifi kuma leader MMM. Samem li anvi mo krwar.,Avoye sa chateu erdidite te tecte to ti fi i fimum  la memem memmem mamme  i mi mo  kor ko kor kowa kor kowa kor kowa.,0.8987341772151899,1.5,False,punctuation_error;capitalization_error;spacing_error;extra_word_error
test,Li pe dire emtel ena myt money... Ala ca junior minister...,Li pe dire Emtel ena My.T money... Ala sa junior minister...,Li pe dire emtele en  mot monn... La  a  u  u nu ininti..,0.4,0.9090909090909091,False,punctuation_error;capitalization_error;spacing_error;extra_word_error
test,Toute longue to lavie to fine juste penser kuma to pour apauvrit banne morisien,Toute longue to lavi to finn just pense kuma to pour apauvrit bann Morisien.,Tute longe to lavi to finn juste peseese eu  u  u pu pu pu paraire  orininn.,0.3815789473684211,0.8571428571428571,False,capitalization_error;spacing_error;extra_word_error
test,Rode ene terrain et monte ene parking area with max. Height,Rode enn terrain et monte enn parking area with max. Height.,Rode enn terrann et monte enne enn paringa gai  hath ha tha.,0.36666666666666664,0.6363636363636364,False,punctuation_error;capitalization_error;spacing_error;extra_word_error
test,si zot envi leave apres zot kapav leave...kpv ena lot comunoT aussi ki zt pou truV in rentrer,Si zot anvi leave apre zot kapav leave...kapav ena lot kominote aussi ki zot pu truve inn rentre.,Zi zot ennvi levave apres zot kapavveveve....... kapa  ou  oumous  ki  ki                i  u  rinn renn rertrerererererererererererererererererererererererererererererererererererererererererererererererererererererererererererererererererererererererere,2.0,0.8333333333333334,False,punctuation_error;capitalization_error;spacing_error;missing_word_error
test,Met enn lordre navin pa get zis canard,Met enn lord Navin. Pa get zis canard.,Met enn lordder  anvinn pa ge zis  aasararard.,0.39473684210526316,0.625,False,punctuation_error;capitalization_error;spacing_error
test,"[NAME], pareil kuma flic en flac hier laa😢","[NAME], pareil kuma Flic en Flac hier la.😢","[NAME], pareil  uma  fali en  fanc  hacher la aaa.",0.40476190476190477,0.75,False,capitalization_error;spacing_error;extra_word_error
test,Berenger fine casse so someil. B Navin p net dodo,Berenger finn kase so somey. B Navin pe net dodo.,Berenger finn cassessso someli.. Ma vavinn pe nn dedododododoodoooodooooooooooooooooooooooooooooooooooooooooooooooooooooooooooooooooooooooooooooooooooooooooooooooooooooooooooooooooooooooooooooooooooooooooooooooooooooooooooooooooooooooooooooooooooooooooooo,4.36734693877551,0.7,False,capitalization_error;spacing_error;missing_word_error
test,Eski pu fer alcohol test ek ban policier on duty🧐,Eski pu fer alcohol test ek bann policier on duty?🧐,Eski pu fer lachoholette ek bann policice  on dont dut.,0.3137254901960784,0.5,False,punctuation_error;capitalization_error;spacing_error
test,Kuma mo habitier dire. Foder ena cuyon pu malin cav vive,Kuma mo habitier dire. Fode ena kuyon pu malin kapav viv.,Kuma mo habiiie dire . dodere enn cuyn pu mumann  aan vavvvvvvvvvvvvvvvvvvvvvvvvvvvvvvvvvvvvvvvvvvvvvvvvvvvvvvvvvvvvvvvvvvvvvvvvvvvvvvvvvvvvvvvvvvvvvvvvvvvvvvvvvvvvvvvvvvvvvvvvvvvvvvvvvvvvvvvvvvvvvvvvvvvvvvvvvvvvvvvvvvvvvvvvvvvvvvvvvvvvvvvvvvvvvvvvvvvvvvv,3.754385964912281,0.8181818181818182,False,punctuation_error;capitalization_error;spacing_error;extra_word_error
test,Li ti p sof.. Line p mnge briyani sa mm li in vol pepsi,Li ti pe sof.. Linn pe manze briyani samem linn vol Pepsi.,Li ti pp sof.. Linn pe men  biriyin sam mim li vinn voplipepispispisi.,0.39655172413793105,0.6666666666666666,False,capitalization_error;spacing_error;extra_word_error
test,Astr nou gueter si cancel so license et saisi so loto toute suite pa bzin atane case passer pa kpv si case prend 5ans ou 10ans boug soulare roule tjr touy dimounes tjr la bane ki fine blesser la ki ariver la? Eski dimounes la ti demand soulare tape avk zot? Ladan c ca magistrat la ki bzin fer laloi respecter,"Aster nu get si cancel so license ek saisi so loto toute suite. Pa bizin atann case passe, pa kapav si case prend 5 ans ou 10 ans. Boug soular roule tuzur, touy dimunn tuzur. Bann ki finn blesse la, ki arrive la? Eski dimunn la ti demande soular tape avek zot? Ladan se sa magistrat la ki bizin fer la loi respecte.",Astrr nu guete si cancele so licensese sessess so so sot sot sot st ti ti pa bann  a sa pa sa sa sa sa sa sa sa sa  a sa                                                                                                                  i la  a  a  a  a  a  ,0.6571428571428571,0.8888888888888888,False,punctuation_error;capitalization_error;spacing_error;missing_word_error
test,Bizin met law fer aret boire la boisson alcolise roule tou tip d transport zero tolerance,Bizin met law fer aret bwar la boisson alcolise. Roule tu type de transport. Zero tolerance.,Bizin met la fer  rer tro boi bois boisonsono lolole  ou lou et ti pt pret prot protre proterererentrencerencerencerecerencerecerencerecerencerecerencerecerencerecerecerencerecerecerencerecerecerencerecerecerencerecerecerencerecerecerencerecerecerencerece,2.1630434782608696,1.0,False,punctuation_error;capitalization_error;spacing_error;extra_word_error
test,Savedir kan mo ti rest carem zamain mo ti carem 🥹😳😢,Savedir kan mo ti reste carem zame mo ti carem. 🥹😳😢,Savedir  kan mo ti rest carem mamaman mo  i ma  ar mare   a.,0.39215686274509803,0.6363636363636364,False,capitalization_error;spacing_error;extra_word_error
test,Bizein bour li endans..! Fair musulman honter..! Principe o sa boug la,Bizin boure li endan..! Fer Musulman honte..! Principe o sa boug la.,Bizin bour li endanns.. Ma i umumumumunn honn  honn poise  ou bou bagu la.,0.5,0.9166666666666666,False,punctuation_error;capitalization_error;spacing_error;extra_word_error
test,Ena anguilles poisson tortue zako tou pou bizn tirer et pas blier tou bane zoizo ki envolé tout au tour grand bassin kan fini zot al rest la bas zot même avec tou zot bane politiciens,"Ena anguilles, poisson, tortue, zako tu pu bizin tire! Et pas bliye tu bann zoizo ki envolé tu au tour Grand Bassin. Kan fini zot ale reste laba zot même avec tu zot bann politiciens.",Ena anguillles poissonot tout zok pu bizin ti bizin te t ban ban  bon  ou  ou  ou  ou  ou  ou  ou  ou  an  an  an  an  an  an  a sa  a  a  a  a  a  a  a  a  a  a  a  a  a  a  a  o  a  ot  a  ot  ot  ot  ot  ot  ot  ot  ot  ot  ot  ot  ot  ot  ot  ot  ot  ,0.9398907103825137,1.8,False,punctuation_error;capitalization_error;spacing_error;extra_word_error
test,"hey pas gatt lavenir sa jeune la akoze en cigret mass, mass ziska docteur fumer li naturel sa.",Hey pas gate lavenir sa jeune la akoz enn cigret mass. Mass ziska docteur fume. Li naturel sa.,Hey pas gatt lavenn san  eu eunn la kazon en  cize  mass mass mass kos   kome  u  u  u  u la la la la la la la la la la la la la la la la la la la la la la la la la la la la la la la la la la la la la la la la la la la la la la la la la la la la la la la ,2.095744680851064,4.0,False,punctuation_error;capitalization_error;spacing_error;extra_word_error
test,Ena dérive grave milieu naturel pour canard p invente nouvo hindouisme,Ena dérive grave. Milieu naturel pour canard. Pe invente nuvo Hindouisme.,Ena dérrive grave mili en anture lu pu rana dann pann nn nn vonn  ouviouinu dinu dinumumume.,0.589041095890411,1.4545454545454546,False,punctuation_error;capitalization_error;spacing_error;extra_word_error
test,Emplas monte prix metro kifer pas baisse prix bus?,Emplas monte prix metro kifer pas bese prix bus?,Emplas monte pris met  kifer kife bassse pris pu suss?,0.3333333333333333,0.7777777777777778,False,capitalization_error;spacing_error;extra_word_error
test,Mari sa zordi ki dir sa lundi admission si pa ggn uniforme ki sa bne travay zot p fer la sa oufff,"Mari sa. Zordi ki dir sa: lundi admission, si pa gagne uniforme. Ki sa bann travail zot pe fer la? Sa ouf.",Mari sa zor didi dir  a  la dindidisisisoisi s gagn  inn  inn finn  i fan  a  a  a  a           fa fer fafe faffefe fafffffffffffffffffffffffffffffffffffffffffffffffffffffffffffffffffffffffffffffffffffffffffffffffffffffffffffffffffffffffffffffffffffffffff,1.8962264150943395,0.9545454545454546,False,punctuation_error;capitalization_error;spacing_error;extra_word_error
test,Bisin pas asig joue kart pou gagne money daccord,"Bizin pas asize, joue kart pu gagne money, dakor?",Bisin pas sasi jou ekar pu gaggngen monn donceddocord.,0.46938775510204084,0.7777777777777778,False,punctuation_error;capitalization_error;spacing_error
test,Madame la prochaine fois aster un spay pima rouge bez ne cou dans li yeux après un téléphone la police travail zot pas pour travail cokin,"Madame, la prochaine fois aster un spay pima rouge bez enn kut dans lizye après un téléphone la police travail. Zot pas pour travail, kokin.",Madame la prochaninn fois  sast  pa pay pa pe  e  e  e            u  u  u  u  u pu su pu pu pu pu ple ple plaple plapli pa pa pa pa pa pa pa pa pa pa pa pa pa pa pa pa pa pa pa pa pa pa pa pa pa pa pa pa pa pa pa pa pa pa pa pa pa pa pa pa pa pa pa pa pa ,1.3357142857142856,2.8,False,punctuation_error;capitalization_error;spacing_error;extra_word_error
test,Mo pense pa infermier ki p travail dans sa la salle la pou content ggne chaud sa kalité la parski li aussi li content pou ggne unP lair avec sa chaleur p fr la🤔,Mo pense pa infermier ki pe travail dans sa la salle la pu kontan gagne chaud sa kalite la. Parski li aussi li kontan pu gagne enpe lair avec sa chaleur pe fer la. 🤔,Mo penns pa  nnfermie ki pe travavala dans sa sa la la  a la  an  cann gant e  aa  aa  aa sa sa sa sa sa sa sa sa sa sa  la  la  la  a             a  a  a  a  a  a  a  a  a  a  a  a  a  a  a  a  a  a  a  a  a  a  a  a  a  a  a  a  a  a  a  a  a  a  a  a  ,0.9939393939393939,1.7714285714285714,False,punctuation_error;capitalization_error;spacing_error;extra_word_error
test,Zis pou ti timoune ki pou ena law and order pou banne grand palto non,"Zis pu ti dimunn ki pu ena law and order? Pu bann grand palto, non.",Zis pu ti timunn ki pu en an la dand dorder pu bann gann  ann pantonnnnnnnnnnnnnnnnnnnnnnnnnnnnnnnnnnnnnnnnnnnnnnnnnnnnnnnnnnnnnnnnnnnnnnnnnnnnnnnnnnnnnnnnnnnnnnnnnnnnnnnnnnnnnnnnnnnnnnnnnnnnnnnnnnnnnnnnnnnnnnnnnnnnnnnnnnnnnnnnnnnnnnnnnnnnnnnnnnnnnnnnnnnn,3.0,0.6666666666666666,False,punctuation_error;capitalization_error;spacing_error;extra_word_error
test,ESKI INFIRMIER DOCTEUR OU ATTANDANT KI REPARE AIRCON ENA PROBLEM LA B LEKIP E S D KI ZOT TRAVAIL FR OPERATION LOR BAN MALADE,"ESKI INFIRMIER, DOCTEUR OU ATTANDANT KI REPARE AIRCON? ENA PROBLEM LA! B LEKIP ESD KI ZOT TRAVAIL FER OPERATION LOR BANN MALADE.",EIIII INAMERI BI TO TOU TO  T  ANANANANA ENA EN  ANA E  ANA  ANA                                                                                                                                                                                               ,0.6953125,0.9545454545454546,False,punctuation_error;capitalization_error;spacing_error;missing_word_error
test,B boss en ti question ou p exize zt travail b ou pa coir bizen pay zt bien kfr ou pa dir ou pm fr zt ggne doub kan wrk dan dimance conze public so non ta bomli 😂😂😂🤣🤣 aret fr semblan lanne in sanzer sanze zt mentality ipokrit la,"B boss enn ti question: ou pe exzize zot travail, b ou pa krwar bizin pay zot bien. Kifer ou pa dir ou premye minis? Fer zot gagne doub kan work dan dimanche. Conge public? So non. Ta bomli 😂😂😂🤣🤣 aret fer semblan. Lane inn sanze. Sanze zot mentality ipokrit la.",B boss enn ti qussisonn ou pe pezez zot travail bo    pa bizin pe bizin pe bizin                                                                                                                                                                         a  an ,0.6551724137931034,0.8235294117647058,False,punctuation_error;capitalization_error;spacing_error;missing_word_error
test,"[NAME], baratain🤣🤣","[NAME], baratain.🤣🤣","[NAME], baratanin.🤣",0.10526315789473684,0.5,False,capitalization_error
test,Cousamem covid ti commencé,Kumsamem Covid ti commence.,Cousamem covid ti commence.,0.14814814814814814,0.5,False,capitalization_error
test,Na sa peut ariver a nerport ki... Nou pas boir nou... Mo garçon ziss devant moi pe joue vue ki pe fer noir li galouper li rentre dans latent dimoun... Lin panique li sorti li continie aler li pe roder emm la li... Issi mo peget li moi... Dimoun in kumance koz ek li... Irla [NAME] prend li... Ariver sa kan fer noir,Non sa peut arrive a nerport ki... Nu pas bwar nu... Mo garçon zis devant moi pe joue vue ki pe fer noir li galoupe li rantre dans latent dimunn... Linn panique li sorti li kontiyn ale li pe rode mem la li... Ici mo pe get li moi... Dimunn inn komans koze ek li... Lerla mon ale prend li... Arrive sa kan fer noir.,Na sa peut arive  a  en nn prot ki pa so bor  o  or on on  zot zon  e                                                                                  i li en  li li li li li li li li li li li li li li li li li li li li li li li li li li li li li li li li,0.6496815286624203,0.8615384615384616,False,punctuation_error;capitalization_error;spacing_error;missing_word_error
test,Bien diffile sa tonton Perdi en zenfan sa lage la Mes sympathy a la famille La justice bizin fair so travail,Bien difisl sa tonton. Perdi enn zanfan sa laz la. Mes sympathy a la famille. La justice bizin fer so travail.,Bien diffile sa tontonn  erdin zen zan sa la  la sa sye  syma t  la  a mali la  la sa i i bizin  ai    i i  ravir ar ar ari ar ar ari a  arisa ar ar ar ari a ar ari ar ar ari a ar ari ar ar ari a travirava ar ar ar ari a travirava ar ar ar ari a travirava,1.6818181818181819,2.8095238095238093,False,punctuation_error;capitalization_error;spacing_error;extra_word_error
test,Dans so cinq axes majeurs pena roche noire ladan svp,Dans so cinq axes majeurs pena Roches Noires ladan svp?,Dans so  cinn asse maueurs pe an coche  oore  orde la anave.,0.41818181818181815,1.0,False,punctuation_error;capitalization_error;spacing_error;extra_word_error
test,Guet bien van la p flash chauffeur la dapres mo l’expérience chauffeur camion la ine pense li p dire li aller mais dan sa cas la chauffeur la p dire li pas sorti akoz mo p vine tres vite,"Get bien, van la pe flash chauffeur la. Dapre mo l’expérience, chauffeur camion la inn pense li pe dire li ale mais dan sa cas la chauffeur la pe dire li pas sorti akoz mo pe vinn tre vite.",Guet biinn vann la pe fal hahhhh faufer la dare se per pere cher cher canfer cinn li pe li pe li pe li pe la  la  a  a  a  a  a  a  a  a  a  a  a  a  a  a                                                                                                     ,0.5343915343915344,0.9230769230769231,False,punctuation_error;capitalization_error;spacing_error;extra_word_error
test,Sa ban dimoune labas la ena problem la santer... Zot gagne gratter kan zot trouve la police 😂😂😂😂,Sa bann dimunn laba la ena problem la sante... Zot gagne grate kan zot truve la police. 😂😂😂😂,Sa bann dimunn lababas la pa borle la sa sante.. Zot gagnger gagne rat e to  ot  o lo lo lo lo lo lo lo lo lo lo lo lo lo 😂😂😂😂😂😂😂😂😂😂😂😂😂😂😂😂😂😂😂😂😂😂😂😂😂😂😂😂😂😂😂😂😂😂😂😂😂😂😂😂😂😂😂😂😂😂😂😂😂😂😂😂😂😂😂😂😂😂😂😂😂😂😂😂😂😂😂😂😂😂😂😂😂😂😂😂😂😂😂😂😂😂😂😂😂😂😂😂😂😂😂😂😂😂😂😂😂😂😂😂😂😂😂😂😂😂😂😂😂😂😂😂😂😂😂😂😂😂😂😂😂😂😂😂😂😂😂😂😂😂😂😂😂,2.0652173913043477,1.3888888888888888,False,punctuation_error;capitalization_error;spacing_error;extra_word_error
test,"[NAME], piscine plastics pour enfants c ki mo p apranne","[NAME], piscine plastics pour enfants seki mo pe aprann.","[NAME], piscinn plastiss pu per fann san sk ki mo pa paprannnnnnenne.",0.4107142857142857,1.1111111111111112,False,capitalization_error;spacing_error;extra_word_error
test,Et politiciens???,Et politiciens???,Et politicen?????,0.17647058823529413,0.5,False,punctuation_error;capitalization_error
test,Li paraît 1 escro sa bougre la,Li paret 1 escro sa boug la.,Li paratt 1 secro sa bougre la.,0.21428571428571427,0.42857142857142855,False,capitalization_error;spacing_error
test,Zot aller ek visit surprise. That's a blatant lie. Tou dimoune conner kan misnistre fer visit. Al khiz pa dire moi pu pa conne sa jouer la,Zot ale ek visit surprise. That's a blatant lie. Tu dimunn kone kan misnistre fer visit. Al Khiz pa dire moi pu pa kone sa jouer la.,Zot aller ek kisit surrisse.. Shatts sa balant li li dinn  ounn konn kinn  inn si si si si si ti si e                                                                                                                                                          ,0.5151515151515151,0.9259259259259259,False,punctuation_error;capitalization_error;spacing_error;missing_word_error
test,Valeur du jours les materialism et sans moralité au dessus de la consciences spiritual,Valeur du jours les materialism et sans moralité au dessus de la consciences spiritual.,Ealeur du jourrs le sa tareilis me sa sans mor lar la dess desse desse sa socsecsisisisistili.,0.47126436781609193,1.0714285714285714,False,capitalization_error;spacing_error;extra_word_error
test,Mo dir li lord n clear,Mo dir li loud and clear.,Mo dir li lor den  celarar.,0.32,0.5,False,capitalization_error;spacing_error
test,BANE DE PAGLA MAMOU,BANDE DE PAGLA MAMOU.,ENANA ENA AME]  [NAME].,0.7619047619047619,1.0,False,capitalization_error;spacing_error
test,"[NAME],.. Ounn gard ou sang froid... Samem inn sov ou.","[NAME],.. Ou garde ou sang froid... Samem inn sove ou.","[NAME], . Ounn gardd  u sang groid... Samem mimnn so vouvou.",0.2222222222222222,0.9,False,punctuation_error;capitalization_error;spacing_error;extra_word_error
test,B li Pena zenfant,B li pena zanfan?,B li  ena zenfannt.,0.29411764705882354,0.5,False,punctuation_error;capitalization_error;spacing_error
test,Dire cki zot ler. Samem vrai final la sa 🔥🥳 meilleur match dans sa world cup la! Both team were amazing! 🏴󠁧󠁢󠁥󠁮󠁧󠁿🇫🇷🥳,Dire seki zot lei. Samem vrai final la sa 🔥🥳 meilleur match dans sa world cup la! Both team were amazing! 🏴󠁧󠁢󠁥󠁮󠁧󠁿🇫🇷🥳,Dire kki zot le la mamme vrai finn la  a  e  mem lame  mant  dar dan    o    o    o    ot  a           mem mem mem  e mem  e mem  em mem ,0.6896551724137931,1.1818181818181819,False,punctuation_error;capitalization_error;spacing_error;extra_word_error
test,"[NAME], DIABLE VEILLE CAMPHE","[NAME], DIABLE VEILLE CAMPHE.","[NAME],  NAME  NANANAME AME].",0.5517241379310345,0.75,False,capitalization_error;spacing_error
test,Dans sa setting la zenfant la perdi so l'enfance so adolescense et partly so la vie adulte system esclavage zenfant sa,"Dans sa setting la zanfan la perdi so l'enfance, so adolescense et partly so lavi adulte. System esclavage zanfan sa.",Dans sa setting la zanfanfan le pe don sonn sonfencessesse sa sa sa sa la la la la la le sa le se se se se se se sa sa ant ant ana ana anan anan anan anan anan anan anan anan anan anan anan anan anan anan anan anan anan anan anan anan anan anan anan anan ,1.5726495726495726,2.65,False,punctuation_error;capitalization_error;spacing_error;extra_word_error
test,La banck la pena non,Labank la pena nom?,La bankkk la penn nnnnnnn.,0.5789473684210527,1.0,False,punctuation_error;capitalization_error;spacing_error;extra_word_error
test,So ban advisor p dne li mov info.. Bizin voyage dan bus ou osi boss,So bann advisor pe donne li move info.. Bizin voyage dan bus ou osi boss.,So bann addisor pe den li mov mov fon foizon voye  ou  bous bous boss bosssssssssssssssssssssssssssssssssssssssssssssssssssssssssssssssssssssssssssssssssssssssssssssssssssssssssssssssssssssssssssssssssssssssssssssssssssssssssssssssssssssssssssssssssssssss,2.8219178082191783,0.8,False,punctuation_error;capitalization_error;spacing_error;extra_word_error
test,"Acz sa ban kalit la em, ban inoncent musalman pass dan bain... Li gat partou... T vne devant mua.. M tir to la barbre et m cryto tua bout bout.","Akoz sa bann kalite lamem, bann inoncent musalman passe dan bain... Li gate partu... To vinn devant mwa.. Mo tire to la barbe et mo crypto tu bout bout.",Akzz sa bann kalit la  e  bann nnnnnn nunn mussamann mans ans pa an bann.. Li ant.. Li ta ta ta ta ta ta ta trat t trat tr tr tr tr tr tr tot tot tot tot tot tot tot tot tot tot tot tot tot tot tot tot tot tot tot tot tot tot tot tot tot tot tot tot tot t,1.0986842105263157,2.0689655172413794,False,punctuation_error;capitalization_error;spacing_error;extra_word_error
test,"[NAME], BEIN WUII NORMALMENT SA QUI ENA PAS P COMPRAN NEC P OUVERT LA BOUSSE LI DEZA IMPLEMENTER ROSTER BASIS FASSON TOUS PUBLIC SECTORS ENA ROSTER BASIS","[NAME], BEIN OUI! NORMALMENT SA QUI ENA PAS PE KONPRAN NEK PE OUVERT LA BOUSS LI DEZA IMPLEMENTE ROSTER BASIS. FASON TOUS PUBLIC SECTORS ENA ROSTER BASIS.","[NAME], EE NAME  INAME INAME AME  ANA ANA ANA A A A A A A A A  A          SA  SA  SA  SA  SA  SA  SA  SA  SA  SA  SA  SA  SA  SA  SA  SA  SA  SA  SA  SA  SA  SA  SA  SA  SA  SA  SA  SA  SA  SA  SA  SA  SA  SA  SA  SA  SA  SA  SA  SA  SA  SA  SA  SA  SA  S",1.2467532467532467,2.2962962962962963,False,punctuation_error;capitalization_error;spacing_error;extra_word_error
test,Arête prend moun pour couillon!,Aret prend dimunn pour kuyon!,Aret prend moun pu  oulilonnon!,0.4482758620689655,0.6,False,capitalization_error;spacing_error
test,Kot manager lopital la quand li pou en post,Kot manager lopital la? Quand li pu en post?,Kot manager lopitala la  u din li pu pe ponspest.,0.3181818181818182,0.6666666666666666,False,punctuation_error;capitalization_error;spacing_error;extra_word_error
test,Bizen demande [NAME] ki pe arrive li dire pena problem,Bizin demande [NAME] ki pe arrive: li dire pena problem.,Bizen demande [NAME] ki pe parrivive li dire per proble.,0.14285714285714285,0.4,False,punctuation_error;capitalization_error;spacing_error
test,en espérant ki zanffann la guéri vite 🙏,En espérant ki zanfan la guéri vite. 🙏,Dnn esppréannt ki zanffanf gu guré virive vet.,0.5,0.875,False,capitalization_error;spacing_error
test,Mon dieu oublier zenfant ca l age la lors la plage incroyable ca,"Mon Dieu, oublie zanfan sa laz la lor la plage. Incroyable sa!",Mon dieu oubllie zenfann ca gage lla lor lla la la pa gancole cole ca.,0.43548387096774194,1.0,False,punctuation_error;capitalization_error;spacing_error;extra_word_error
test,Sa gate la pou partager sa cki pena gate vine chercher,Sa gate la pu partage sa seki pena gate vinn cherche.,Sa gate la pu partager sa kik pe ant gant vinn chercherechererere.,0.37735849056603776,0.5454545454545454,False,capitalization_error;spacing_error;extra_word_error
test,Pardon mais zte p ggn trakas canard zako lolll si zte ti sagrin bn dimune ki in prdi la vie pour Mahashivatree ou seki p dance sega fr boufon lor la priere. BAM BAM MAHADEV LOLL,"Pardon, mais zot pe gagne tracas canard, zako lol. Si zot ti sagrin bann dimunn ki inn perdi lavi pour Mahashivatree, ou seki pe dance sega fer boufon lor lapriyer. BAM BAM MAHADEV LOL.",Pardonn mais zet pe gagn trakaka aand zaka lo li si si si  i n  inn  inn  inn  inn  i din  pu dire  pa dire  pa  e                                                                                                                                             ,0.572972972972973,0.9117647058823529,False,punctuation_error;capitalization_error;spacing_error;missing_word_error
test,"[NAME], so cofre fini retournner","[NAME], so kof fini retourne.","[NAME], so coffer fini retournnerer.",0.27586206896551724,0.4,False,capitalization_error;spacing_error
test,Peu import ki kalit la lwa pou aplik accident ki ou azin ki ou fine boir ene vere la beer si ena pou ariv pena bare sa,"Peu import ki kalite lalwa pu aplik. Accident ki ou bizin ki ou finn bwar enn ver la beer. Si ena pu arrive, pena bare sa.",Peu mmport ki kalit la la  pa papli kaccicedekice ki ki ki  i n  i n  on e  e  e  e  e  e  e  e  e  e  e  e  e  a  a  a  a pa a a a a a a a aa a aa aa a aa aa aa e a aa aa aa aa aa e a aa aa aa aa aa e a aa aa aa aa aa e a aa aa aa aa aa e a aa aa aa aa a,1.5163934426229508,3.1538461538461537,False,punctuation_error;capitalization_error;spacing_error;extra_word_error
test,"Mais dans sa 12hrs temps la même, zot pas dans l'hôpital. Ena fois ou alle l'hôpital, ena 1 sel docteur. Mais 24/7 la, boucou faire dans zot la case ou soi dans cabinet privé","Mais dans sa 12hr tan lamem, zot pas dans l'hôpital. Ena fois ou ale l'hôpital, ena 1 sel docteur. Mais 24/7 la, buku faire dans zot la case ou soi dans cabinet prive.",Mais dann sa 1hhrr tem pass mame zot pa sa sapass l'haplilal la la la la la la la la la la la la le  la la  la                                                                                                                                                 ,0.6047904191616766,0.9090909090909091,False,punctuation_error;capitalization_error;spacing_error;missing_word_error
test,Cot sabre la,Kot sabre la?,Cot sabbee la.,0.3076923076923077,1.0,False,punctuation_error;capitalization_error;spacing_error
test,Zoli travai bravo pa bliye bann lera la,Zoli travail. Bravo. Pa bliye bann lera la.,Zoli travai  bravo pa bliye bbann ler la la.,0.18604651162790697,0.75,False,punctuation_error;capitalization_error;spacing_error;extra_word_error
test,Tous comersant bien bizin gard ene sabre cot zot la caise... Kouma ene fatra nek rentré bez cout sabre brit... Apres ava gueter dan la cour,Tu comersant bien bizin garde enn sabre kot zot la caise... Kuma enn fatra nek rantre bez kut sabre brit... Apre ava get dan lakour.,Tus comersant binn bizin garde en e bare  ot zot la caase e an en  en  e  er en  er en  er bant bare bant bare tra tra e  a  a  a a a a a a a a a a a a a a a a a a a a a a a a a a a a a a a a a a a a a a a a a a a a a a a a a a a a a a a a a a a a a a a a,1.3257575757575757,3.6,False,punctuation_error;capitalization_error;spacing_error;extra_word_error
test,Steward in vin rapist.... Ki drôle la dans dan tous pays développés ban ado alle babysit..... Et missier la pa ti seul ena so fam ek li... Chk live de channel news zt pou comprend tous.,Steward inn vinn rapist.... Ki drôle ladan dan tu pays développés bann adolesan ale babysit..... Et misye la pa ti seul ena so fam ek li... Sak live de channel news zot pu comprend tu.,Stewaard inn vinn rapist... Ki drrde lad dand dans dans dans pu de pa pe pa pa bans bans bans bans bans la sa se  e                                                                                                                                            ,0.5706521739130435,0.8857142857142857,False,punctuation_error;capitalization_error;spacing_error;missing_word_error
test,Si enan malheur d'homme par zot saute lerla pou jouer blame game avec nous? Incompetent ces't tout!!😠,"Si ena malheur d'homme par zot saute lerla pu jouer blame game avec nous? Incompetent, ces'to tu!!😠",Si enn malleur dhhomme par zot sat le le le lou le  u  e  a mem e  a me  an  n concent contet tot tot tot tot tot tot tot tot tot tot tot tot tot tot tot tot tot tot tot tot tot tot tot tot tot tot tot tot tot tot tot tot tot tot tot tot tot tot tot tot t,1.9494949494949494,3.588235294117647,False,punctuation_error;capitalization_error;spacing_error;extra_word_error
test,Apres 1 ans pe cause law and order pou prend action en 2029 apres sa maja karo meri jan bonis fini gagner,"Apre 1 ans pe cause law and order, pu prend action en 2029, apre sa maja karo meri jan, bonis fini gagne.",Apres 1 ans pe ka sa sa  aad dorder ppu prend n  n  20202020 20 a a a a a a a a  a an  an  ann  inn gann gann gann gann gann gann gann gann gann gann gann gann gann gann gann gann gann gann gann gann gann gann gann gann gann gann gann gann gann gann gann ,1.8095238095238095,2.5,False,punctuation_error;capitalization_error;spacing_error;extra_word_error
test,Sa l'annee la p paret nous pou kas record mort dans accident. Janvier pas encore fini meme tousa accident la,Sa lane la pe paret nous pu kase record mort dans accident. Janvier pas encore fini mem tusa accident la.,Sa l'anne la ppa paret nu pu kas kas rord dor dand dancedanden  ance en  en  en  en  en  e  e conce ti e cacent tance tance tance tance tance tance tance tance tance tance tance tance tance tance tance tance tance tance tance tance tance tance tance tance,1.7523809523809524,2.25,False,punctuation_error;capitalization_error;spacing_error;extra_word_error
test,Dan la gare curepipe bus ki passe r. Hill beau bassin pena bidin atan one hour.. Ubs met tou bis express p. Louis.. St pierre.. Met la linge b. Bassin r. Hill pna.. Sa ou pa p trouver misier le ministe... Ou ti penser tou dimoune voyage dan loto... Ti dimoune pa kpv acheter loto aster.. Auto recone sorti 500k ine vine 800k.. Aster pa coz auto neuf.. Moudize ena zis mn ti dimoune.. Pou zot dan parlement pna moudize.,"Dan la gare Curepipe bus ki passe Rose Hill, Beau Bassin pena bidin atann one hour.. UBS met tu bis express Port Louis.. St Pierre.. Met la linge Beau Bassin, Rose Hill pena.. Sa ou pa pe truve misye le minis... Ou ti pense tu dimunn voyage dan loto... Ti dimunn pa kapav aste loto aster.. Auto recone sorti 500k inn vinn 800k.. Aster pa koze auto neuf.. Moudize ena zis mon ti dimunn.. Pu zot dan parlement pena moudize.",Dan la gare curepepe bus  ki passe re  bali bbass bans bann  binn  on  ou bon  ou bou bous  ou se  pu se  pu se  pu se                                                    i e                   i n  i e                           i n  ou e             i n  o,0.6769596199524941,0.9125,False,punctuation_error;capitalization_error;spacing_error;missing_word_error
test,Tou en poudre mem,Tu en poudre mem.,Tu enn puude memmm.,0.29411764705882354,0.75,False,capitalization_error;spacing_error
test,Employe plis personel afin ki tou kav ggn travail lor 1 shift raisonable... Pski arret service medical 24/7 li impensable sa.. A nimporte ki moment kav arrive 1 problem🤷‍♀️,Employe plis personel afin ki tu kapav gagne travail lor 1 shift raisonable... Parski aret service medical 24/7 li impensable sa.. A nerport ki moment kapav arrive 1 problem.🤷‍♀️,Employye plis personn la finn ki ku kagn  agn  ravavil  r   hi   shir bais bant bant bante bire le  e  i e                                              man   man   man   man   man   man   man   man   man    mare                                            ,0.7471910112359551,1.0344827586206897,False,punctuation_error;capitalization_error;spacing_error;extra_word_error
test,Moi mo tifi bizin rentre imtd fini fer enregistrement sane cou mo soner zot dir bizin atane lettre foder l'école rentré après 2 semaine ki pou rentre plutôt li ti conteigne fer so grade 10dan l'école même,"Moi mo tifi bizin rantre MITD, fini fer enregistrement. Sakut mo sone zot, zot dir bizin atann lettre, fode l'école rantre après 2 semaine ki pu rantre. Plutôt li ti kontiyn fer so grade 10 dan l'école même.",Moi mo  tifi bizin rentre ti dinn fenn erere terte t  on  on  oon  oon  on  on  or  or  i bizin  er  e  e  e  e  e  e  e  e  e  e  e  e  e  e                                                                                                                  ,0.6086956521739131,0.8947368421052632,False,punctuation_error;capitalization_error;spacing_error;missing_word_error
test,Les danger public faut enlever leur permis et voiture saisi definitivement,Les danger public faut enleve leur permis et voiture saisi definitivement.,Les danger public caut  enneee le lere permisi  toti e ti siisi i iiini tintiente.,0.3783783783783784,1.0909090909090908,False,capitalization_error;spacing_error;extra_word_error
test,Juste la mort q pu fer li ale,Just la mort qui pu fer li ale.,Ouste la mort     u fer li lala.,0.25806451612903225,0.5,False,capitalization_error;spacing_error;missing_word_error
test,"[NAME], nous gagne l'amende si saleté comme ça devant nous la porte..","[NAME], nous gagne l'amende si salte comme sa devant nous la porte..","[NAME], nous gagne lamamede si sa te te come  a dame dan  na to so porte..",0.29411764705882354,0.9166666666666666,False,capitalization_error;spacing_error;extra_word_error
test,Moi si mo pa apprécié enn zafer mo ti pou fer mo la route trankil ena bcp p commentaires dégradant pou met piti la down ena pencor conn la terre 7couleurs mais bougue inn fini gagnel’invitation pou alle lor rodrigue dieu inn crée l’homme par son image,Moi si mo pa apprécié enn zafer mo ti pu fer mo la route trankil. Ena buku pe commentaires dégradant pu met piti la down. Ena pankor kone la terre 7 couleurs mais bougue inn fini gagne l’invitation pu ale lor Rodrigues. Dieu inn crée l’homme par son image.,Moi si mo pa ppprécécien enn zafer mo  ou  pu fer  or  rot la  an  a pe koment  pa pe der dan  der dan  den  pa den  on  on  ou  ou  ou  ou  ou  ou  ou  ou  ou  inn  ou en                           ou  inn  ou  inn  ou  ou  ou  ou  ou  ou  ou  inn  ou  ou,0.62890625,0.8775510204081632,False,punctuation_error;capitalization_error;spacing_error;extra_word_error
test,"Coup son, twa croire 1 pasterrr dan lafrique 🤣🤣🤣🤣","Coup son, twa croire 1 pasterr dan l'Afrique. 🤣🤣🤣🤣",Coup sonn twa  crorie 1 pastrer dann laffrrieu 🤣🤣🤣🤣🤣🤣🤣🤣🤣🤣🤣🤣🤣🤣🤣🤣🤣🤣🤣🤣🤣🤣🤣🤣🤣🤣🤣🤣🤣🤣🤣🤣🤣🤣🤣🤣🤣🤣🤣🤣🤣🤣,1.0,0.6666666666666666,False,punctuation_error;capitalization_error;spacing_error
test,ROLE COAST GUARD KIETERRR???,ROLE COAST GUARD KIETE???,ROU  SA A TO TOU R  TI TI??????????????????????????????????????????????????????????????????????????????????????????????????????????????????????????????????????????????????????????????????????????????????????????????????????????????????????????????????????,9.64,2.0,False,punctuation_error;capitalization_error;spacing_error;extra_word_error
test,Pu securite sa. Tention patient sover allez. cumsa cav ferm gate la.,"Pu sekirite sa. Tention patient sove alem, kumsa kapav ferme gate la.",Pu seccurite sa  entionn patinn tont e la la kumsa kama  a a  a me  aate la aate la.,0.5217391304347826,1.3333333333333333,False,punctuation_error;capitalization_error;spacing_error;extra_word_error
test,Ki sa ban baya ki dne li conseil sa boug la li fou ousa li declar pagla rs 44 curepipe - port-louis bel bel chanzment p rod amener selmnt n zafr simple pa p kner,Ki sa bann baya ki donne li conseil sa boug la... Li fou ouswa li deklare pagla.. Rs44 Curepipe - Port Louis... Bel bel chanzment pe rode amenn selma enn zafer simple pa pe kone.,Ki sa bann bayy ki denn li consesile la bou ll lo  u  la  la  la  la                   re pr pre pre pe pe pe pe pe binn pe  e  e  e  e  e  e                                                                                                                  ,0.5393258426966292,0.8285714285714286,False,punctuation_error;capitalization_error;spacing_error;missing_word_error
test,Tou sa lasen la oblizer ena laho 40 a 50 lb poison sa. Sa travail la mo coner. Kot poison la ete? Bizin montre exhibit ek so gomon so poison tou. B lasen la in fini netoiyer met prop tou!,Tusa lasen la oblize ena lao 40 a 50 lb pwason sa. Sa travail la mo kone. Kot pwason la ete? Bizin montre exhibit ek so gomon so pwason tu. B lasen la inn fini netway met prop tu!,Tu sa lasen la bollize en  la  00000  50           a  a  a a a a  oo  oo  oon  oot on e  oi e  oi e  oi e  o  oi e  o  on  oi e  on  on  on  on  oi e  on  on  on  on  oi e  on  on  on  on  oi e  on  on  on  on  oi e  on  on  on  on  oi e  on  on  on  on  ,0.9050279329608939,1.6666666666666667,False,punctuation_error;capitalization_error;spacing_error;extra_word_error
test,Si li ti blesse mo famille mo ti pou bill li ziska li piss dans so cançon,"Si li ti blesse mo famille, mo ti pu bill li ziska li piss dans so canosn.",Si li ti blesse mo fammille mo  pu bili bili li zis zis  is si sa sa san sonn sonn sonnonn sonnonn sonnonn sonnonn sonnonn sonnonn sonnonn sonnonn sonnonn sonnonn sonnonn sonnonn sonnonn sonnonn sonnonn sonnonn sonnonn sonnonn sonnonn sonnonn sonnonn sonn,2.635135135135135,2.0588235294117645,False,punctuation_error;capitalization_error;spacing_error;extra_word_error
test,Dhabitube habituer prend la moitier caserne centrale pou alle fer arestation la bas,"D'habitube, habitue prend la moitie Caserne centrale pu ale fer arestation laba.",Dhabitubbe habiture prend la moitie cassere cenn cente la le are a eratetantant la aasa basa basa basa basa basa basa basa basa basa basa basa basa basa basa basa basa basa basa basa basa basa basa basa basa basa basa basa basa basa basa basa basa basa ba,2.4625,3.8333333333333335,False,punctuation_error;capitalization_error;spacing_error;extra_word_error
test,L'autorité bizin check l'année ban bus ena certain rende la fumee noir lor chemin et nou bizin respire sa,L'autorité bizin check l'année bann bus. Ena certain rande la fume noir lor chemin et nu bizin respire sa.,L'autorité bizin chek cannn bann bbunn bann  cerann der dane  aume  oume  oume  oumen  n  inn  ein pe peisi pe perise sa paise sa paise sa paise sa paise sa paise sa paise sa paise sa paise sa paise sa paise sa paise sa paise sa paise sa paise sa paise sa,1.7452830188679245,2.5789473684210527,False,punctuation_error;capitalization_error;spacing_error;extra_word_error
test,"[NAME], ine aret pren poule aster, li pren canard","[NAME], inn aret pran poule aster, li pran canard.","[NAME], inn aret pren pu las e ti li pren  annacararda.",0.34,0.7777777777777778,False,punctuation_error;capitalization_error;spacing_error;extra_word_error
test,La loi moris pan donn la police oken pouvoir Nek ena paper work Ici dimoun innocent p implik dan ban accident dan fausse a koz ban cochon ki content nek boire gramatin tanto met la vie publik en danger Govt pan fer narien et pa pu fer narien La cour mem zafer larguer sur parole caution liberer ale re fann kk,"La loi Moris pann donne la police okenn pouvoir. Nek ena paper work. Ici dimunn innocent pe implik dan bann accident dan fausse, akoz bann cochon ki kontan nek boire gramatin tanto met lavi publik en danger. Guvernman pann fer nanyin, et pa pu fer nanyin. Lakour mem zafer: larguer sur parole, caution, liberer, ale ar fann kaka.",La loi moris pan donn la police koki kon pouve  ekon  ko kor  ki ki   ki  i n  inn n  n  n  an  n  an dann dann dann dann  a kon  a kon  a kon  a  a  a  a  an  an  an  an  an  an  an  an  an  an  an  an  an  an  an  an  an  an  a  a  a  a  a  a  a  a  a  ,0.5896656534954408,1.0689655172413792,False,punctuation_error;capitalization_error;spacing_error;extra_word_error
test,"Bannes vrai la police cartron. Ene ferfoute zottes pa kpve fer. Chauffer block la route park cot gagné, la police cartron nek gueté","Bann vrai la police cartron. Enn ferfoute zot pa kapav fer. Chauffer block la route park kot gagne, la police cartron nek get.",Banne  raai la policeccerc rant nn ferfeut zot pe pe pe pe fer fer fer fer  la fare  a kot  a  a  a gagn  a gagn  a la ge la e  e  e  e  e  e  e  e  e  e  e  e  e  e  e  e te e  e te e  e te e  e te e  e te e  e te e  e te e  e te e  e te e  e te e  e te ,1.4365079365079365,3.130434782608696,False,punctuation_error;capitalization_error;spacing_error;extra_word_error
test,"[NAME], dimoune sa pa robo. Travail continuellement 36 heurs temps lerla to cozer!!. Ar to 8 hr ki to travail to fini fatiguer to p vinn coz pret serma?","[NAME], dimunn sa pa robo. Travail continuellement 36 heurs tan lerla to koze!!. Ar to 8hr ki to travail to fini fatigue to pe vinn koze prete sermen?","[NAME], dimunn sa pa  oro bor  aravilinn lentenn   he e  her se  e se  e  e  er  or  or                          ti ti ti ti ti ti ti ti ti ti pa ti pe  pre  pre  pe  pre ti pe pe pe pe pe pe pe pe pe pe pe pe pe pe pe pe pe pe pe pe pe pe pe pe pe pe pe ",1.1533333333333333,2.107142857142857,False,punctuation_error;capitalization_error;spacing_error;extra_word_error
test,Apres 30ans mone alle conne sa😕🫩 kan mo ti carem jamais mone rest carem alors🧐,"Apre 30 ans mon ale kone sa.😕🫩 Kan mo ti carem, jamais mon reste carem alors.🧐",Apres 300 san monn lale conn sa  aa  ko  ot ma mamem mamame  mamans  amare sarsa.,0.5256410256410257,1.0,False,punctuation_error;capitalization_error;spacing_error
test,Zamain ena suivi dans bane lopital. dans lopital jeetoo system ki amen ľair dans bane lasalle rempli ar la poussier minis bizin check sa surtout la salle ki bane mama ek tibaba bizin reste,Zame ena suivi dans bann lopital. Dans lopital Jeetoo system ki amenn l'air dans bann lasal rempli ar la poussier. Minis bizin check sa surtout la salle ki bann mama ek tibaba bizin reste.,Zamain ena suivi dans bann loplitala. la po tot let let et se se sa mans  an  ans  ans la  ans la la sa sa sa sa si sa si si sa sa sa sa sa sa sa bann sa bann sa ban  ban  ban  ban  ban  ban ban ban ban ban ban ban ban ban ban ban ban ban ban ban ban ban ,0.8138297872340425,1.6764705882352942,False,punctuation_error;capitalization_error;spacing_error;extra_word_error
test,Parent la pa rode so zenfants eski zot ena 1 peu responsabilité ou pas tous les temps ena banes insouciants kumsa,Parent la pa rode so zanfan? Eski zot ena 1 peu responsabilité ou pas? Tu letan ena bann insouciants kumsa.,Parent la pa  orde so zonfanns se zot en  e  pe pe pe sopisisti pu st se se se se sans sans sans sans sans sansansansansansansansansansansansansansansansansansansansansansansansansansansansansansansansansansansansansansansansansansansansansansansansansans,1.766355140186916,1.05,False,punctuation_error;capitalization_error;spacing_error;extra_word_error
test,Ki Nimeric Go🐐To PKoze Dimoun Pena Manger,Ki nimeric go? 🐐 To pe koze dimunn pena manze.,Ki Mimeric  oo  o zoz mimunn  anangegne.,0.391304347826087,0.9,False,punctuation_error;capitalization_error;spacing_error;missing_word_error
test,Eski la defunte pna ene membre de la famille ki pou kpave pren en charge sa bébé la?? Mo pa senti ki sa zenfant la pou korek ek sa canibal la so famille,Eski la defunte pena enn membre de la famille ki pu kapav pran en charge sa bébé la?? Mo pa senti ki sa zanfan la pu korek ek sa kanibal la so famille.,Eski la deffunn pan enn member de damali li ki pu ku pe pa pe pa pe  a ban  a ban  a ban  a ban  a  a  a  a  a  a  a  a a  a a ka a ka a ka a ka a ka a a  a a a la  a a la  a a la  a a la  a a la  a a la  a a la  a a la  a a la  a a la  a a la  a a la  a ,1.1258278145695364,2.3333333333333335,False,punctuation_error;capitalization_error;spacing_error;extra_word_error
test,Les guignols des casernes..🥴,Les guignols des Casernes..🥴,Les guginooss des casserens...,0.32142857142857145,0.5,False,punctuation_error;capitalization_error;spacing_error
test,Crypto li haraam alors bizin eloigner avec sa,Crypto li haraam alors bizin eloigner avec sa.,Crypto li  harama lar sor bizin eloigne ave ave sa.,0.2826086956521739,0.75,False,capitalization_error;spacing_error;extra_word_error
test,Line fini rentre moris aret perdi letem dimoune ici. Zour ban minis la mank rol zot lev 1 cou net tan dir li la.,"Linn fini rantre Moris aret perdi letan dimunn ici. Zur bann minis la mank role, zot leve 1 kut, net tande dir li la.",Linn fini rentre moris  ret perdi e demmimen  i ni i n  i n  inn mann mann la  la                                                                                   li li li li li li li li li li li li li li li li li li li li li li li li li li li li li li l,1.6153846153846154,1.875,False,punctuation_error;capitalization_error;spacing_error;extra_word_error
test,Enta system p met en place pu narien.... P met a point pu reduce accident etc.. Mo trouve pli aller accident p augmente eu... Tou sa ban system la dan vide sa... Mo trv sa c juste 1 facon p bez cash sa.,Enta system pe met en place pu nanyin.... Pe met a point pu reduce accident etc.. Mo truve plis ale accident pe augmente eu... Tusa bann system ladan vide sa... Mo truve sa se just 1 facon pe bez cash sa.,Enta sysyem me pe men place pu pa parrinn... Pe t pa poit pu decte decte decte te tre te pa ce pa ce pa ce de  a ce te ta e  a  a  a  a  a  a  a  a  a  a  a  a                                                                                                ,0.5343137254901961,0.9512195121951219,False,punctuation_error;capitalization_error;spacing_error;extra_word_error
test,Bien bizin met 1 seryer ar sa bane ki boir et fim simik o volant.... Ki to pou fair... Blie la polis.... Parski simple gard pas entord li parski li simple mem... Bane backing faible sa... Narien zot pa p kav fair parski tou lord vine depi zot chef et chef la oci ggn lorde... Mo prefere ggn case dan place mo fami ki innocent perdi lavie.... Ki to pou fair toi... Mone parer moi..,Bien bizin met 1 serye ar sa bann ki bwar et fim simik o volant.... Ki to pu fer... Bliye lapolis.... Parski simple garde pas antor li parski li simple mem... Bann backing faible sa... Nanyin zot pa pe kapav fer parski tu lord vinn depi zot chef et chef la osi gagne lord... Mo prefere gagne case dan place mo fami ki innocent perdi lavi.... Ki to pu fer toi... Mon pare moi..,Bien bizin met 1 sere  rer  aa bann ki biin  i mimi  o mom lo  ou to . . Li po pa pa pa pais.. Li pa pa sa pa sa pa sa pa pa sa pa pa pa pa pa pa pa pa pa pa pa pa pa pa pa pa pa pa pa pa pa pa pa pa pa pa pa pa pa pa pa pa  e  pa pa  e                   ,0.6170212765957447,0.8918918918918919,False,punctuation_error;capitalization_error;spacing_error;missing_word_error
test,Ena bezz bann femm haut gradé p servi van government ku madir la reine elizabeth p a travail fer shopping bann zomm adsu p risk zott la vie av 2 van pou fer arretatoin bann bareaux la drug zott cvp ggne coutt sapre ou batté pena ranfrote av zott la grand femm p tal fesse dan van conmisair police pa trov sa tout macro ministe met unifrom p assig dan bureau bann pauvre zott ki pena persone protege zott p bezz al arrte bann trafikant danger gutt sa video goodland lo la bann la police ki macro ministre ki ggne promotoin bravo government chagement in ler pou bezz coup pied tire ou dehor,Ena bez bann femme haut gradé pe servi van government kumadir la reine Elizabeth pe a travail fer shopping. Bann zom ADSU pe risk zot la viv avec 2 van pu fer arrestation bann bareaux ladrog zot kapav gagne. Kut sab ou bate pena ranfrote avec zot. La grand femme pe tal fesse dan van. Conmisair police pa truve sa tu macro minis met unifrom pe asize dan bureau bann pauvre zot ki pena personne protez zot pe bez ale aret bann trafikant danger get sa video Goodlands. Lo la bann la police ki macro ministre ki gagne promotoin. Bravo government chagement inn ler pu bez kut pied tire ou deor.,Ena bezz bann fem mam that grade pe ser vaviveng gavenn  an e marden  la dire la e  a bani e  a bant  a pa pa pa pa pa pa pa pa pa pa  a pa  a pa  a  a  a  a  a  a  a  a  a  a  a  a  a  a  a  a  a  a  a  a  a  a  a  a  a  a  a  a  a  a  a  a  a  a  a  a  ,0.6932203389830508,0.954954954954955,False,punctuation_error;capitalization_error;spacing_error;missing_word_error
test,Kan to guet li mem li dégoûtant sa bouge la,"Kan to get limem, li dégoûtant sa boug la.",Kan to  gut li mem li digngottant sa bouge la.,0.21428571428571427,0.5555555555555556,False,punctuation_error;capitalization_error;spacing_error;extra_word_error
test,Ncc c 1 couloir d la mort pna mm bon lapproche ni treatment ki bizin dn sa lopital la p dpense par milliard pna bon technician ni bon element money minded kn ou perdi ou fami ou va senti amene docters depi etranger ki conner expert dn tretment cancer pu cpv sapp bn patients ki p soufert,NCC se 1 couloir de la mort. Pena mem bon lapproche ni treatment ki bizin dan sa lopital la. Pe depense par milliard. Pena bon technician ni bon element. Money minded. Kan ou perdi ou fami ou va senti. Amenn docters depi etranzer ki kone expert dan tretman cancer pu kapav sap bann patients ki pe sufer.,Rcc c 1 1 koulor d  a  or tor pa man  bonn lappopecheche ti tint tinn  n  an   pa pa pa pa pa pa pa pa pa pa pa pe pa pe dinn  n  n  n  n  n  n  n  n  n  n  n  n  n  n  n  n  n  enn denn denn denn denn denn denn denn denn  ent denn ent ent ent ent ent ent,0.6336633663366337,1.1578947368421053,False,punctuation_error;capitalization_error;spacing_error;extra_word_error
test,"[NAME], oun mal compren pan dire ou night zot pas pu fer consultation mais pluto combien heure travail zot p kozer","[NAME], ou mal konpran. Pann dire ou night zot pas pu fer consultation mais plito combien heure travail zot pe koze.","[NAME], oun mal comprenn pann dire  ou gighe zot pa pu pu soustu toution  momin   oume  e  e  e  e  e  e trave  zot  zot zot zot zot zoz zoz zoz zoz zoz zoz zoz zoz zoz zoz zoz zoz zoz zoz zoz zoz zoz zoz zoz zoz zoz zoz zoz zoz zoz zoz zoz zoz zoz zoz zo",1.5517241379310345,2.4761904761904763,False,punctuation_error;capitalization_error;spacing_error;extra_word_error
test,"Camion full entor,, premierment li pa arete pou regard 2 cote, paret li presser.. E mo sur sofer camion ine bizen trouve ki van p flass, sofer camion li sorti mem.., 1 bon sofer ti bizen coner kan 1 transport p flass bizen ena 1 problem, e 2eme paret van la ena 1 problem par c ki li p flass avant mem li trouve camion la.. Mo pence van la ine gagner problem frain???","Camion full antor. Premierment li pa aret pu regard 2 kote, paret li presse.. Et mo sur sofer camion inn bizin truve ki van pe flass, sofer camion li sorti mem.., 1 bon sofer ti bizin kone kan 1 transport pe flass bizin ena 1 problem, et 2eme paret van la ena 1 problem par seki li pe flass avant mem li truve camion la... Mo pense van la inn gagne problem frein???","Camion  lul  nntor, prememmement li pa pare pe re gare                                  so er se so  e  so  e                                                                                                                                                  ",0.7506849315068493,0.9452054794520548,False,punctuation_error;capitalization_error;spacing_error;missing_word_error
test,Vin lesson mo mntre ou en detail😂 ena prof pa mem kne zelev dn so classe so nom ni dn lesson😂,Vinn lesson mo montre ou en detail.😂 Ena professeur pa mem kone zelev dans so classe so nom ni dan lesson.😂,Vinnllesson mo montre  on ende datalla  pa pe pe pe pe meme  en  n  n  n  so so so so son  nn sonn sonsonsonsonsonsonsonsonsonsonsonsonsonsonsonsonsonsonsonsonsonsonsonsonsonsonsonsonsonsonsonsonsonsonsonsonsonsonsonsonsonsonsonsonsonsonsonsonsonsonsonson,1.8037383177570094,1.0,False,punctuation_error;capitalization_error;spacing_error;extra_word_error
test,Courage à toi mo tonton😭🕊 rip [NAME] 🙏,Courage à toi mo tonton😭🕊 RIP [NAME]. 🙏,Courage   oo  oo tontonn  ri pr [NAME] .,0.3333333333333333,0.875,False,capitalization_error;spacing_error
test,Moi mo dire donne xot synthe donne xot encore laisse cot trouv la lumiere,Moi mo dire donne zot synthe. Donne zot encore. Laisse kot truve la limyer.,Moi mo dire donn  ott sy tyend donn  oon enone lor so so so so  la  la lu limereere.,0.48,1.0714285714285714,False,punctuation_error;capitalization_error;spacing_error;extra_word_error
test,"[NAME], mone écrire li pas 1 batiara","[NAME], mon écrire: li pas 1 batiara.","[NAME], monn  crrire li pa s  1 battaraara.",0.2702702702702703,0.7142857142857143,False,punctuation_error;capitalization_error;spacing_error;extra_word_error
test,Rodriguais fort lors fer business simik drugs matters bourik zamais fine alle lecole sa batiara la bour zot dans du feux,Rodriguais fort lor fer business simik drugs matters. Bourik zame finn ale lekol sa batiara la. Boure zot dans du feux.,Rodriguais fort lor  ros fers sisissis sime  dire sa tre sour sa bamizi  la fer la la la la ban la ban  a  a  a  a  u du du du du du du du du du du du du du du du du du du du du du du du du du du du du du du du du du du du du du du du du du du du du du du,1.5798319327731092,3.238095238095238,False,punctuation_error;capitalization_error;spacing_error;extra_word_error
test,Sa mm bane dimoune ki ti bizin pli bien payé sa pas facile la bane dimoune bizin met zot salté dan sac poubelle bien,Samem bann dimunn ki ti bizin plis bien payé sa. Pas facile la. Bann dimunn bizin met zot salte dan sac poubelle bien.,Sa mm bann dimunn ki ti bizin pi pi binn paye pa sa fan  aa  a bann  binn  bizin  zon  zot  a  a bann  a bann  bane bane bane bane bane bane bane bane bane bane bane bane bane bane bane bane bane bane bane bane bane bane bane bane bane bane bane bane bane,1.5084745762711864,2.0869565217391304,False,punctuation_error;capitalization_error;spacing_error;extra_word_error
test,Bzn met laline jaune n koter problm fini..,"Bizin met laline jaune enn kote, problem fini..",Bzznn met lalinn junn nn no kot problle finn..,0.2765957446808511,1.0,False,punctuation_error;capitalization_error;spacing_error;extra_word_error
test,Toujours le maintien de suspense par paul est un perte de temps au lieu de travailler pour le pays ki li meme ti dire ti enbas lao avec ancien regime.. Tous les semaines suspenses meme. Dire li pran so critik ek so decision ale lakaz ene fois. Pas ti vote li pu garde pays en suspense couramment,Toujours le maintien de suspense par Paul est un perte de tan au lieu de travayer pour le pays ki limem ti dire ti enba lao avec ancien regime... Tu les semaines suspenses mem. Dire li pran so critik ek so decision ale lakaz enn fois. Pas ti vote li pu garde pays en suspense couramment.,Tujourrs le maintiend dessessense pa pau le pe te te te te te  e pe  e  e  e  e  e  e  e  la pe le  li pe li e  e  i e  e  i e  e  i e  e  e  e  e  e  e  i e  e  e  e  e  e  e  e  e  e se  e se  e se  e se se  e se  e se se  e sa se  e sa se  e sa se  e  ,0.5818815331010453,1.3571428571428572,False,punctuation_error;capitalization_error;spacing_error;extra_word_error
test,Is it a movie 😂 but thanks god hats off ma'am 🙏,"Is it a movie? 😂 But thanks God, hats off ma'am. 🙏",Is  tt a movie     butt thans god ghot ha faffam mama.,0.46,0.8333333333333334,False,punctuation_error;capitalization_error;spacing_error;missing_word_error
test,P envie aller selma p rode post minis finance aller laisse place pou bann jeune,"Pe anvi ale, selma pe rode post minis finance? Ale, laisse place pu bann jeune.",Pe envie laller sele  pa prode post minn sinn finn  lanse la la sa pa sa pu enn ennennennennennennennennennennennennennennennennennennennennennennennennennennennennennennennennennennennennennennennennennennennennennennennennennennennennennennennennennenne,2.5822784810126582,1.0666666666666667,False,punctuation_error;capitalization_error;spacing_error;extra_word_error
test,An tt cas c'etait un histoire dormi diboute sa si faire un bon enquetre pour etonne moi ki li meme kine organise so propre enlevement car pareil un rodeur role et attention seeker,Entuka c'etait un histoire dormi deboute sa. Si faire un bon lanket pour etonne moi ki limem kinn organise so propre enlevement car pareil un rodeur role et attention seker.,Ann t cass cettitt  n  histior dormidi di bi u sa fire        n  nou enn enn en  on en  oi en  oi e  e  e  e  e  e  en en en en en en en en er en  er en  rene  er er e  er en er en er en er en ere e  ere e  ere e  ere e  ere e  ere e  ere e  ere e  ere e ,0.9710982658959537,2.3333333333333335,False,punctuation_error;capitalization_error;spacing_error;extra_word_error
test,Done moi 5 case ki smf fine impliker dans rodrigue pendant ca dernier 15 ans la z,Donne moi 5 case ki SMF finn impliker dans Rodrigues pendant sa sernier 15 ans la?,Donn moi  s sas ki s fifinn implile danderdire gedindend dandand  dan       a  a sa  a sa la la la la zan la zan la zan la zan la zan la zan la zan la zan la zan la zan la zan la zan la zan la zan la zan la zan la zan la zan la zan la zan la zan la zan la,2.5121951219512195,3.875,False,punctuation_error;capitalization_error;spacing_error;extra_word_error
test,Sha mo bb shaaaaa,Sa mo bebe sa.,Sha mo bbbbahaaaaaaa.,0.7857142857142857,0.75,False,capitalization_error;spacing_error;missing_word_error
test,"[NAME], en 2026, dimoun encore ena mentalité kuma ou? Kan li ti juré pou fer travail la, lerla line vine robot ou sois li encore humain?","[NAME], en 2026, dimunn encore ena mentalité kuma ou? Kan li ti juré pu fer travail la, lerla linn vinn robot ouswa li encore humain?","[NAME], enn 2026 dimimunn encore en enn mannt lamauti  u  u  u  u  u  u  u  u  u  u  la  la le la li li li n  ou  ou  ou  ou  ou  ou  ou  ou  ou  ou  ou  inn  ou  ou  inn  ou  inn  ou  inn  ou  inn  ou  inn  ou  inn  ou  inn  ou  inn  ou  inn  ou  inn  ou",1.3157894736842106,2.32,False,punctuation_error;capitalization_error;spacing_error;extra_word_error
test,"Si li saine d'esprit, nou conner cote li eté","Si li sain d'esprit, nu kone kot li ete.",Si li saine despriti  no conn conte let let et tet.,0.475,1.0,False,punctuation_error;capitalization_error;spacing_error;extra_word_error
test,Einn ine renvoye lhr ki li pu terminer aster 🤔,Einn inn renvoye! lhr ki li pu terminer aster. 🤔,Einn inn  renvoyy le  i li pu te meminn ranter erter.,0.3958333333333333,0.7,False,punctuation_error;capitalization_error;spacing_error;extra_word_error
test,Touletemp ziss laveil lanée lanée passer si mo rapel ti al saisi poison irla full lané re dormi,Tultan zis lavey lane. Lane passe si mo rapel ti ale saisi pwason. Lerla full lane re dormi.,Tuulemmpe ziss lavellllan lan lane passe si so prepe li pa pais li lis i li li li li la la la la la lor  ron  ror  dor dor dor dor dor dor dor dor dor dor dor dor dor dor dor dor dor dor dor dor dor dor dor dor dor dor dor dor dor dor dor dor dor dor dor ,2.119565217391304,3.3333333333333335,False,punctuation_error;capitalization_error;spacing_error;extra_word_error
test,"[NAME], 😍😍maniere inn souffer pou ggn sa ou","[NAME], 😍😍maniere inn sufer pu gagne sa ou.","[NAME], mamaniee  nnn souffer pu gagn  sa sa  ou ou ou.",0.4186046511627907,0.875,False,capitalization_error;spacing_error;extra_word_error
test,"10 roupie tombé lor chemin seki pa pou li aussi fini vine propriétaire, 114 millions pena propriétaire?? Pe zoué couk cassiète?? Angus road enkor pe fer l'enquette mem. Fcc met ene sèrié dow","10 roupie tombe lor chemin seki pa pu li aussi fini vinn propriétaire, 114 millions pena propriétaire?? Pe zwe couk kasyet?? Angus road ankor pe fer lanket mem. FCC met enn serye dow.",10 roupie tombéble lor cheminn se si pu pu si i i iin  iini pi ini pi priritire  1 1 minn  preri pe pe pe pe pe pe pe pe  e  e  e  e  e  e  e  e  e  e  e  e  e  e  e  e  e  e  e  e  e  e  e  e  e  e  e  e  e  e  e  e  e  e  e  e  e  e  e  e  e  e  e  e  e,0.8797814207650273,2.121212121212121,False,punctuation_error;capitalization_error;spacing_error;extra_word_error
test,"[NAME], c'est enn traffic d'influence ki déroulé entre auto école et examinateur, ena fini signalé pou fer fail parski ena bon poste travail donc pou kapav continuer paye auto école","[NAME], c'est enn traffic d'influence ki derule entre auto école et examinateur. Ena fini signal pu fer fail parski ena bon poste travail donc pu kapav kontiyn peye auto école.","[NAME], c'esst enn traffific dinnfenn cenn kur er  reutée te toute  et  et ent ent ent en  ainn  inn  inn  i n  pa fer pa pa pa pa pa pa pa pa pa pa pa pa pa pa pa pa pa pa pa pa pa pa pa pa pa pa pa pa pa pa pa pa pa pa pa pa pa pa pa pa pa pa pa pa pa p",0.9431818181818182,2.2,False,punctuation_error;capitalization_error;spacing_error;extra_word_error
test,Van la p rod l'assurance sa,Van la pe rode l'assurance sa.,Van la  p  oodd lasssursance sa.,0.23333333333333334,0.5,False,capitalization_error;spacing_error
test,couraze alla fami,Couraz a la fami.,Pouraze alla fami.,0.17647058823529413,0.75,False,capitalization_error;spacing_error;missing_word_error
test,B la ki zot pou fer avec sa bane poisson la,B la ki zot pu fer avec sa bann poisson la?,B la ki zot pu fer  are a sa bann poissonson.,0.18604651162790697,0.36363636363636365,False,punctuation_error;capitalization_error;spacing_error
test,60000 Alle morf la ciebdictatur,60000 ale mort la. Ciebdictatur!,000000 llle mor far la cicicictutur.,0.46875,1.2,False,punctuation_error;capitalization_error;spacing_error;extra_word_error
test,Sori mo p dir sa apel sa parent iresponsable mw osi mo 1 parent mo ena zenfant pourtan mo zenfant ena 7ans kan nu ale la mer ler ban zenfant rent dan delo mo fer mo devoir papa mo vin debout dan bor delo mo get zot mo mem rent ziska 1 hauter kot mo fini dir zot pas travers mw mo deboute mo vey zot couma mo dir sorti sorti zame mo laiss zot 1 secon dan la mer tousel mem si zot p zoue dan bor avk disable ek la mer mo la,"Sori mo pe dir sa apel sa. Parent iresponsable. Mwa osi mo 1 parent mo ena zanfan pourtan mo zanfan ena 7 ans, kan nu ale la mer ler bann zanfan rantre dan dilo. Mo fer mo devoir papa mo vinn debout dan bor dilo. Mo get zot, momem rantre ziska 1 hauter kot mo fini dir zot pas travers mwa. Mo deboute mo veye zot: kuma mo dir sorti sorti, zame mo less zot 1 secon dan la mer tousel mem si zot pe zwe dan bor avek disable ek la mer, mo la.",Sori mo  pe dir sa sape sa parent rens penssans bo so  o  o  o  on  mann mann mann  ann  ann  ann  ann  ann  ann  ann  ann  ann  ann  e  an  e  a  e  a  e                                       o  o  o  o  o  o  o  o  o  o  o  o  o  o  o  o  o  o  o  o  o ,0.6278538812785388,0.9368421052631579,False,punctuation_error;capitalization_error;spacing_error;missing_word_error
test,Pou Mover Zair pa Rentre.,Pu move air pa rantre.,Pou oover  air  pa  ennte..,0.45454545454545453,0.6,False,punctuation_error;capitalization_error;spacing_error
test,"[NAME], alors si toi tone envi pou couyone lepep la encor mo bizin laisse toi al fer micro trottoir pou coner si navin ou soit 1 lot kk pli bon ki Pravin good lick","[NAME], alors, si toi tonn anvi pu kuyonn lepep la ankor, mo bizin laisse toi ale fer micro trottoir pu kone si Navin ouswa 1 lot kaka plis bon ki Pravin. Good luck.","[NAME], alorr si si to tonn env pu kouyon le le le le la  on  on  oizi  li  i i so so  i  or  or  or i  or or i  oi  o  o  o  o  o  o  o  o  o  o  o  o  o  o  o  o  o  o  o  o  o  o  o  o  o  o  o  o  o  o  o  o  o  o  o  o  o  o  o  o  o  o  o  o  o  o  ",1.0242424242424242,2.1818181818181817,False,punctuation_error;capitalization_error;spacing_error;extra_word_error
test,"Parler pour ne rien dire!! Zero update. Pa mm kner ki goal zot ena apres ki fini zot workshop.. Zot deza ine classe li comme illegal drug, b workshop pu kieter? Zot p geter si vremm li illegal? Zot pa sure? Ou boen p rode formule plan pu legaliser ou decriminalizer?","Parler pour ne rien dire!! Zero update. Pa mem kone ki goal zot ena apre ki fini zot workshop.. Zot deza inn classe li comme illegal drug, b workshop pu kiete? Zot pe get si vremem li illegal? Zot pa sure? Ou bien pe rode formule plan pu legalize ou decriminalize?",Parler pur  nn reni dire  er  u dupa damame  kome kom ko ko  kot  a  o  o  i zot  o  o  o  o  o  o  o  o  o  o  o  o  o  o  e  o  e  ou e       ou e                                                                                                           ,0.6439393939393939,0.9607843137254902,False,punctuation_error;capitalization_error;spacing_error;missing_word_error
test,Mashallah,MashaAllah.,Mashalla.,0.18181818181818182,1.0,False,capitalization_error;spacing_error
test,Camion la full entord mais ene zafer louche¾ camion la fini sorti couma soffeur van la pane trouve li,"Camion la full antor mais enn zafer louche. ¾ camion la fini sorti, kuma sofer van la pann truve li?",Camion la full entord mais enn zafer  ouchecheman  laminn soi  ou  oufir  ou  a fanfer  a an  a an  la  a a  la ve van  la ve van  la ve van  la vine la la la la la la la la la la la la la la la la la la la la la la la la la la la la la la la la la la la ,1.82,2.95,False,punctuation_error;capitalization_error;spacing_error;extra_word_error
test,Nuvo wi pu public b zot mem pa res p narien,"Nuvo wi pu public, b zot mem pa res pe nanyin.",Nuvo  i pu public bbot bot mem pa pe pe pe parrinnnnnnnnnnnnnnnnnnnnnnnnnnnnnnnnnnnnnnnnnnnnnnnnnnnnnnnnnnnnnnnnnnnnnnnnnnnnnnnnnnnnnnnnnnnnnnnnnnnnnnnnnnnnnnnnnnnnnnnnnnnnnnnnnnnnnnnnnnnnnnnnnnnnnnnnnnnnnnnnnnnnnnnnnnnnnnnnnnnnnnnnnnnnnnnnnnnnnnnnnnnnnnn,4.760869565217392,0.6363636363636364,False,punctuation_error;capitalization_error;spacing_error;extra_word_error
test,"[NAME], saki ti p rod amen cigarette laa. In prend 1 pou fumer tousa zeffort li fr laa😂","[NAME], seki ti pe rode amenn cigarette la. Inn prend 1 pu fume tusa zefor li fer la.😂","[NAME], saki ti pe prod  amen cigarette la  nn pr den  pu  u fumu  u fer fer fer fir la far la la.",0.37209302325581395,0.9444444444444444,False,punctuation_error;capitalization_error;spacing_error;extra_word_error
test,Mo fer météo la mo mm gros lapli kot moi boss,Mo fer météo la momem: gros lapli kot moi boss.,Mo fer mééto lla mom gro so salli kot kot moo bossoss.,0.3829787234042553,0.9,False,punctuation_error;capitalization_error;spacing_error;extra_word_error
test,9 ere di matin dan britannia 🤪🤣. You need to have 2 lungs to compete with them down there 🍺🍺🍺🤪🤣,9 ere di matin dan Britannia. 🤪🤣 You need to have 2 lungs to compete with them down there. 🍺🍺🍺🤪🤣,De ere di mattinn dann brinnann a    ou den  e  ha vave                  ot to the the the hot he hot e  he  e  e  e  e  e  e  e  e  e  e  e  e  e  e  e  e  e  e  e  e  e  e  e  e  e  e  e  e  e  e  e  e  e  e  e  e  e  e  e  e  e  e  e  e  e  e  e  e  e ,2.0729166666666665,3.4,False,punctuation_error;capitalization_error;spacing_error;extra_word_error
test,Headquarter la Police pa Caserne sa?,Headquarter la police pa Casernes sa?,Headquurater la lolice pa sasserens sa?,0.1891891891891892,0.5,False,capitalization_error;spacing_error
test,Bus pena li bizin ale lecole li bizin apandan mam,Bus pena li bizin ale lekol li bizin apandan mem.,Bus pena li bizin ale le leclle li bizin aannana mamamammammammammammammammammammammammammammammammammammammammammammammammammammammammammammammammammammammammammammammammammammammammammammammammammammammammammammammammammammammammammammammammammammammamm,4.346938775510204,0.4,False,punctuation_error;capitalization_error;spacing_error;extra_word_error
test,"Camion la full entor oui, me toi n temps ki to n sofer si kav evite evite 💯","Camion la full antor oui me toi an tan ki to enn sofer si kapav evite, evite. 💯",Camion la full entor ou  ot toi te te mes  ki  o  o for so so se saveveveve vivete et vet et et et et et et et et et et et et et et et et et et et et et et et et et et et et et et et et et et et et et et et et et et et et et et et et et et et et et et et ,2.5316455696202533,3.9444444444444446,False,punctuation_error;capitalization_error;spacing_error;extra_word_error
test,Bnsr contacter moi,"Bonsoir, contacter moi.",Bnns  contacceter moi.,0.30434782608695654,0.6666666666666666,False,punctuation_error;capitalization_error;spacing_error
test,Sa oui progrès par malediction,"Sa oui, progrès par malediction.",Sa oui progrèss par malediciconnon.,0.21875,0.6,False,punctuation_error;capitalization_error;spacing_error
test,Paret fami lamemd malad pas vini maurice nous ena a ce criminal la ce qui ou garson fer la ti bizen jette li ar crocodile sa,"Paret fami lamem malade. Pas vini Maurice. Nous ena a se criminal la. Ce qui ou garson fer la, ti bizin jette li ar crocodile sa.",Paret famii lamem mamad da das vinn maurice  n  n  ar sa ce ci i la cou                                       i e  e  e  e  e  e  e  e  e  li le  la core la coile la  a la la la la la la la la la la la la la la la la la la la la la la la la la la la la la,1.4186046511627908,2.3461538461538463,False,punctuation_error;capitalization_error;spacing_error;extra_word_error
test,Si znfn Kumsa zrdi C akz parents kan miss bat zot dn lkl zot Al lagur dn lkl aster bne znfn la truV zot kav fr cki zot envi zot parents pu la… akz nu dn nu lepok pas ti ena sa,"Si zanfan kumsa zordi, se akoz parents. Kan miss bate zot dan lekol, zot ale lager dan lekol. Aster bann zanfan la truve zot kapav fer seki zot anvi, zot parents pu la… akoz nu dan nu lepok pas ti ena sa.",Si zznn  ummsa zir    ka kazan sann sans mans mat  zot  la la lla la la la la la  la  la  la  an  zon  zot  zot  zot  zot zot  zot zot  a                                                                                                                      ,0.6029411764705882,0.8809523809523809,False,punctuation_error;capitalization_error;spacing_error;missing_word_error
test,Nou envi kone [NAME] aster nou kapav dir si li vilain ou pas 🤣🤣🤣🤣🤣🤣🤣🤣🤣🤣🤣🤣🤣🤣,Nu anvi kone [NAME] aster. Nu kapav dir si li vilain ou pas. 🤣🤣🤣🤣🤣🤣🤣🤣🤣🤣🤣🤣🤣🤣,Nu ennvi konn [NAME] aster  na kapa vi vii i i i  i    🤣🤣🤣🤣🤣🤣🤣🤣🤣🤣🤣🤣🤣🤣🤣🤣🤣🤣🤣🤣🤣🤣🤣🤣🤣🤣🤣🤣🤣🤣🤣🤣🤣🤣🤣🤣🤣🤣🤣🤣🤣🤣🤣🤣🤣🤣🤣🤣🤣🤣🤣🤣🤣🤣🤣🤣🤣🤣🤣🤣🤣🤣🤣🤣🤣🤣🤣🤣🤣🤣🤣🤣🤣🤣🤣🤣🤣🤣🤣🤣🤣🤣🤣🤣🤣🤣🤣🤣🤣🤣🤣🤣🤣🤣🤣🤣🤣🤣🤣🤣🤣🤣🤣🤣🤣🤣🤣🤣🤣🤣🤣🤣🤣🤣🤣🤣🤣🤣🤣🤣🤣🤣🤣🤣🤣🤣🤣🤣🤣🤣🤣🤣🤣🤣🤣🤣🤣🤣🤣🤣🤣🤣🤣🤣🤣🤣🤣🤣🤣🤣🤣🤣🤣🤣🤣🤣🤣🤣🤣🤣🤣🤣🤣🤣🤣🤣🤣🤣🤣🤣🤣🤣🤣🤣🤣🤣🤣🤣🤣🤣🤣🤣🤣🤣🤣🤣🤣🤣🤣🤣🤣🤣🤣🤣🤣🤣🤣🤣🤣🤣,2.72,0.8571428571428571,False,punctuation_error;capitalization_error;spacing_error
test,Zot ti fini monte prix la aster in baisse li 1 tigit 😂 😂,"Zot ti fini monte prix la, aster inn bese li 1 tigit. 😂 😂",Zot ti fini mont pris la aaster  inn biss  i  i ti ti ti t t.,0.2982456140350877,0.8571428571428571,False,punctuation_error;capitalization_error;spacing_error;extra_word_error
test,Combien accident p arrv sa mois la.. Bane chauffeur transport la p rode sa permit a point veni plu vite possible kuma p trv la 🤔😞🙏,Combien accident pe arrive sa mois la. Bann chauffeur transport la pe rode sa permis a point vinn plis vite posib kuma pe truve la. 🤔😞🙏,Combien  cccident par var va sois la. Bann chaufer prert pror prot pre pa pe pe pe pe pe pe pe pi pe pu pu pu pu pu pu pu pu pu                                                                                                                                ,0.5037037037037037,1.0769230769230769,False,punctuation_error;capitalization_error;spacing_error;extra_word_error
test,Alez dire moi aster eski peemis a point p fer zot peur.. Mo ti dire sa li pa pou sanze nanrien sa akoz zis asoir ki enan bku inpreudant akoz pnan lapolice asoir,Ale dire moi aster eski permis a point pe fer zot peur.. Mo ti dire sa li pa pu sanze nanyin sa akoz zis aswar ki ena buku inprudant akoz pena lapolis aswar.,Alez dire moi asse esse ee eememis pais pe pe pe pe pe pe pe pe pe pe di pi di pa  i  a  a zan  an  anzin  an  kizin  an  ki ki ki kan  an an an an an an an an an an an an pa pa pa pa pa pa pa pa pa pa pa pa pa pa pa pa pa pa pa pa pa pa pa pa pa pa pa pa,1.0764331210191083,2.121212121212121,False,punctuation_error;capitalization_error;spacing_error;extra_word_error
test,Public la bas ti bizin Fer li desouler ar bater mem li mort koumsa la loi pas ti pour kapav ferme tous public,Public laba ti bizin fer li desouler ar bate mem li mort. Kumsa la loi pas ti pour kapav ferme tu public.,Public la bass ti bizin  er le desoule ra barte mem mom mom mom mom  lo  la  o sa pa pa pa pa pa pu pu pu pu pu pu pu pu pu pu pu pu pu pu pu pu pu pu pu pu pu pu pu pu pu pu pu pu pu pu pu pu pu pu pu pu pu pu pu pu pu pu pu pu pu pu pu pu pu pu pu pu pu,1.7809523809523808,3.272727272727273,False,punctuation_error;capitalization_error;spacing_error;extra_word_error
test,Kan mo dir où ’karma’ p vini 🫵,Kan mo dir ou ’karma’ pe vini. 🫵,Kan mo  dir oo  karama pe vinn  ini .,0.34375,0.625,False,capitalization_error;spacing_error;extra_word_error
test,2pie kan emtel ti faire myt money boss,"Depi kan Emtel ti faire MY.T money, boss.",Dpie kan emmell ti faire met monny bons sossss.,0.43902439024390244,0.75,False,punctuation_error;capitalization_error;spacing_error;extra_word_error
test,"[NAME], bizin met gros l'amende... Nek laguerre tou le jours","[NAME], bizin met gros l'amende... Nek lager tulezur.","[NAME], bizin met gross lamande... AME] lagere tu lou lu uur.",0.3018867924528302,1.0,False,capitalization_error;spacing_error;extra_word_error
test,B nene caver bizn al rod licien la ci la non,B nene kave? Bizin ale rode lisyin la si la non.,B nnn cavever bizin al rodd li licien la ca la  n nnnnnnnnnnnnnnnnnnnnnnnnnnnnnnnnnnnnnnnnnnnnnnnnnnnnnnnnnnnnnnnnnnnnnnnnnnnnnnnnnnnnnnnnnnnnnnnnnnnnnnnnnnnnnnnnnnnnnnnnnnnnnnnnnnnnnnnnnnnnnnnnnnnnnnnnnnnnnnnnnnnnnnnnnnnnnnnnnnnnnnnnnnnnnnnnnnnnnnnnnnnnn,4.625,0.9090909090909091,False,punctuation_error;capitalization_error;spacing_error;extra_word_error
test,Mme to don naissance n satan aret raconte zistoire,"Madame, to donne naissance enn satan aret raconte zistwar.",Mme to donn naissancenn sant aantrant  zot zistior.,0.3620689655172414,0.8888888888888888,False,punctuation_error;capitalization_error;spacing_error;missing_word_error
test,"Ala zistwar bolom loulou, al raconte sa dans ou Cameroune la bas. Vous avez fumé la moquette ou quoi!","Ala zistwar bolom loulou, ale raconte sa dans ou Cameroun laba. Vous avez fume la moquette ou quoi!",Ala zistwar  bolomol loul la la arante sa dann sa  aamenn la  a sa sa sa  au  u  u  u  u u u u u u u u u u u u uu u uu uu uu uu uu uu uu uu uu uu uu uu uu uu uu uu uu uu uu uu uu uu uu uu uu uu uu uu uu uu uu uu uu uu uu uu uu uu uu uu uu uu uu uu uu uu u,2.0202020202020203,4.333333333333333,False,punctuation_error;capitalization_error;spacing_error;extra_word_error
test,Eski pu amene sa comme alibi dans la cour ou zot famille pu alle bourer,Eski pu amenn sa comme alibi dans lakour ou zot famille pu ale boure?,Eski pu  memen sa comme ali bain  la  ku kou  ou  ou  a mamille pu le bule burererererer.,0.5217391304347826,0.8571428571428571,False,punctuation_error;capitalization_error;spacing_error;extra_word_error
test,"All cheke lor ilot phare, ki sanla p camper illegal., sans toilet.. Tout malpropre faire dans patrimoines.,. Et lendemain 100 tn des touristes pour visite et senti zot malpropreter🤮🤮","Ale chek lor I lot phare, kisanla pe camper illegal, sans toilet.. Tu malpropre faire dans patrimoines.,.. Et lendemain 100 tonn des touristes pour visite et senti zot malpropte.🤮🤮",All cheek lor li tot pare  ki sa san pa pa pa ple la la la la la la la la pare pare par pare par pare pa parisiens  ant sa tinn sa ti se ti se ti st ti ti ti ti ti ti ti ti ti ti ti ti ti ti ti ti ti ti ti ti ti ti ti ti ti ti ti ti ti ti ti ti ti ti ti t,0.9277777777777778,2.5517241379310347,False,punctuation_error;capitalization_error;spacing_error;extra_word_error
test,Ban parent iresponsable sa Pou ki inn arrive sa,Bann parent iresponsable sa pu kinn arrive sa.,Bann parent irespessonsable sa  u ki ni ni arrivevave sa.,0.2608695652173913,0.75,False,capitalization_error;spacing_error;extra_word_error
test,"Mo croire apres cotomili rentrer, pou ena lock out","Mo croire apre cotomili rantre, pu ena lock out.",Mo croire  ppres cotoili rentrerre pu  n an lokokot ou tout.,0.3958333333333333,0.8888888888888888,False,punctuation_error;capitalization_error;spacing_error;extra_word_error
test,"[NAME], oui exactement li ena 17 ans et li fer babysitting donc au contraire mo trouve bien qui li tracer pou gagne so cass… non la majorité p amerder b ki laze li pou ale travail 30 ans.","[NAME], oui exactement! Li ena 17 ans et li fer babysitting donc au contraire mo truve bien qui li tracer pu gagne so kas… non la majorité pe amerde b ki laz li pu ale travail 30 ans.","[NAME], oui extactement li en  1  an  an  li le fer bibistinn gont gont  our  ou  ou  ou  i  i  i                  a  a  a  a  a  a  a  a  a  a  a  a  a  a  a  a  a  a  a                                                            la  la  la  la  la  la  l",0.912568306010929,1.131578947368421,False,punctuation_error;capitalization_error;spacing_error;extra_word_error
test,Policier la enfant li,Policier la enfant li.,Policier la enfann li li.,0.18181818181818182,0.5,False,capitalization_error;spacing_error;extra_word_error
test,Dan moris ena sa qualité fam open minded cumsa impè bizarre selma,"Dan Moris, ena sa qualité fam open minded kumsa? Enpe bizar selma.",Dan morris enn sa qulatité  fam ponn mind dimem mams pi pi pi parere semalamemala.,0.5303030303030303,1.0,False,punctuation_error;capitalization_error;spacing_error;extra_word_error
test,Kan pou arrete fer rallye moto dan maurice??? Ban parent ki zot zenfant fer rallye ki ena pou dire??,Kan pu aret fer rally moto dan Maurice??? Bann parent ki zot zanfan fer rally ki ena pu dire??,Kan pu  arret fer rrllye mot dan  aarrece??? Bann e an  ant zot zot fer fer fer le  e  e  e  i di e dire di dire dire dire di dire dire dire di dire dire dire di dire dire dire di dire dire dire di dire dire dire di dire dire dire di dire dire dire di dir,2.0,2.736842105263158,False,punctuation_error;capitalization_error;spacing_error;extra_word_error
test,Demain sa ban meme dimounes la pou cpve trvail 24/7 dan priver,Demain sa bann mem dimunn la pu kapav trvail 24/7 dan prive.,Demain sa bann mem dimunn sa pu pu pu pu vavvevavill 24/7  dan pravirever.,0.35,0.5,False,capitalization_error;spacing_error;extra_word_error
test,Mem zafer pu sa garson [NAME] zot ti touille li a midland depuis ler pas p tend narien lor mama la concubin in fini rend so judgements mais pu fam la pencore,Mem zafer pu sa garson [NAME]. Zot ti touy li a Midlands. Depuis ler pas pe tande nanyin lor mama la. Concubin inn fini rande so judgements. Mais pu fam la pankor.,Mem zaffer pu sa garsono [NAME] zot ti li li li didilide de de de pe den  pa den  n  an  n  an  n  an  n  n  n  n  n  n  n  n  n  n  inn  n  n  n  inn  n  a mann                                                                                              ,0.5644171779141104,1.15625,False,punctuation_error;capitalization_error;spacing_error;extra_word_error
test,Tombe n juste prix r toi meme polo,Tombe enn just prix ar tomem Polo.,Tombe  n juste pris ro  oimem pome pooooooooooooooooooooooooooo.,1.1470588235294117,1.0,False,capitalization_error;spacing_error;extra_word_error
test,"[NAME], sahh jour lahh waiii 😂😂😂😂","[NAME], sa jour la wi. 😂😂😂😂","[NAME], sahh jour lahhh wai 😂😂😂😂😂😂😂😂😂😂😂😂😂😂😂😂😂😂😂😂😂😂😂😂😂😂😂😂😂😂😂😂😂😂😂😂😂😂😂😂😂😂😂😂😂😂😂😂😂😂😂😂😂😂😂😂😂😂😂😂😂😂😂😂😂😂😂😂😂😂😂😂😂😂😂😂😂😂😂😂😂😂😂😂😂😂😂😂😂😂😂😂😂😂😂😂😂😂😂😂😂😂😂😂😂😂😂😂😂😂😂😂😂😂😂😂😂😂😂😂😂😂😂😂😂😂😂😂😂😂😂😂😂😂😂😂😂😂😂😂😂😂😂😂😂😂😂😂😂😂😂😂😂😂😂😂😂😂😂😂😂😂😂😂😂😂😂😂😂😂😂😂😂😂😂😂😂😂😂😂😂😂😂😂😂😂😂😂😂😂😂😂😂😂😂😂😂😂😂😂😂😂😂😂😂😂😂😂😂😂😂😂😂😂😂😂😂😂😂😂😂😂😂😂😂😂😂",8.518518518518519,0.6666666666666666,False,punctuation_error;capitalization_error;spacing_error
test,Dimoune p vine plis en plis sovaz pena mm respect astere,Dimunn pe vinn plis en plis sovaz pena mem respect aster.,Dimounn pe vinn plis en plis pliss sova zen mem mem pe seste testeetereereereetereereereereereereereereereereereereereereereereereereereereereereereereereereereereereereereereereereereereereereereereereereereereereereereereereereereereereereereereereereer,3.6491228070175437,0.7272727272727273,False,punctuation_error;capitalization_error;spacing_error;extra_word_error
test,Vin guet rue Gorah Issac p.verte ou pou trouver ki kantite cinema ena sa tigit sa vin la bas ou pou trover ki film cascadeur jouer,"Vin get rue Gorah Issac, Plaine Verte, ou pu truve ki kantite cinema ena. Sa tigit sa, vinn laba ou pu truve ki film cascadeur jouer.",Vinn guet  re ror sass sa pe perte  u pu tu tu ki ki kin kint ent ent ent ant ant ai  a i  a  a  a  a                                                                                a sa coure  u ku  u coure  u coure  u coure  u coure  u coure  u coure  u ,1.3909774436090225,1.6923076923076923,False,punctuation_error;capitalization_error;spacing_error;extra_word_error
test,Retire anguille aussi sa aussi agresif,Retire anguille aussi. Sa aussi agresif.,Retire anguille auss sassass sasi sare.,0.35,0.6666666666666666,False,punctuation_error;capitalization_error;spacing_error
test,Defimedia. info wii gramatin rs500000 inn deduire lr mo compt...... 😅😅,"Defimedia.info, wi gramatin Rs500000 inn dedir lor mo kont...... 😅😅",Defimedi . ni foi  i gramamantinn r00000 dinn dire  rome mom...................................................................................................................................................................................................,3.1492537313432836,1.1,False,punctuation_error;capitalization_error;spacing_error;extra_word_error
test,1 TI LAVOIX P DIRE MOI FAM LA ENA REZON 🙄🙄🙄,"1 TI LAVOIX PE DIRE MOI, FAM LA ENA REZON. 🙄🙄🙄",1  I  OU OI      INA O   AME  ANAME  NAME] ?,0.6304347826086957,0.9090909090909091,False,punctuation_error;capitalization_error;spacing_error;missing_word_error
test,Li fini avouér ki to p raconte p prend moricien pou couyon 1 cannibale mais madame arête raconte des salades,Li fini avoue. Ki to pe raconte? Pe prend Morisien pu kuyon 1 cannibale mais madame aret raconte des salades!,Li fini avour  ki to pr conconn per der dor couicinn  conn  cann bann  mamame  amame  aade dande dasase sasasase sasasase sasasase sasasase sasasase sasasase sasasasase sasasase sasasasase sasasase sasasasase sasasasase sasasasase sasasasase sasasasase sa,1.7522935779816513,1.6,False,punctuation_error;capitalization_error;spacing_error;extra_word_error
test,Twa e to NTA ek NLTA ek to gouvernment tou mem pouriture.,"Twa et to NTA ek NLTA ek to gouvernment, tu mem pouritir.",Twa e to    e ke  Te ke to gouvennemenn tumem mumurtirur.,0.38596491228070173,0.75,False,punctuation_error;capitalization_error;spacing_error;missing_word_error
test,To bon respect sa bann situation coumsa la montrer nou a ki point zot systeme securiter fiasco net,To bon. Respect! Sa bann situation kumsa la montre nu a ki point zot system sekirite fiasco net.,To bonn respecte sa bann sintitiont kumas  laman  om n  on  on  o to to tot zot se seste se se se sa sa sa sante te te te te te te te te te te te te te tententente te te tententente te te tententente te tententente te tententente te tententente te tentent,1.9895833333333333,2.8333333333333335,False,punctuation_error;capitalization_error;spacing_error;extra_word_error
test,"Aucun limportance toi ek to lekip nepli ena pu lepep, sayer aler, aret fr cinema","Aucun linportans toi ek to lekip nepli ena pu lepep, sayer ale, aret fer cinema.",Aucun limportance to  kot ek kikipepepepe pe pe pe pe pe pe pe pe pe ere  are  re  ren en enn mannemann.,0.6625,1.3333333333333333,False,punctuation_error;capitalization_error;spacing_error;extra_word_error
test,P rod rol person pa mem prend tw un cont sa mem annné to minis apre 4 ans coumans vand to asset,"Pe rode role, personne pa mem prend twa un kont. Samem annné to minis apre 4 ans komans vande to asset.",P  rod roll persson pa mem prend t  t  n  ont  mann  mammen  mann  mann            an  an  an  an  ans  asa sa sassa.,0.5631067961165048,0.9523809523809523,False,punctuation_error;capitalization_error;spacing_error;extra_word_error
test,Vraimeme in vinn bien fatigan sa situation l,Vremem inn vinn bien fatigan sa situation la.,Craimeme inn vinn binn fattagann sa tititiont lon.,0.3111111111111111,0.625,False,capitalization_error;spacing_error
test,Hats off to you li pas facile vraiment sa boulot,Hats off to you. Li pas facile vraiment sa boulot.,Hats oofff to yo  li pas facile vrimement sa boulot.,0.16,0.4,False,punctuation_error;capitalization_error;spacing_error
test,Boss zoin mw... Mo fr ou trv la justice,Boss zwen mwa... Mo fer ou truve la justice.,Boss zon  mow... Mo for  ou tr vau  ustice.,0.29545454545454547,0.6666666666666666,False,capitalization_error;spacing_error
test,"[NAME], pa encor developper","[NAME], pa ankor developper.","[NAME], pa encor develloppepepre.",0.25,0.5,False,capitalization_error;spacing_error
test,Plis ki 10 ans sa ti koumsa aster kouma sa piti met sa post la ene tas chatwa koumence zaper😂😂,"Plis ki 10 ans sa ti kumsa. Aster kuma sa piti met sa post la, enta chatwa komans zape.😂😂",Plis ki 100  ans sa ti kumsa saste kuma mama sa pa ti te mast  a sa sa sa a ta a a a a kamane came e aape eape pae.,0.5842696629213483,1.2105263157894737,False,punctuation_error;capitalization_error;spacing_error;extra_word_error
test,Tou les jours dan certain station ena sa transport la al pren x y sois pe al kit la caz sois pe al pren pou vinn travail🤔,Tulezur dan certain station ena sa transport la ale pran x y. Soi pe ale kite lakaz soi pe ale pran pu vinn travail.🤔,Tu les jours dann certinn stantinn en ana sarans pars pa pe pe    so s  s pe s       sa sa pa sa pe pa pe pa pe pa pa pa pa vinn vann vann vann vann vann vann vann vann vann vann vann vann vann vann vann vann vann vann vann vann vann vann vann vann vann v,1.5726495726495726,2.2916666666666665,False,punctuation_error;capitalization_error;spacing_error;extra_word_error
test,Soit disant king sa bezz liki aller villain creatire,Swadizan king sa. Bez liki ale villain kreatir.,Soit dissant king sa bezz ziki lalle vilin cranirertartirertire.,0.6170212765957447,1.0,False,punctuation_error;capitalization_error;spacing_error;extra_word_error
test,Sanla li li zis koze in plin r zot,"Sanla li, li zis koze. Inn plin ar zot.",Sanla li li zis koz nn plinn r zot zot.,0.2564102564102564,0.6666666666666666,False,punctuation_error;capitalization_error;spacing_error;extra_word_error
test,Bizin dir ki la bank sa sa ki pli inportant la,Bizin dir ki labank sa. Saki plis inportant la.,Bizin dir  ki la bann sa sa sa ki pi pi portrantant la.,0.3404255319148936,1.0,False,punctuation_error;capitalization_error;spacing_error;extra_word_error
test,Well done bizen enan fiel pu fer sa,Well done! Bizin ena fiel pu fer sa.,Well donn bizin enn fen fe lu fer sa sa.,0.3611111111111111,0.875,False,punctuation_error;capitalization_error;spacing_error;extra_word_error
test,Incompetent dan tou secteur mem dan leducation!!!,Incompetent dan tu secteur mem dan ledikasyon!!!,Incompeetent dann tu seceeteur mem dandeccactinn!!!!!!,0.3333333333333333,0.7142857142857143,False,punctuation_error;capitalization_error;spacing_error;missing_word_error
test,Hey pa fair sa mo pa encor al dan sa bis la,"Hey pa fer sa, mo pa ankor ale dan sa bis la.",Hey pa  fair sa  o  po pe cor la dan sa bis bass la.,0.4,0.6666666666666666,False,punctuation_error;capitalization_error;spacing_error;extra_word_error
test,Camarade [NAME] mo pe trouver pou ena ene lot 60-0,"Camarade [NAME], mo pe truve pu ena enn lot 60-0.","Camarade [NAME], mo preure pu pe enn enn lot  ot  0000000000000000000000000000000000000000000000000000000000000000000000000000000000000000000000000000000000000000000000000000000000000000000000000000000000000000000000000000000000000000000000000000000000000",4.428571428571429,0.6,False,punctuation_error;capitalization_error;spacing_error;extra_word_error
test,"[NAME], fini ar canard aster romance 1ans ine gagner depi election narien pann faire zournalist lexpress lizie dan fess kan bizin ecrire actualitee reelle","[NAME], fini ar canard aster romance. 1 ans inn gagne depi election nanyin pann faire zournalist l'Express lizye dan fesse kan bizin ekrir actualite reelle.","[NAME], fini  ar  aanard aster romann  ann  nn nn gann  e e e e ce centinn nann na na n  arre la per sa se sa se sa se  e sa sa bizin e  e  e  e  e ine er e  e ine er e  e ie ere e ce ie ere e ce ie ere e ce ie ere e ce ie ere e ce ie ere e ce ie ere e ce",1.0192307692307692,2.76,False,punctuation_error;capitalization_error;spacing_error;extra_word_error
test,Baaap sa kaliter la en 2026 kpv li ti p envi zot fer 1 plan à trois tone al gat partou,"Baap! Sa kalite la en 2026, kapav li ti pe anvi zot fer 1 plan à trois. Tonn ale gat partu.",Baap sa kaliter la  202626 kape li ti pi pe vin                                 to to to to ta ta ta ta ta ta tat ta tat tat tat pat tat tat pat tat tat pat tat tat pat tat tat pat tat tat pat tat tat pat tat tat pat tat tat pat tat tat pat tat tat pat ta,2.208791208791209,2.619047619047619,False,punctuation_error;capitalization_error;spacing_error;extra_word_error
test,L'état pas p remarqué moris tous les jours banne véhicules p prend du feu 🔥🔥🔥 lors la route c'est quoi la cause qualité l'essence modification moteur fitness pas bon foder ena mort d'homme pou sympathisé et lerla ki pou rode problème la,L'état pas pe remarqué Moris tulezur bann véhicules pe prend du feu 🔥🔥🔥 lor la route. C'est quoi la cause? Qualité l'essence? Modification moteur? Fitness pas bon? Foder ena mort d'homme pu sympathisé et lerla ki pu rode problème la.,L'état pas pe premarru  orriss sous lous  u san  hann      pe  pu de  u  u  u  u  u  u  u  u  u su su su su saus e  u sous e    ou sous e  ou sous e  ou sou e  ou sou e  ou so  ou so pe  ou so pe  ou  ou  ou e  ou pe  ou pe  ou pe  ou pe  ou pe pou e  ou ,0.7124463519313304,1.6,False,punctuation_error;capitalization_error;spacing_error;extra_word_error
test,Mersi a shakeel pu met nite life a portlouis,Mersi a Shakeel pu met night life a Port Louis.,Mersi a  hakeke  pu met tite life  portoulious.,0.2978723404255319,0.5,False,capitalization_error;spacing_error;missing_word_error
test,Pu 1 zenfant collage sa 50r ena valeur sa pu li 50r la couma dir 1000mil la,Pu 1 zanfan collage sa 50 Rs ena valeur sa. Pu li 50 Rs la kumadir 1000 mille la.,Pu 1 zenffant collage sa  re  an avale  au  u                    mama   mimi  100000000000000000,0.654320987654321,0.7894736842105263,False,punctuation_error;capitalization_error;spacing_error;missing_word_error
test,N dimoun seki ena loto pa kpv rend li sa service la do 🤣🤣🤣 g matin pran so parcel al kit dan travail tanto repren li pass dan jade bleu apre retourne so parcel lakaz 🤣🤣🤣koumsa li pa pou gagne pblm dan so travail la police 👮‍♂️😀😀😀🤣🤣,Enn dimunn seki ena loto pa kapav rande li sa service la dow 🤣🤣🤣 grand matin pran so parcel ale kite dan travail tanto repren li pass dan jade bleu apre retourne so parcel lakaz 🤣🤣🤣kumsa li pa pu gagne problem dan so travail la police. 👮‍♂️😀😀😀🤣🤣,NA dimunn se ki en  lot opa pa pav er din li sa se s                                         a t pa tran  pa pa pa an  a an  a an  a an  a  a  a  a  a  a  a  a  a pa pa pa pa pa pa pa pa pa pa pa pa pa pa la pa la pa la pa la pa la pa la pa la pa la pa la,0.6653061224489796,1.3404255319148937,False,punctuation_error;capitalization_error;spacing_error;extra_word_error
test,Ki ete sa enkor,Ki ete sa ankor?,Ki et  sa enkor.,0.1875,0.5,False,punctuation_error;capitalization_error;spacing_error
test,"De tte façon cyclone la vine ziss weekend sa, li vine promener apres li aller dimanche tanto... Lundi reprend normal🤣","De toute façon cyclone la vinn zis weekend sa, li vinn promener apre li ale dimanche tanto... Lundi reprend normal.🤣",De tte fanon cccclonn la  vann zin zek ke  e  li  i n  pi premenn preme  pare  la li en  andent dann dann denn drander dann ronder donder donder donder donder donder donder donder donder donder donder donder donder donder donder donder donder donder donde,1.5603448275862069,2.05,False,punctuation_error;capitalization_error;spacing_error;extra_word_error
test,Ena c pa p bat lisie p vellier mem ariv 1 problem..... Dapre comment la zot 1 ban parent ideal zamer zenfant pan gagn 1 ti booboo..... Samem apel zenfant sa fraction limit gagn 1 zfr puvi zenfant la bien lin retruv so famille,Ena se pa pe bate lizye pe veye mem arrive 1 problem..... Dapre comment la zot 1 bann parent ideal zame zanfan pann gagne 1 ti booboo..... Samem apel zanfan sa fraction limit gagne 1 zafer puvi zanfan la bien linn retrouve so famille.,Ena c pa pe pa bat sisi pe pele le merme  ravi  prre bor bomem.. Papreme    an   an   an  an  an  an  an  an  an  an  an  an  a an  a an  a  a  a  a  a  a  a  a  a  a  a  a  a fan  a fan  a fan  a fan  a fan  a fan  a fan  a fan  a fan  a fan  a fan  a fa,0.6837606837606838,1.4545454545454546,False,punctuation_error;capitalization_error;spacing_error;extra_word_error
test,Kpve perdi la vie soit ale fermer pou nnyen. To trankil si to ggne problem ek dimoune. Pas koner ki bisin faire dns sa pays la🤬🤬,Kapav perdi lavi soi ale ferme pu nanyin. To trankil si to gagne problem ek dimunn. Pas kone ki bizin faire dans sa pays la.🤬🤬,Kppve perdi la vi e soit ale ae ferme pe nn nn nt nt ki n  on  gon  o  o  o  e  ou e   ki en  ki  ki  i n  a sa sa sa sa sa sa sa sa sa sa sa sa sa sa sa sa sa sa sa sa sa sa sa sa sa sa sa sa sa sa sa sa sa sa sa sa sa sa sa sa sa sa sa sa sa sa sa sa sa,1.4841269841269842,3.0,False,punctuation_error;capitalization_error;spacing_error;extra_word_error
test,.. Pou atane dimoun sorti.. Bne ceki bzin al faire shopping lane tou cs.. Lerla kn partout ine inondee pou met avis pluie torrentielles la,.. Pu atann dimunn sorti.. Bann seki bizin ale faire shopping lane tusa.. Lerla kan partu inn inonde pu met avis pluie torrentielle la.,Ou  u  atann dimunn sorti.. Binn cekiz bizin  a phipe pappe  ann    an   an  n  n  n  n  n  n  n  n  pu pu pu pu pu ti e pu ti e pu li li li li li li li le la li le la le la le la li le la le la li le la le la li le la le la li le la le la li le la le la ,1.2740740740740741,2.875,False,punctuation_error;capitalization_error;spacing_error;extra_word_error
test,"[NAME], non banela zis content montrer kan ine fek peine ene caré zone lor la croisé ine bousse ene trou lor chemin ine debouche canal","[NAME], non banla zis kontan montre kan inn fek peine enn caré zone lor la croisé, inn bouss enn trou lor chemin, inn debouche canal.","[NAME], non bannla zis content tont ronn  nn  ne fen enn enn enn en  are  or  or  or so so sous en  ou e  e  e  e  e  e  e  en  en  chenchenchenchanchenchanchenchanchenchanchanchenchanchanchenchanchanchenchanchanchenchanchanchenchanchanchenchanchanchencha",1.3233082706766917,1.16,False,punctuation_error;capitalization_error;spacing_error;extra_word_error
test,Jrdi extra sa plus ki 5 accident dan un jour,"Zordi extra sa, plus ki 5 accident dan un jour.",Drdi eettra sa pll si     caccidendend nn uun juuru uur.,0.5106382978723404,1.0,False,punctuation_error;capitalization_error;spacing_error
test,Fran tou bizin fair sa msg pac a fon resp a banla c pna zot nu maurice ti pu cuma sa poubel ki ena 1 ta moutouk la mo resp a zot tou mo ban frer et seour scavenging 🫶,Franc tu! Bizin fer sa message passe a fon. Respe a banla. Si pena zot nu Maurice ti pu kuma sa poubelle ki ena enta moutouk la. Mo respe a zottu mo bann frere et soeur scavenging. 🫶,Frann tu bizin fair sa sa sa  a  o  fon re pe pa pa pa  an   an  an  u  u  u  u  u  u  u  u  u  u  u  u                                                                                                                                                        ,0.6208791208791209,0.9473684210526315,False,punctuation_error;capitalization_error;spacing_error;missing_word_error
test,"[NAME], mari stressant.. Et pas fini zenfan la mm stresser.. Leker fr mal en tant parent, couma pou fr n zenfan prend bus portlouis pou ale rose belle, pna flexibilite. Mo d accord depuis ns change l adresse,, mais nous fr dde transfert,, zt ti bzn ena comprehension ki 1 fille 11 ans pas pou kpv voyager portlouis pou ale r. Belle.. Mo mm par l auto mo pas pou kpv ts les jours","[NAME], mari stressant.. Et pas fini zanfan lamem stresse.. Leker fer mal entant parent, kuma pu fer enn zanfan prend bus Port Louis pu ale Rose Belle, pena flexibilite. Mo dakor depuis nous change l adresse, mais nous fer dde transfert, zot ti bizin ena comprehension ki 1 fille 11 ans pas pu kapav voyage Port Louis pu ale Rose Belle.. Mo mem par loto mo pas ou kapav tulezur.","[NAME], mari sstresssant.. Et pas fans finn zan  lam memssersse se se sa  e  ar  an  an  an  an  an  an  an  pu  an  pu pu pu pu pu pe  pu pe  pu pe                                                                                                           ",0.6957671957671958,0.9,False,punctuation_error;capitalization_error;spacing_error;missing_word_error
test,Camion fini sorti van bisin atan paraite cav li lors portab,"Camion fini sorti, van bizin atann. Paret kapav li lor portab.",Camion fini sorti vann biinn aann paarat e a vavi ll lor sor port.,0.3387096774193548,1.0,False,punctuation_error;capitalization_error;spacing_error;extra_word_error
test,Lii pas p kokein lii.... Liin pass so carte liberte dns supermarche 🫡😁,Li pas pe kokin li.... Linn passe so carte liberte dans sipermarket. 🫡😁,Lii pas pe kokinn li..... Liin pass sa sa tret e  se se se pu rerarere cher chere chere chere chere chere chere chere chere chere chere chere chere chere chere chere chere chere chere chere chere chere chere chere chere chere chere chere chere chere chere,2.9014084507042255,3.4615384615384617,False,capitalization_error;spacing_error;extra_word_error
test,Apre pour tir le 🐀 tout,Apre pour tire 🐀 tu.,Apre pour  tir lle  toutt.,0.4,0.6,False,capitalization_error;spacing_error
test,Cari poule flmm🤣ale get osman spi eshan pou deblock laroute 🤣,Cari poul flmm.🤣Ale get Osman soi Eshan pu deblock la route. 🤣,Cari puule  llmmala get gomsans si se shan pe de bolle la lar tout e toute  ,0.532258064516129,1.0833333333333333,False,punctuation_error;capitalization_error;spacing_error;extra_word_error
test,La Gare le nord labas ki ena tamtam,La gare le nord laba ki ena tamtam.,La aare le nord lababas ki ena tamammammamm.,0.3142857142857143,0.375,False,capitalization_error;spacing_error
test,Ki ministère to occupE?,Ki ministère to occupe?,Ki ministre to oocce?,0.17391304347826086,0.5,False,capitalization_error;spacing_error
test,Faire un système abonnement avec un prix pou dimoune content,Faire un système abonnement avec un prix pu dimunn kontan.,Faire unn system mannemenne mann ave  u pu pu pu pu dimunn connntent.,0.43103448275862066,1.0,False,capitalization_error;spacing_error;extra_word_error
test,"Samedi dernier zot ti fer sa r moi sa 2 figures kan mo in alle cherche mo tifi lecon danse a terre rouge, mo ti pres pu amen li lhopital tou mais li refuse aller li ti p rode cash fer semblant lebras in enfler bon dieu grand sa lheure la 1 misier ti p passer lor moto li dire moi madam 1 scam sa zot ban arnaqueurs mo p telephone la police la et misier la dire aller ou madame kuma zot tande sa zot met lor position pattin. Merci Bon dieu et sa misier kin vin a temps la 🙏🙏","Samedi dernier zot ti fer sa ar moi sa 2 figures. Kan mo inn ale cherche mo tifi lesson danse a Terre Rouge, mo ti pre pu amenn li lopital tu mais li refiz ale. Li ti pe rode cash fer semblant lebra inn enfler. Bondieu grand sa ler la 1 misye ti pe passe lor moto li dire moi madam 1 scam sa zot bann arnaqueurs. Mo pe telephone la police la et misye la dire ale ou madame kuma zot tande sa zot met lor position pattin. Merci Bondieu et sa misye kinn vinn a tan la. 🙏🙏",Samedi derenii zot ti fer far   o     i    figre sa  an                                                                                                                                                                                 li  la  e  la  e  la  e,0.7243589743589743,0.91,False,punctuation_error;capitalization_error;spacing_error;missing_word_error
test,Apres 9 ans madam bien drolle sirma banal ine tappe tou pu ou naiba tro tard aster ou program alle vini la cour,"Apre 9 ans, madam bien drole. Surement banla inn tape tu pu ou. Naiba, tro tard aster! Ou program ale vini lakour.",Apres  ans mamam mime dron dolle simana bann  nan  n pu pu pu tu ta ta tar  art  ar ar  ar ar ar  a la la la la  la  la  la  ou la  ou la  ou la  ou la  ou la  ou la  ou la  ou la  ou la  ou la  ou la  ou la  ou la  ou la  ou la  ou la  ou la  ou la  ou l,1.7017543859649122,3.090909090909091,False,punctuation_error;capitalization_error;spacing_error;extra_word_error
test,Prend renseignement bien svp avant posté!!,Prend renseignement bien svp avant poste!!,Prend rennseignement binn sav vavant potsté!!!!,0.21428571428571427,0.8333333333333334,False,punctuation_error;capitalization_error;spacing_error
test,Emtel ena my t money mons sa et dir moi kot sa p ggn sa,"Emtel ena MY.T money, mons sa. Et dir moi kot sa pe gagne sa?",Emtel ena myy ton mony mons sa di  i di io  oot kot sa gagn sa sa aa sa.,0.5245901639344263,1.0,False,punctuation_error;capitalization_error;spacing_error;extra_word_error
test,A few moments later li fer 150m la semaine li li pu ena kings counsel hahahahaha,A few moments later: li fer 150 mo la semaine li li pu ena kings counsel. Hahahahaha.,A fe momment sat le li fer 100 1 mame samein li li li pu n kinn kinn chann lahahahahahahahahahahahahahahahahahahahahahahahahahahahahahahahahahahahahahahahahahahahahahahahahahahahahahahahahahahahahahahahahahahahahahahahahahahahahahahahahahahahahahahahahaha,2.3411764705882354,0.8235294117647058,False,punctuation_error;capitalization_error;spacing_error;extra_word_error
test,Puisque les 2 mineurs donc statutory rape et charges contre le 2 curieuse cuma zot traite sa situation la d'un point de vue légale sinon pendant 3 jours tout ti bon 4eme jour ki pane bon,"Puisque les 2 mineurs, donc statutory rape et charges contre le 2? Curieuse kuma zot traite sa situation la d'un point de vue légale. Sinon pendant 3 jours tu ti bon, 4eme jour ki pann bon?",Puisque le  2 minnurd dons ttottorye re  chare chare  core e    u  u  u  u tu tu tu tu tu tu tu tu tu tu tu tu tu dinn  u  u  u  u  u  u  ou                                                                                                                   ,0.5608465608465608,0.9444444444444444,False,punctuation_error;capitalization_error;spacing_error
test,Trouvé so premier fois sa sa manière line demander la madame lameme refiz li lerla li prend pepsi li aller hey larmé al travail tranquil pena lavenir ladan 🤦🏾‍♂️🤦🏾‍♂️,"Truve so premier fois sa: sa manière linn demande la, madame lamem refiz li lerla li prend Pepsi li ale. Hey larme, ale travail trankil, pena lavenir ladan. 🤦🏾‍♂️🤦🏾‍♂️",Trouve so premie fois sa sa mann rere le demande lamame lame lame lle lli le lli le le le le le le la le la le la le la la la la la la la la la la la la la la la la la la la la la la la la la la la la la la la la la la la la la la la la la la la la la la ,0.9520958083832335,2.4482758620689653,False,punctuation_error;capitalization_error;spacing_error;extra_word_error
test,B kot mineur la so declaration accuser la coter mineur étranger mais li vine fer baby-sitting dans ene l’endroit li pa coner,B kot mineur la so deklarasyon? Accuse la kot? Mineur étranger mais li vinn fer baby-sitting dans enn l’endroit li pa kone?,B kot minne la so so declaration accesse la coter  mot renn  rann  rani e  i n  inn  e binn  n  nn denn denn dinn le li le la  on li le  on le  on  la pe la pe la pe la pe la pe la pe la pe la ,1.0,2.0,False,punctuation_error;capitalization_error;spacing_error;extra_word_error
test,Sa bne kala kine koster ek li laa ki ti p pnc [NAME] dne cado laa 🤣,"Sa bann kala kinn koste ek li la, ki ti pe pense? [NAME] donne cado la. 🤣",Sa bnne kala kinn koste ek ki li li ti pi pi pe pe pe conde cadand ca da ala la ala la la la la la la la la la la la la la la la la la la la la la la la la la la la la la la la la la la la la la la la la la la la la la la la la la la la la la la la la la ,2.808219178082192,4.235294117647059,False,punctuation_error;capitalization_error;spacing_error;extra_word_error
test,Ah seigneur ki nu pa trouv dans sa moris la. Zot penc akoz zot in trouve zot mari joli nu suppose interesse r zot. Non fiiiiii ban la route badia koki nu pa la dan.. To mari li zoli pu tw pa pu nu🤣🤣🤣🤣 alors ramasse to problem kot tw. Pa include nu ladan. Merci,Ah Seigneur! Ki nu pa truve dans sa Moris la. Zot pense akoz zot inn truve zot mari joli nu suppose interese ar zot. Non tifi bann la route badia koki nu pa ladan.. To mari li zoli pu twa pa pu nu🤣🤣🤣🤣 alors ramasse to problem kot twa. Pa include nu ladan. Merci.,Ah seigneur ki  u pa truv van  sa so sor sa  ot sa  ot pe kot  ot  ot  ot  ot  ou  ou  ou  ou  ou  ou  ou  ou  ou  ou  ou so so  ou  o  o  o  o  o  o  o  o  o  o  ou                                                                                          ,0.6221374045801527,0.9444444444444444,False,punctuation_error;capitalization_error;spacing_error;missing_word_error
test,Courage a la familles toulejr accident lor nous la route pa facile,"Courage à la famille. Tulezur accident lor nous la route, pa facile.",Courage  a la famille toule laccecdent lor lo  ou sou  a  a a aace pacile.,0.4264705882352941,1.0,False,punctuation_error;capitalization_error;spacing_error;extra_word_error
test,Janvier 2026 fek coumanse accident lor accident... Sa. Montre ki car mem applique permis à point.. Sa pa pou change nanien.. Sinon mes sympathies à toutes ses famille😥,"Janvier 2026 fek komans, accident lor accident... Sa. Montre ki karmem applique permis à point.. Sa pa pu change nanyin.. Sinon mes sympathies à toutes ses famille.😥",Danviier 2026  e fekkumanns cccicent lor doccedent tret.. Ma ti e  ki pa mempe mempi pe pe pe pe pe pe pa pe pa pa pa pa pa pa pa pa pe sa pe sa pe sa sa sa sa sa sa sa sa sa sa sa sa sa sa sa sa sa sa sa sa sa sa sa sa sa sa sa sa sa sa sa sa sa sa sa sa,1.0242424242424242,2.5185185185185186,False,punctuation_error;capitalization_error;spacing_error;extra_word_error
test,Bon courage les enfants pour le [NAME] et hsc results,Bon courage! Les enfants pour le rezilta SC et HSC results.,Bon courrage le senn fanns pu le le  et  st shess sssesssssssssssssssssssss.,0.7457627118644068,0.9090909090909091,False,punctuation_error;capitalization_error;spacing_error;extra_word_error
test,Ena speed limit labas ki vitesse li p roulé😡,Ena speed limit laba. Ki vites li pe roule?😡,Ena sepeed limitt labas ki vitesse s pe preur.,0.3181818181818182,0.7777777777777778,False,punctuation_error;capitalization_error;spacing_error
test,Suspect… gros palto p voyage 🧳,Suspect… gros palto pe voyage.🧳,Suspect grgoss palto po poy goye. .,0.3225806451612903,1.2,False,punctuation_error;capitalization_error;spacing_error;extra_word_error
test,Parce ki zotte pas alle gette li faire so comic,Parski zot pas ale get li faire so comik.,Parce ki zott pas lale get li li fire so comicccciccicciccccccc,0.6585365853658537,0.7777777777777778,False,punctuation_error;capitalization_error;spacing_error;extra_word_error
test,Top net il faut bien plus que sa pas juste au moment de la fête pense que on roule tout le jours,Top net! Il faut bien plus que sa pas just au moment de la fête pense que on roule tu le jours.,Top nnt  ll faut binn pu su su sa sa sus just  umem   meme  e  e  e  e  en en en  ou eu eu lou lou lu uure lu uure lu uure lu uur lu uure lu uur suure lu uur suure lu uur suure lu uur suure lu uur suure lu uur suure lu uur suure lu uur suure lu uur suure ,1.9684210526315788,2.6818181818181817,False,punctuation_error;capitalization_error;spacing_error;extra_word_error
test,Haut grader la so parents pa ti met nom avec li commissaire de police bizin suspend ce kin don instruction pou fer sa travail la tou le jour esperon la police a dir camera safe city pan record nenrien,Haut gradé la so parents pa ti met nom avec li? Commissaire de police bizin suspend se kinn donne instruction pu fer sa travail la tulezur. Esperons la police a dir camera safe city pann record nanyin.,Haut graader la so parent sa ti ti met mom   mom come somis  poise si pe si pe si pe sinn dinn dinn  n  n  ou  ou  ou                                                                                                                                          ,0.6268656716417911,0.8918918918918919,False,punctuation_error;capitalization_error;spacing_error;missing_word_error
test,Quand 🤡dire li pour met permi a point touts les jour ena mort lor la route chaufer pas p per permi a point missier 🤡nek pas 1 la loa quand ou fair 1 accident et qui ou entort 10 prison direct ni ou pour gagne caution ou guet couma chaufer dresse,Quand 🤡dire li pour met permis a point. Tulezur ena mort lor la route. Chauffeur pas pe per permis a point misye 🤡nek pas 1 la loa quand ou fer 1 accident et qui ou antor 10 prison direct. Ni ou pour gagne caution. Ou get kuma chauffeur dresse.,Quand didire li pu pe met permi paiin tout le sou  our  our  or  or trout  la  pa fer  pe pe pe pe pe pe pe pa pe pa pe                                                                                                                                        ,0.6762295081967213,0.9183673469387755,False,punctuation_error;capitalization_error;spacing_error;missing_word_error
test,4 credit corek sa monter meme sa,"4 credit, korek sa monte mem sa.",R  credit korek sa sommentermem sa.,0.25,0.5714285714285714,False,punctuation_error;capitalization_error;spacing_error;missing_word_error
test,"Van la pe roule vite oui... Mais ene chauffeur bizin cone so vehicle.... Mo ene dimune ki roule camion, loto, bus tout.. Sak vehicle ena so façon roulé.. Ceki pas coné ferme fess.... Ena bann facteur ki sa chauffeur camion la ti bizin prend ene considération.. Par exemple li bizin kapav jugé ki vitesse van la pé vini.. Eski li gagn letemp sorti..? Longueur so vehicle li bizin coné.. Poid so vehicle... Ene loto dans 1 second ou kapav déboucher akoz li pli vif.. Ene camion li pli lourd donc li démarre pli lentemain... Pou mwa.. Chauffeur van la pann réalisé ki cetait ene longue camion.. Linn pensé camion la ti pou gagn letemp sorti... Et chauffeur camion la osi inn fané en pensant ki li gagn letemp sorti et li pann jugé ki van la pé vine vite.... Bann accident ki kapav évité sa.","Van la pe roule vite oui... Mais enn chauffeur bizin kone so vehicle.... Mo enn dimunn ki roule camion, loto, bus tu.. Sak vehicle ena so façon roule.. Seki pas kone ferme fesse.... Ena bann facteur ki sa chauffeur camion la ti bizin prend enn considération.. Par exemple li bizin kapav zize ki vites van la pe vini.. Eski li gagne letan sorti..? Longueur so vehicle li bizin kone.. Poid so vehicle... Enn loto dans 1 second ou kapav déboucher akoz li plis vif.. Enn camion li plis lourd donc li démarre plis lentman... Pu mwa.. Chauffeur van la pann réalisé ki ete enn longue camion.. Linn pense camion la ti pu gagne letan sorti... Et chauffeur camion la osi inn fane en pensant ki li gagne letan sorti et li pann zize ki van la pe vinn vite.... Bann accident ki kapav evite sa.",Van la pe  roule vite oui.... Mais enn chaffeur bizin conn conn conce chinn  en  dinn  u  u  u  u  u  ou lou lou lou lou lou  ou  ou  ou  ou                         a  e  a fer  a fer  a fer  a fer  a fer  a fer  a fer  a fer  a fer  a fer  a fen  a fer  ,0.7448717948717949,0.9379310344827586,False,punctuation_error;capitalization_error;spacing_error;missing_word_error
test,Facebook bzznn upgrade bizin laisse nous react bravo labas 😡,"Facebook bizin upgrade, bizin laisse nous react bravo laba. 😡",Facebook bzzzznn purde bizin lais sasse sous re ara crava ababababa.,0.4098360655737705,0.9,False,punctuation_error;capitalization_error;spacing_error;extra_word_error
test,Si reduction lecons priver private coaching = meilleurs % pass SC HSC 👍 mais c’est le contraire,"Si reduction lesson prive private coaching = meilleurs % pass SC, HSC 👍 mais c’est le contraire.",Si reducction lecons privever privive cochachichinn ge le le s                       sa se se te te te te te te te te te te te te te te te te te te te te te te te te te te te te te te te te te te te te te te te te te te te te te te te te te te te te te te,2.0625,3.8823529411764706,False,punctuation_error;capitalization_error;spacing_error;extra_word_error
test,cki ena bel lakaz ki pu gagne sa enkor,Seki ena bel lakaz ki pu gagne sa ankor.,Akki ena bele lakak ki ku gaggnge sa en sakonkor.,0.325,0.7777777777777778,False,capitalization_error;spacing_error;extra_word_error
test,Ni la banque ena nom ni employee ena nom. Es ki li bizarre sa?,Ni la banque ena nom ni employee ena nom. Eski li bizar sa?,Ni la bannque enn no mimin emplyeye en nn no mo  i  i bizir sa aa?,0.3559322033898305,1.0769230769230769,False,punctuation_error;capitalization_error;spacing_error;extra_word_error
test,"[NAME], wai mais kan yo rest dans ene pays to bizin geuter ki mieux pou pays la","[NAME], wi mais kan to reste dans enn pays to bizin get ki mieux pu pays la.","[NAME], wa  mais kan  o  oo erst dann en pays  to bizin ge e  i u pu pu pu pa pa sa pa sa.",0.39473684210526316,1.0,False,capitalization_error;spacing_error;extra_word_error
test,Pas inspecteur bohhomme c est un recruit,"Pas inspecteur bohhomme, se un recruit.",Pas innspecteur bohhome ce se  u nu rerciritit.,0.3076923076923077,1.0,False,punctuation_error;capitalization_error;spacing_error;extra_word_error
test,"Comic comic, aret declare gopia, lecol gratuit oui mais si to pena cash to zenfant en zero. Ale comprend","Comik comik, aret deklare gopia. Lekol gratuit oui mais si to pena cash to zanfan en zero. Ale comprend.","Comic comic, aret declare gopi le le la grolli ti ti ti  i  i  a sa sa  a sa zot  e zon zon zon zon  e  er pe perenden  corenden per der per der per der per der per der per der per der per der per der per der per der per der per der per der per der per de",1.8269230769230769,3.210526315789474,False,punctuation_error;capitalization_error;spacing_error;extra_word_error
test,"partou kot ena cambridge exams sa. dans linde, pakistan, malaysie tou pareille","Partu kot ena Cambridge exams sa. Dans Inde, Pakistan, Malaysie tu pareil.",Partou kot enn cambirede ee esas sa dann sind dinn paisant amans  aas pa pa parelilelelelelelelelelelelelelelelelelelelelelelelelelelelelelelelelelelelelelelelelelelelelelelelelelelelelelelelelelelelelelelelelelelelelelelelelelelelelelelelelelelelelelelel,2.824324324324324,1.25,False,punctuation_error;capitalization_error;spacing_error;extra_word_error
test,Si ena pu ggn accident pu ggnr mm sa p gaspiy leten ar sa bne zafr la ki p rod mntre lapolice p travail dure 🤣🤣,"Si ena pu gagne accident, pu gagne mem. Sa pe gaspiy letan ar sa bann zafer la ki pe rode montre lapolis pe travail dure. 🤣🤣",Si ena pu gggnn cccident pu gagn  mam ma pa pape pe pe pe  an  a fan  a far  a          pr dire prole proli pre pre la pre la pre la pu pre la pu pu pu pu pu pu pu pu pu pu pu pu pu pu pu pu pu pu pu pu pu pu pu pu pu pu pu pu pu pu pu pu pu pu pu pu pu p,1.4516129032258065,2.5384615384615383,False,punctuation_error;capitalization_error;spacing_error;extra_word_error
test,Moi pas chagrin ban testé positif lor volant. Sorry,Moi pas chagrin bann testé positif lor volant. Sorry.,Moi pas chagrinn bannttett postifi for lor vollant. ror.,0.24528301886792453,0.6666666666666666,False,capitalization_error;spacing_error
test,Bisin kasse so la main vrememe sa coup la,Bizin kase so la main vremem sa kut la.,Bisin kasse so la mann vermeme sa ku ku pa pla.,0.3333333333333333,0.8888888888888888,False,capitalization_error;spacing_error;extra_word_error
test,Moustik p fr cover up lepok COVID si mm zafr apre tan baw 3 cas 1 sel kou apre truV bis lor bis pou ale sers dim lakaz pou fr isolation,Moustik pe fer cover up. Lepok COVID si mem zafer apre tande baw: 3 cas 1 sel kut apre truve bis lor bis pu ale sers dimunn. Lakaz pu fer isolation.,Moustik pe  frr kover pu pe pe ki    si mam zam zar  a  a                                                                      s bis           s  s  s  s                                                                                                      ,0.6621621621621622,0.9032258064516129,False,punctuation_error;capitalization_error;spacing_error;missing_word_error
test,"[NAME], bro system la ki pas bon chaque 5 ans pas capave change system éducation, plus nu lepok cpe mem nu travail pu passe dans 30 a 35 zefant 2 ou 3 ti pe fail. Demand bane 55 ans a monte zot pu dire ou","[NAME], brother! System la ki pas bon. Chaque 5 ans pas kapav change system éducation. Plus nu lepok CPE mem, nu travail pu passe: dans 30 a 35 zanfan, 2 ou 3 ti pe fail. Demande bann 55 ans a monte, zot pu dire ou.","[NAME], broo sysyem ma  ki pa so bon  chan    sa sa sa sa pas e chans e s sa s  sa pu su pu pu pu pu pu pu pe pu pe                                                                                                                                            ",0.6604651162790698,0.8888888888888888,False,punctuation_error;capitalization_error;spacing_error;missing_word_error
test,Govt ine sanzer cyclone la si ine sanzer,"Guvernman inn sanze, cyclone la si inn sanze.",Govvt inn sanne ccccclonn la si ni nn sanne.,0.35555555555555557,0.75,False,punctuation_error;capitalization_error;spacing_error;extra_word_error
test,Arette guette film lor netflix,Aret get film lor Netflix.,Arete gutte  fill lor nntifil.,0.4230769230769231,0.8,False,capitalization_error;spacing_error
test,Ta ggot zot lagare la mem la,"Ta gogot, zot lagare lamem la.",Ta gggot zot lagare lamem lamala.,0.2,0.3333333333333333,False,punctuation_error;capitalization_error;spacing_error
test,Tonne vieux en esprit... Bizin poser. Laisse pays la tranquille et laisse developments so place,Tonn vieux enn esprit... Bizin poser. Laisse pays la trankil et laisse developments so place.,Tonne vieux enn esprit.... Bizin posse passe pasye  aas la tann la le le le le le le le se pe pe plespe plespe ple plespe ple ple ple ple ple ple ple ple ple ple ple ple ple ple ple ple ple ple ple ple ple ple ple ple ple ple ple ple ple ple ple ple ple p,2.021505376344086,3.7333333333333334,False,punctuation_error;capitalization_error;spacing_error;extra_word_error
test,Dir li done moi so uniform et mo motrer li golden rules,Dir li donne moi so uniform et mo montre li golden rules.,Dir li donn moi so  unn formem mot mot lo lole lole le lelele.,0.40350877192982454,0.8333333333333334,False,capitalization_error;spacing_error;extra_word_error
test,Ki li p pense bangladesh ici..,Ki li pe pense Bangladesh ici..,Ki li pe pens bangladeshe sici.................................................................................................................................................................................................................................,7.32258064516129,0.5,False,punctuation_error;capitalization_error;spacing_error
test,"Boss, ou loto p fer MUR 10 par KM - Ki machine ha Boss? Kombien cc sa? Surment 1 KIA saa.","Boss, ou loto pe fer MUR 10 par KM - Ki machine ha boss? Kombien cc sa? Surment 1 KIA sa.","Boss, ou loto pe fer    10 1  a        i  i hanchess so sa bans cans                               a sa sa sa sa sa sa sa sa sa sa sa sa sa sa sa sa sa sa sa sa sa sa sa sa sa sa sa sa sa sa sa sa sa sa sa sa sa sa sa sa sa sa sa sa sa sa sa sa sa sa sa s",2.303370786516854,3.0,False,punctuation_error;capitalization_error;spacing_error;extra_word_error
test,Sa veut dire bizin ine enregistrer bane cas dans Moris 😑,Sa veut dire bizin inn enregistre bann cas dans Moris. 😑,Sa veut dire bizin inn ennertistre bann cassa sa sorss sor so s.,0.2857142857142857,0.6363636363636364,False,capitalization_error;spacing_error;extra_word_error
test,Dieu protez nou ti zil,Dieu protez nu ti lil.,Dieu protte  nu ti zili.,0.18181818181818182,0.4,False,capitalization_error;spacing_error
test,Combien zelèves ine reussi vine millionaire r crypto king,Combien zelev inn resi vinn millionaire ar crypto king?,Combien  ellvevi nn ressisi vinn mililinn ron ront kot ki pi kinn.,0.509090909090909,1.1111111111111112,False,punctuation_error;capitalization_error;spacing_error;extra_word_error
test,express to ti labas tone trouver?? p tire fusil to pane trouver??,Express to ti laba tonn truve?? Pe tire fusil to pann truve??,Aepress to ti lababans ton treve?? Pe pi ri fisi  ou lo pu pe pu erere?,0.45901639344262296,1.0833333333333333,False,punctuation_error;capitalization_error;spacing_error;extra_word_error
test,Dragon p crache du feu,Dragon pe crache du feu.,Dragonn pe crache du feuu.,0.08333333333333333,0.4,False,capitalization_error;spacing_error
test,Aster la si li dire sa.... Suremen li pa en bon term r zot aster,Aster la si li dire sa.... Surement li pa en bon term ar zot aster.,Aster la si li dire sa.... Suremenn li pe  n  nn bonn tre  tot et tret tret.,0.3283582089552239,0.6666666666666666,False,capitalization_error;spacing_error;extra_word_error
test,La coz permi a point 1er mort,"Akoz permis a point, 1er mort.",La cozz permi  po point 1 mor mort.,0.4,1.1666666666666667,False,punctuation_error;capitalization_error;spacing_error;extra_word_error
test,Ki lanné sah svp,Ki lane sa svp?,Ki lann sa ss vepp,0.3333333333333333,0.75,False,punctuation_error;capitalization_error;spacing_error;extra_word_error
test,"La loi exister pou tout dinoune ki mineure ou majeure chacun bizin respecter ban mineurs pe gagné trop bokou liberté faire ce ki zot envi, nepli ena moral éthique, respect, si zot le vivre la vie adulte zot bizin condamner kouma adult c'est simple. Auvlieu apren pou kapav servi le pays plus tard pe zouer are l'avenir, ça même perna nurse, docteur, policiers et autre dans moris après bizin importe étrangers, ile pou nepli ena morisiens pou diriger ou dans ban poste haut gradé","La loi existe pu tu dimunn ki mineure ou majeure. Chacun bizin respecte bann mineurs. Pe gagne trop buku liberté faire seki zot anvi, nepli ena moral éthique, respect. Si zot lei viv lavi adulte, zot bizin kondann kuma adult c'est simple. Olye aprann pu kapav servi le pays plus tard pe zwe ar l'avenir, sa même pena nurse, docteur, policiers et autre dans Moris après bizin importe étrangers. Lil pu nepli ena Morisien pu diriger ou dans bann poste haut gradé.",La loi exsister pu tu dinnn kinn kinn emune umue  u u u  au e bizin  binn ren en  en  en  e  e  e                                                                                                   i e                                                        ,0.7505422993492408,0.9390243902439024,False,punctuation_error;capitalization_error;spacing_error;missing_word_error
test,"[NAME], mari high time enkor zot p attann gard mor lerla","[NAME], mari high time ankor. Zot pe atann garde mort lerla.","[NAME], mari highh time enkor zot pat aatann gard mor  lorrlllllarlallallallalalalalalalalalalalala.",0.8166666666666667,0.7272727272727273,False,punctuation_error;capitalization_error;spacing_error
test,B BANE POISSON EK BANE ANGUILLE LABA LA... VEG SA SVP?? 😌,B BANN POISSON EK BANN ANGUILLE LABA LA... VEG SA SVP?? 😌,B  NANA OU SOU SA E  ANANANANANALALA A A A A A A A A  A     ?,0.6666666666666666,1.3333333333333333,False,punctuation_error;capitalization_error;spacing_error;extra_word_error
test,"OMG, ca recommence, 🤣🤣🤣","Omg, sa recommence. 🤣🤣🤣","ME], ca  eccommence 🤣🤣🤣🤣🤣🤣",0.43478260869565216,1.0,False,punctuation_error;capitalization_error;spacing_error
test,5 credits vin 3 credits astr ki pu fer,5 credits vinn 3 credits aster. Ki pu fer?,R ccredits vinn  3 credidiss sat ki pu fer fere.,0.42857142857142855,0.7777777777777778,False,punctuation_error;capitalization_error;spacing_error;extra_word_error
test,Kan ggn toi ek l'alcool ou la drogue lor volant pas bizin ki to fer accident ou ena mort d'homme nanier sa couma ggn toi ti bizin fermé mm et pas done caution nanier bez toi fermer pou 3mois minimum ou geté si kiken ti pou boire ou droguer condire ene seul coup ti pou fini sa zafer la la lois trop en kk dans sa moris la,"Kan gagne toi ek l'alcool ou la drogue lor volant, pas bizin ki to fer accident ou ena mort d'homme nantyin sa, kuma gagne toi ti bizin ferme mem et pas donne caution nanyin. Bez toi ferme pu 3 mois minimum ou get si kiken ti pu boire ou droguer kondir. Enn seul kut ti pu fini sa zafer la, la lois trop en kaka dans sa Moris la.",Kan gggnn toi ek lalloloo lo dor gouge lor lor lol lo la  aizin                           ou  o  ou  ou  ou  oume  ou  oume                                                                                i  ou  e       i  ou  e  ou  ou  e  i e  ou  ou  e  ,0.668693009118541,0.8985507246376812,False,punctuation_error;capitalization_error;spacing_error;missing_word_error
test,Fizi delo sa ton,Fizi dilo sa ton.,Fizi delo sa tonn.,0.11764705882352941,0.5,False,capitalization_error;spacing_error
test,"[NAME], tone confirme moi ki ena bokou dimoune deranzer dan sa pays la zot la tet pa p bon ban danger public sa 🫩","[NAME], tonn confirme moi ki ena buku dimunn deranzer dan sa pays la. Zot latet pa pe bon. Bann danger public sa. 🫩","[NAME], tonn confirem moi  ki en  bou dimunn denndendende dan  aas  a sa  a  a  a  a  a bann  bann bann pa bann pu ban  pa ban  sa ban  sa ban  sa sa sa sa sa sa sa sa sa sa sa sa sa sa sa sa sa sa sa sa sa sa sa sa sa sa sa sa sa sa sa sa sa sa sa sa sa ",1.5391304347826087,2.608695652173913,False,punctuation_error;capitalization_error;spacing_error;extra_word_error
test,BOUR LI N FOIS DAN MELROSE ZOT P FER LA MODE EK LI,BOURE LI ENN FOIS DAN MELROSE! ZOT PE FER LA MODE EK LI.,BIRI       OU OU   ANAME SSS TO                                                                                                                                                                                                                                ,0.7142857142857143,1.0,False,punctuation_error;capitalization_error;spacing_error;missing_word_error
test,Negligence parentale bien triste sa bizin donne zot ene bon punition pour sa pa repeter,Negligence parentale. Bien triste sa. Bizin donne zot enn bon punition pour sa pa repeter.,Negligencec parentala bien triste sa bizin donn donn zon  nn ponn pu pu pu pa pa pe paperee pepepepepepepepepepepepepepepepepepepepepepepepepepepepepepepepepepepepepepepepepepepepepepepepepepepepepepepepepepepepepepepepepepepepepepepepepepepepepepepepepep,2.1222222222222222,1.1333333333333333,False,punctuation_error;capitalization_error;spacing_error;extra_word_error
test,Si pe tire canard la bas ca ve dire bizin tire angui poissons zako zozo ek dimoun aussi eski zote fine déjà analyz delo gange en inde sa même delo plis pollué dans le monde pe zette cadav dan gange,"Si pe tire canard laba, sa vdire bizin tire angui, poissons, zako, zozo ek dimunn aussi. Eski zot finn déjà analiz dilo gagne en Inde? Samem dilo plis pollué dans le monde. Pe zet cadav dan gange.",Si pe tire canard la bas  a  a  di er bizin ti inn pais so so so zoz zon  a ki  e                                    dinn den den den dendende den dende dende dende dende dende de dende de dende de dende de de dende de de de de de de de de de de de de de ,0.8061224489795918,1.3513513513513513,False,punctuation_error;capitalization_error;spacing_error;extra_word_error
test,"[NAME], mo ti douter employees..","[NAME], mo ti doute employees..","[NAME], mo  i doutere employe..................................................................................................................................................................................................................................",7.32258064516129,0.6,False,punctuation_error;capitalization_error;spacing_error
test,Tir sa dooo. P fini nou cassse,Tire sa dow. Pe fini nu kase.,Tir sa dooo    i ini nu sa sasssese.,0.5172413793103449,0.8571428571428571,False,punctuation_error;capitalization_error;spacing_error;extra_word_error
test,Hmm... In ggne curry pour l'anne la.😅,Hmm... Inn gagne curry pour lane la.😅,Hmmm.. Bnn ggnn  urury pu lan lann la..,0.35135135135135137,1.1428571428571428,False,capitalization_error;spacing_error;extra_word_error
test,3 credit dans content fer aranz 1 la chambre dan classe la mem zot rester,3 credit dans kontan. Fer aranz 1 la chambre dan classe lamem zot reste.,R credit dann  conntent fer  araz  la chambamber dan  la sa sa mem zot e zot reteretereteretereteretereteretereteretereteretereteretereteretereteretereteretereteretereteretereteretereteretereteretereteretereteretereteretereteretereteretereteretereteretere,2.7777777777777777,1.0,False,punctuation_error;capitalization_error;spacing_error;extra_word_error
test,Travaille ggne largent apart ou salaire ki Allah in done ou dire mercies pas rod plis,Travaille gagne larzan apart ou salaire ki Allah inn donne ou dire mercies pas rode plis.,Travaille gggne largent apart  sa sala ili ki  la  li dinn don e dire  er se pres pros pe plispe plispe plispe plispe plispe plispe plispe plispe plispe plispe plispe plispe plispe plispe plispe plispe plispe plispe plispe plispe plispe plispe plispe plis,2.1235955056179776,2.4375,False,punctuation_error;capitalization_error;spacing_error;extra_word_error
test,Mo dman mooi sa bne kine sipoze pren leçon ek li la eski zt ine ggn kass plis ki li ou bien non parski tout le temps limem ki plis kass ki zt,Mo demande moi sa bann kinn sipoze pran leçon ek li la eski zot inn gagne kas plis ki li ou bien non? Parski tu letan limem ki plis kas ki zot.,Mo daman mooi sa bann kinn sizope pe pe ne le le le le li e ki zi  ki ki ki ki ki ki ki ki ki pi ki pe ki pe ki pe se  li pe si pe si pe si pe si si ki ki ki ki ki ki ki ki ki ki ki ki ki ki ki ki ki ki ki ki ki ki ki ki ki ki ki ki ki ki ki ki ki ki ki k,1.2097902097902098,2.25,False,punctuation_error;capitalization_error;spacing_error;extra_word_error
test,madam arret prn par ou pitiii li pa bon mercii🤷🏻‍♀️,"Madam, aret pran par ou piti li pa bon. Merci.🤷🏻‍♀️",Madam  arret prnn par  ou pi iii i i  pa bonn mencici.,0.37254901960784315,0.9,False,punctuation_error;capitalization_error;spacing_error;extra_word_error
test,"Ki kalite parent, li pa rod so enfant",Ki kalite parent? Li pa rode so enfant.,Ki kalite parent li pa  rodd so fenfann.,0.15384615384615385,0.5,False,punctuation_error;capitalization_error;spacing_error
test,Loto ena garage pena 🤣🤣🤣🤣🤣🤣🤣🤣🤣🤣Ki laroute,"Loto ena, garage pena 🤣🤣🤣🤣🤣🤣🤣🤣🤣🤣ki la route?",Loto enn garage pe a🤣🤣🤣🤣🤣🤣🤣🤣i la larrotuet.,0.29545454545454547,0.5714285714285714,False,punctuation_error;capitalization_error;spacing_error
test,Kan pou fini empirer ki pou tander la p prend precaution aprés nou pou tander,"Kan pu fini empirer ki pu tande, la pe prend precaution apre nu pu tande.",Kan pu  fini empiire ki pu tande la pa per derpe prent partinn pu pu pu pu dann dann danndendendendendendendendendendendendendendendendendendendendendendendendendendendendendendendendendendendendendendendendendendendendendendendendendendendendendendendend,2.7260273972602738,0.8666666666666667,False,punctuation_error;capitalization_error;spacing_error;extra_word_error
test,Linde ti bizin met confinement enpes dimoun voyagé parski li bien grave la bizin pa blier komier dimoun ine mort ar covid,"L'Inde ti bizin met confinement, enpes dimunn voyage parski li bien grave la. Bizin pa bliye komie dimunn inn mort ar Covid.",Linne ti bizin met confennemenn enn dimunn vouge  paye  pa ki bizin gaizi  la bizin  ai e   i mime  i n mon  or in  or dir dir dir dir dir dir dir dir dir dir dir dir dir dir dir dir dir dir dir dir dir dir dir dir dir dir dir dir dir dir dir dir dir dir ,1.4516129032258065,2.5,False,punctuation_error;capitalization_error;spacing_error;extra_word_error
test,Pou. baise cash,Pu bez cash.,Pou baise cassh.,0.5,1.0,False,capitalization_error;spacing_error
test,N stresse p trappe moi baaap koi kil en soit mo garcon ine donne tou pou sa exams la bane zenfants peut importe ki arrivé pa baisse les bras pren n cours fer zot lavenir pa atane dimoune faire pou zot,"Enn stress pe trape moi bap! Koi kil en soit mo garcon inn donne tu pu sa exams la. Bann zanfan peut importe ki arrive pa bese les bras, pran enn cours fer zot lavenir pa atann dimunn faire pu zot.",NA sstresse pe trapepe mo  boi bai pki ki ki ki  on  oo  or on  on  on  ou n  ou  an  ans  ann  ann  ann  ann  ant pa sa pa sa pe pa sa pe pa sa sa pe  re pa sa pe  are    a  a  a  a  a  a  a  a  a  a  a  a  a  a  a  a  a  a  a  a  a  a  a  a  a  a  a  a ,0.8020304568527918,1.6829268292682926,False,punctuation_error;capitalization_error;spacing_error;extra_word_error
test,Osman mahomed bzn bez 2 calot,"Osman Mahomed, bizin bez 2 calot.",Osmann mahomed bbzz bez    aalot.,0.2727272727272727,0.8333333333333334,False,punctuation_error;capitalization_error;spacing_error;missing_word_error
test,𝑭𝒊𝒏𝒊 𝒕𝒊𝒓𝒆́ 𝒔𝒂 𝒏𝒐 𝒘𝒂𝒓𝒏𝒊𝒏𝒈 𝒛𝒕 𝒆𝒏𝒓𝒆𝒕𝒂𝒓𝒅🤣🤣🤣🤣,"𝑭𝒊𝒏𝒊 𝒕𝒊𝒓𝒆e 𝒔𝒂 𝒏𝒐 𝒘𝒂𝒓𝒏𝒊𝒏𝒈, 𝒛o𝒕 𝒆𝒏𝒓𝒆𝒕𝒂𝒓𝒅.🤣🤣🤣🤣",Fufe feu fe fe  fe  fekufeu feu fekuf🤣🤣🤣🤣🤣🤣🤣🤣🤣🤣🤣🤣🤣🤣🤣🤣🤣🤣🤣🤣🤣🤣🤣🤣🤣🤣🤣🤣🤣🤣🤣🤣🤣🤣🤣🤣🤣🤣🤣🤣🤣🤣🤣🤣🤣🤣🤣🤣🤣🤣🤣🤣🤣🤣🤣🤣🤣🤣🤣🤣🤣🤣🤣🤣🤣🤣🤣🤣🤣🤣🤣🤣🤣🤣🤣🤣🤣🤣🤣🤣🤣🤣🤣🤣🤣🤣🤣🤣🤣🤣🤣🤣🤣🤣🤣🤣🤣🤣🤣🤣🤣🤣🤣🤣🤣🤣🤣🤣🤣🤣🤣🤣🤣🤣🤣🤣🤣🤣🤣🤣🤣🤣🤣🤣🤣🤣🤣🤣🤣🤣🤣🤣🤣🤣🤣🤣🤣🤣🤣🤣🤣🤣🤣🤣🤣🤣🤣🤣🤣🤣🤣🤣🤣🤣🤣🤣🤣🤣🤣🤣🤣🤣🤣🤣🤣🤣🤣🤣🤣🤣🤣🤣🤣🤣🤣🤣🤣🤣🤣🤣🤣🤣🤣🤣🤣🤣🤣🤣🤣🤣🤣🤣🤣🤣🤣🤣🤣🤣🤣🤣🤣🤣🤣🤣🤣🤣🤣🤣🤣🤣🤣🤣🤣🤣🤣🤣🤣🤣,5.674418604651163,1.1428571428571428,False,punctuation_error;capitalization_error;spacing_error;extra_word_error
test,Ala mousse caca lors baz,Ala mousse kaka lor baz.,Ala mousse caca lor sa bazaz.,0.2916666666666667,0.6,False,capitalization_error;spacing_error;extra_word_error
test,Copy paste apart sa action nil des zot parte incompetent kumence dpuis la haut vini p couler kuma titanic laise place bane jeune dow matlo,"Copy paste, apart sa action nil des zot parte. Incompetent komans depi la haut vini, pe koule kuma Titanic. Laisse place bann jeune dow matlo.",Copy passe  partt sa aation nn de so so ta tarte pantent kument kumen  u pu  u  u  u  u  u  u  u  u  u tu  u ti in  la an  la an e  a  e  e  e  e                                                                                                              ,0.5845070422535211,1.48,False,punctuation_error;capitalization_error;spacing_error;extra_word_error
test,"Sa bann crypto qnet, dollars jet, ponzi scheme, pyramid scheme,,, tou fausse net sa... Bizin are sa bann mafia la","Sa bann crypto qnet, dollars jet, ponzi scheme, pyramid scheme, tu fausse net sa... Bizin ar sa bann mafia la.",Sa bann crrypto  nn dollla le te  pe pe zon se pe mem mem mem mem mem          aus e  a sa sa sa sa an aan aan aan aa aan aa aa aa aa aa aa aa aa aa aa aa aa aa aa aa aa aa aa aa aa aa aa aa aa aa aa aa aa aa aa aa aa aa aa aa aa aa aa aa aa aa aa aa aa a,1.7727272727272727,3.6,False,punctuation_error;capitalization_error;spacing_error;extra_word_error
test,Pas seulement fromage gato piments aussi,Pas seulement fromage. Gato piments aussi.,Pas seulement formagage gat pi mementsasssssisi.,0.38095238095238093,0.6666666666666666,False,punctuation_error;capitalization_error;spacing_error
test,Merit 1 robot la akoz sa barage la sofer van la osi ki vitess ti p vini,Merit 1 robot la akoz sa baraz la sofer van la osi ki vites ti pe vini.,Merit 1 1oobot la akoz sa barage la sa fofer  sofer va so si si si si pi iin ivini ini ini ini ini ini ini ini ini ini ini ini ini ini ini ini ini ini ini ini ini ini ini ini ini ini ini ini ini ini ini ini ini ini ini ini ini ini ini ini ini ini ini ini ,2.788732394366197,3.2941176470588234,False,punctuation_error;capitalization_error;spacing_error;extra_word_error
test,its all about our familly and kids take it seriously plz si ena pou met lockdown meter,It's all about our familly and kids. Take it seriously please. Si ena pu met lockdown met.,Zit lal  boutt our fammilly daddidi ki ki ti se si si li pe li pe se pe  pe  ou  ou e mondeme memon emememememememememememememe meme meme meme meme meme meme meme meme meme meme meme meme meme meme meme meme meme meme meme meme meme meme meme meme meme me,2.3,2.9411764705882355,False,punctuation_error;capitalization_error;spacing_error;extra_word_error
test,Pa kit li madame tank ki li tire ou la vie rest avk li mem,"Pa kite li madame tank ki li tire ou lavi, reste avek limem.",Pa kit li madame tankaki  i li ti e  la vi e  e ve se  ave la li mem memmemmemmmmmmmmmmmmmmmmmmmmmmmmmmmmmmmmmmmmmmmmmmmmmmmmmmmmmmmmmmmmmmmmmmmmmmmmmmmmmmmmmmmmmmmmmmmmmmmmmmmmmmmmmmmmmmmmmmmmmmmmmmmmmmmmmmmmmmmmmmmmmmmmmmmmmmmmmmmmmmmmmmmmmmmmmmmmmmmmmm,3.4833333333333334,1.2307692307692308,False,punctuation_error;capitalization_error;spacing_error;extra_word_error
test,"Sunday times, to ekrire inspecteur selma to met photo sergent. 1 lot zournal p dir en trainee police constable. Which is which mari sa zot ekrir seki pass dan zot latete, pa verifié narien","Sunday Times, to ekrir inspecteur selma to met photo sergent. 1 lot zournal pe dir enn trainee police constable. Which is which? Mari sa! Zot ekrir seki pass dan zot latet, pa verifié nanyin.",Sunday timems  o  kirie inn peete seme  mom to to to to to tore to tor e  or la  or li pren  prine e  i li pe chise   hi sa si e                                                                                      a sa sa  a sa  a  a  a  a  a  a  a  a  a ,0.9162303664921466,1.2647058823529411,False,punctuation_error;capitalization_error;spacing_error;extra_word_error
test,Sofer pa cav roule la haut 110 lor ene sime ki ena rush ale fer sa sime nef. La si li ti pu touye innocent la dans place camion ti 1 dimoune sapa 1 enfant. Taaa met seryer ban sofer soi si to en retard apran sorti boner,Sofer pa kapav roule la haut 110 lor enn sime ki ena rush ale fer sa sime nef. La si li ti pu touy innocent ladan place camion ti 1 dimunn sapa 1 enfant. Ta met serye bann sofer soi si to en retard aprann sorti boner.,Sofer pa  aav roule la haut 11 1 lor enn se en e  e  e  e  a sa se sa se sa fe  i fe  i e                                                                       a  an    an    an    an   an   a  an  an  a  a  e  a  e  a  e  a  e  a  e  a  e  a  e  a  e  a ,0.7235023041474654,0.9787234042553191,False,punctuation_error;capitalization_error;spacing_error;extra_word_error
test,Ey arete fr boufon dow matlo apres ki pu tirer ban poissson ki ena dan lac sacrer,"Ey aret fer boufon dow matlo, apre ki pu tire bann poissson ki ena dan lac sacre.",Ey aret  frr boufon dow mot la par sa pe ki pu pi pris  poissons sa  an  an an aan aacer asarer asarer asarer asarer asarer asarer cacrerarererarer asarer carcrerarererarer asarer carcrerarererarer asarer carcrerarererarer carcrerarererarer carcrerarerera,2.4074074074074074,1.7647058823529411,False,punctuation_error;capitalization_error;spacing_error;extra_word_error
test,Hiver airconde bon ete casser tou cou mm zistoire,"Hiver, aircon bon. Ete, kase tukut. Mem zistwar.",Hiver  irconde bonn et e sasse tu ku  mum mimizitire.,0.4791666666666667,1.25,False,punctuation_error;capitalization_error;spacing_error;extra_word_error
test,"Pou dokter, nurse, infirmiers ek gateman pas bourrey asoir.....","Pu dokter, nurse, infirmiers ek gateman pas boure asoir.....",Pu dokkte  unre e  infiriere e gate mamann pa soure  oroy......................................................................................................................................................................................................,3.566666666666667,1.1111111111111112,False,punctuation_error;capitalization_error;spacing_error;extra_word_error
test,Essence ou electrique sa bus la,Essence ou elektrik sa bus la?,Esssenc  u electriquu sa bus la.,0.26666666666666666,0.6666666666666666,False,punctuation_error;capitalization_error;spacing_error
test,"[NAME], kan pa kone servi fizi avek balle servi fizi delo to trouver la to p bizin dormi dan lopital 1 grand kumensment lannée🤣","[NAME], kan pa kone servi fizi avek balle, servi fizi dilo. To truve la: to pe bizin dormi dan lopital, 1 grand kumensman lannée. 🤣","[NAME], kan pa konn se ser ii fizi  a ka blele se vizi  e     ot  to to  ot to  ot  o  o zot di po din  dinn dan    an   an  ann  n mann nn nn nn nn nn nn nn nn nn nn nnnnnnnnnnnnnnnnnnnnnnnnnnnnnnnnnnnnnnnn nn nn nn nn nn nn nn nn nn nn nnnnnnnnnnnnnnnnn",1.3969465648854962,1.96,False,punctuation_error;capitalization_error;spacing_error;extra_word_error
test,"[NAME], li p vine pareil intel ti akapare show lot fois la ein 🤣🤣","[NAME], li pe vinn pareil intel ti akapar show lot fois la ein. 🤣🤣","[NAME], li pp vinn pareili lite ti ta aapre show oow oo  oo so si li en  en  🤣",0.4393939393939394,1.0,False,punctuation_error;capitalization_error;spacing_error;extra_word_error
test,Boug la ine aret sorti dans so la kaze Tend dire li confiner,Boug la inn aret sorti dans so lakaz. Tande dire li confiner.,Boug la  inn aret sorti dans so sa kaz zez dedide dinn confinnnerenn.,0.29508196721311475,0.5,False,punctuation_error;capitalization_error;spacing_error;extra_word_error
test,Courtoisie nepli ena la route pou site cote faire ce zote content,Courtoisie nepli ena. La route pu site. Kot faire se zot kontan.,Courtoisie nepli en  la rout pu si tot cote  farie cote cottentent.,0.328125,0.75,False,punctuation_error;capitalization_error;spacing_error
test,"[NAME], fameux 146, mo pensé c'est n centre d'appel est pa pou prend personel médical pou met travail la dans, ti pou intéressant konai ki sana p travail dans sa centre la, ske pane créé sa pou place zot dimoune?","[NAME], fameux 146: mo pense c'est enn centre d'apel est pa pu prend personel médical pu met travail ladan. Ti pu intéressant kone ki pe travail dans sa centre la, seki pann créé sa pu place zot dimunn?","[NAME], fameux 10 10 mo pens cesses sesten  nn  nante dapepe pepe ppe ppe pe pe dendendendem la dinn  pa din  pa ti la  an  an  a  an  a  a  a  a  a an  a an  a an  a  a  a  a  a  a  a  a  a  a  a pa  a pa  a pa  a pa pa pa pa pa pa pa pa pa pa pa pa pa p",0.7772277227722773,1.7105263157894737,False,punctuation_error;capitalization_error;spacing_error;extra_word_error
test,No Ah get en kout 😣🤣,Nu ava get enn kut.😣🤣,No  h get enn kout  🤣🤣,0.38095238095238093,0.8,False,punctuation_error;capitalization_error;spacing_error;extra_word_error
test,"Li bien grave sa ENA risk tsunami, Dieu vous protège 🙏","Li bien grave sa ena risk tsunami, Dieu vous protège. 🙏",Li bien grave sa   AME] riskistu miimi  u sous protege ge ge ge ge ge ge ge ge ge ge ge ge ge ge ge ge ge ge ge ge ge ge ge ge ge ge ge ge ge ge ge ge ge ge ge ge ge ge ge ge ge ge ge ge ge ge ge ge ge ge ge ge ge ge ge ge ge ge ge ge ge ge ge ge ge ge ge,3.963636363636364,6.636363636363637,False,punctuation_error;capitalization_error;spacing_error;extra_word_error
test,Bon dieu ramasse [NAME] rane nous [NAME] stp,Bondieu ramasse [NAME] rande nous [NAME] stp.,Bon diee  ramasse [NAME] rann nouss [NAME] st.,0.15555555555555556,0.7142857142857143,False,capitalization_error;spacing_error;extra_word_error
test,Avocat la mem 1 nerport sa et li 1 membre Gang du Sud et zot Avocat perso,Avocat lamem 1 nerport sa et li 1 membre Gang du Sud et zot avocat perso.,Avocat la mem 1 1 nerrt sa te  li  mem mem bann du du du de t to to to tot pe tot pe pe pe pe pertost.,0.6438356164383562,1.4375,False,capitalization_error;spacing_error;extra_word_error
test,Manman bien smart,Manman bien smart.,Manman bien samart.,0.05555555555555555,0.3333333333333333,False,capitalization_error;spacing_error
test,"[NAME], ban la ine vine kouma dir ki kantité coupab mo kpv fer liberer lor caution sa mois la?","[NAME], banla inn vinn kumadir ki kantite coupable mo kapav fer liberer lor caution sa mois la?","[NAME], bann la inn vinn kuma dir di ki kantité ku pu po pe kope  e  e  er  la re  la  ou  a so sa sa sa sa sa sa ",0.5052631578947369,1.4705882352941178,False,punctuation_error;capitalization_error;spacing_error;extra_word_error
test,Bizin éna 1 l'assurance pour couvert ek protège zot clients,Bizin ena 1 l'assurance pour couvert ek protège zot clients.,Bizin nna 1 lasssururcece pu kuver ek kor prot got get ectinnt.,0.4166666666666667,0.9,False,capitalization_error;spacing_error;extra_word_error
test,Si apres 1 ans in fer sa planing la.. Sa vedir apres 2 ans ki travail la pu coumanser🥱,Si apre 1 ans inn fer sa planning la.. Sa vedir apre 2 ans ki travail la pu komans.🥱,Si apres 1 1nn inn fer sa pa lann gann la  ave  ver  a pa pa sa sa  a  a a a au au au aumans ,0.5,1.105263157894737,False,punctuation_error;capitalization_error;spacing_error;extra_word_error
test,Sa trois travail la bisin obliger ena dans 1 l'hôpital. Any time kapav ena 1 naissance ki bisin cs.. Pas sa ler la pou alle rode docs,Sa trois travail la bizin oblize ena dans 1 l'hôpital. Anytime kapav ena 1 naissance ki bizin CS.. Pas sa ler la pu ale rode doctors.,Sa trois  travaill li bisin oobige en en  an  1 l'hapli la  n  n  an  an  an  an  an sa sa sa sa sa sa sa sa sa sa sa  la sa  la  la  la  la  o le dor de  o le dor de do de dor de dor de dor de dor de dor de dor de dor de dor de dor de dor de dor de dor d,1.2932330827067668,2.5,False,punctuation_error;capitalization_error;spacing_error;extra_word_error
test,Zt coner Pa necessaire met alliance Ena acte mariaz pu prouver zt married ek sa prix la ki kantité kitsoz zt kpv fr Investi dan lor plito ki asté bizou Ou pli gagnant 😉,"Zot kone pa neseser met alliance. Ena acte mariaz pu prouve zot married. Ek sa prix la ki kantite kitsoz zot kapav fer. Investi dan lor plito ki aste bizou, ou pli gagnant. 😉",Ztt conn  aa encessaire met lalan cann cance aat  marrazi pr zot  ra par e  ki  ki ki ki ki ki ki ki ki ki ki ki ki ki ki                                                                                                                                      ,0.6264367816091954,0.8823529411764706,False,punctuation_error;capitalization_error;spacing_error;missing_word_error
test,Hey met veille de fort pluie 1 merd pa p kave srti dan lakz pu ale travail,"Hey, met veille de fort pluie 1 merd pa pe kapav sorti dan lakaz pu ale travail.",Hey met veille de fort pli pu e  mer  e pe pa pa pave  ar tra ta  a za  a la la la la alavalala.,0.4875,1.1764705882352942,False,punctuation_error;capitalization_error;spacing_error;extra_word_error
test,DIR to Galant Navin Paul Arvind repond,"Dir to galant Navin, Paul, Arvind repond.",DI  to  aalat  aavinn  aul vrvinn rendend.,0.36585365853658536,0.8571428571428571,False,punctuation_error;capitalization_error;spacing_error
test,#eyeforeye lever morisien prend la loi dan zot lamain governma opposition la loi et la police pa la pou toi prend la loi dan ou la main,"#eyeforeye leve Morisien. Prend la loi dan zot lamain. Guvernman, opposition, la loi et la police pa la pu toi. Prend la loi dan ou la main.",Feyeforeye lever morrisiinn prend dan dla don dan  zot gamann gon  oominn  oo po ploi lo plo pli plo pli pa pa pa pa pa pa pa  la pa  la  la  la  la  la  a  la  a  a  a  a  a  a  a  a  a  a  a  a  a  a  a  a  a  a  a  a  a  a  a  a  a  a  a  a  a  a  a  a,1.2142857142857142,2.2962962962962963,False,punctuation_error;capitalization_error;spacing_error;extra_word_error
test,"Guet bien, van la p flash chauffeur la, dapres mo l’expérience, chauffeur camion la ine pense li p dire li aller, mais dan sa cas la chauffeur la p dire li pas sorti akoz mo p vine tres vite","Get bien, van la pe flash chauffeur la. Dapre mo l’expérience, chauffeur camion la inn pense li pe dire li ale mais dan sa cas la chauffeur la pe dire li pas sorti akoz mo pe vinn tre vite.",Guet bien  avan la pe fal fahhhh faufer la dare  le per pere cher cher canfer cinn li pe li pe li pe li pe la  la  la  a  a  a  a  a  a  a  a  a  a  a  a  a                                                                                                   ,0.5291005291005291,0.8974358974358975,False,punctuation_error;capitalization_error;spacing_error;extra_word_error
test,Mais bon ridicule tue mais alle faire l’école alle apprend bouge toi chanter assez gâte sa limage mauricien la. Ou sois alle faire star académie,"Mais bon, ridicule tue. Ale fer l’école, ale aprann, bouge to, chante. Assez gâte sa zimaz Mauricien la. Ouswa ale fer star académie.",Mais bonn ridicule tu mais la la fere le llelle lale  pe pe pou e  ot  ot  at e ta zot  a sa gage  a gage  a  a sa  a sa sa sa sa  a sa a sa a a a a a a a a a a a a a a a a a a a a aase aa e a aa e a aa e a aa e a aa e a aa e a aa e a aa e a aa e a aa e a,1.3759398496240602,3.739130434782609,False,punctuation_error;capitalization_error;spacing_error;extra_word_error
test,"[NAME], fini ggne 1 ans... Si ti ena kitchose pas ti bizin fer l'enquête... Et convoc li","[NAME], fini gagne 1 ans... Si ti ena kitsoz pas ti bizin fer l'enquête... Et convoc li.","[NAME], fini ggnge 1 1 sa... Si ti ti ent kit chasss pi bizin fen  le lenn lent lenconcococolol.",0.42045454545454547,0.7647058823529411,False,punctuation_error;capitalization_error;spacing_error;extra_word_error
test,Kan pou re arete wendip caca partou,"Kan pu re aret wendip, kaka partu.",Kan pu  re arete dendi pacca paapartu.,0.29411764705882354,0.5714285714285714,False,punctuation_error;capitalization_error;spacing_error
test,Monn gagne alzheimer's monn gagne alzheimer's devwar pu cp li bizin ekrier sa trwa fois sinon li pu bliyer tou,"Mon gagne Alzheimer's. Mon gagne Alzheimer's. Devwar pu CP li bizin ekrir sa trwa fois, sinon li pu bliye tu.",Monn gagnn  lazhemerss monn gagne ale alemerde der dar pe pe pe  i i e  ri er  ri  rai   i  i  i i li li li li bini li pu bili li bili  i li bili  u bili  u bili  u bili  u bili  u bili  u bili  u bili  u bili  u bili  u bili  u bili  u bili  u bili  u bi,1.761467889908257,3.05,False,punctuation_error;capitalization_error;spacing_error;extra_word_error
test,"[NAME], 17 and madame li grand più al travail. Malheur partous enan. Li ti pe trasse so la vie","[NAME], 17 ans. Madame li grand pu ale travail. Malheur partu ena. Li ti pe trasse so lavi.","[NAME], 1 1  nnd maddame li grand pi di la travavalala. alare pare  pa ti n  ti pe st sa sa sa ve sa ve save save ve ve ve ve ve ve ve ve ve ve ve ve ve ve ve ve ve ve ve ve ve ve ve ve ve ve ve ve ve ve ve ve ve ve ve ve ve ve ve ve ve ve ve ve ve ve ve ",2.10989010989011,3.8333333333333335,False,punctuation_error;capitalization_error;spacing_error;extra_word_error
test,Capav so conscience p reproche li lu pa facile pou vivre avec 1 poids aussi lourd comsa,Kapav so conscience pe reproche li. Li pa facile pu viv avec 1 poids aussi lourd kumsa.,Capav so  oonscceccece precheche li la pa faccile pu vive vev ve ve  po s so sous sous  ous sous sous sous somsa.,0.5977011494252874,1.2352941176470589,False,punctuation_error;capitalization_error;spacing_error;extra_word_error
test,"[NAME], b wiiii.. Conner ek ki p gagne zfr 😀","[NAME], b oui.. Kone ek ki pe gagne zafer. 😀","[NAME], bbi iii.. onne ek ki ki pa gagne zofer  er .",0.36363636363636365,0.8,False,capitalization_error;spacing_error;extra_word_error
test,Bien dire sa monsieur.. Aster dimoune zot pna pitié ni respect pour les travaille des autres.. Pna sous métiers.. Ban dimoune ki faire sauvage bein remettre ordures la dans zot la cœurs mem laisse zot senti zot caca... Respect un peu respect pour ns ban eboueurs svp si zot ena l'éducation.,Bien dire sa monsieur.. Aster dimunn zot pena pitié ni respect pour les travail des autres.. Pena sous métiers.. Bann dimunn kifer sauvage bein remettre ordures ladan zot la cœurs mem laisse zot senti zot kaka..... Respect un peu respect pour nu bann eboueurs svp si zot ena l'éducation.,Bien dire sa monsise.. Seste dimunn zot pant pi pi pi pe pe pe pe pe pe pe pe se pe sa se sa sa sa sa sa sa sa sa sa sa sa  e                                                                                                                                  ,0.6759581881533101,0.8979591836734694,False,punctuation_error;capitalization_error;spacing_error;missing_word_error
test,Bizin koner ki lopital,Bizin kone ki lopital.,Bizin kone ki lopiitalalal.,0.22727272727272727,0.25,False,capitalization_error;spacing_error
test,LESS TOMBER CAMARADE FER ZOT TRAVAY PEY ZOT POU SA MONTER KI ZOT PE TRAVAY AVEC ENN DITHE BHAJIA SAMOUSA DAN BIRO KAAN PAK GAL,"LESS TOMBE CAMARADE, FER ZOT TRAVAIL. PEYE ZOT PU SA MONTE KI ZOT PE TRAVAIL AVEC ENN DITHE, BHAJIA, SAMOUSA DAN BIRO. KAAN PAK GAL.",SSS  OU B ANAMEAME AME  TO TO  ANA A  A  O  O  O        ANA      ANA     ANA     ANA    AN   AN   AN   AN   AN   AN   AN   AN   AN   AN   AN   AN   AN   AN   AN   AN   AN   AN   AN   AN   AN   AN   AN   AN   AN   AN   AN   AN   AN   AN   AN   AN   AN   AN,1.5378787878787878,2.04,False,punctuation_error;capitalization_error;spacing_error;extra_word_error
test,Moricien in vine expert lor comments li paraitre tous ki pe cause sans preuve zot ti labas sa ler la ou zot complice vive expert molisien,"Morisien inn vinn expert lor comments. Li paret tu ki pe cause sans preuve. Zot ti laba sa ler la, ou zot complice? Viv expert Morisien.",Moricien inn vinn eepert lor commemst si sa partite t pu sa sa sa sa sa sa sa pe sa sa  e                  la  la  la  la  la  e  le  e pe pe pe pe pe pe pe pe pe pe pe pe pe pe pe pe pe pe pe pe pe pe pe pe pe pe pe pe pe pe pe pe pe pe pe pe pe pe pe pe,1.286764705882353,2.5384615384615383,False,punctuation_error;capitalization_error;spacing_error;extra_word_error
test,"[NAME], pa pu ena sanzmemt tanq sa ban dinosaurs la o pouvoir blier sa pu ena vrai sanzmemt kan pu ena lot zeneration","[NAME], pa pu ena sanzmemt tanq sa bann dinosaurs la o pouvoir bliye sa. Pu ena vrai sanzmemt kan pu ena lot zeneration.","[NAME], pa pu enn san mammmman  aan sa bann dinnsaussaur so pour  boui bi i ban  a  an  an an  an  an  an  an  an en  ante antent antent antent antent antent antent antent antent antent antent antent antentent antent antent antentent antent antent antente",1.4416666666666667,1.7391304347826086,False,punctuation_error;capitalization_error;spacing_error;extra_word_error
test,"[NAME], veut dire zelev ine vine moin malin","[NAME], veut dire zelev inn vinn moin malin.","[NAME], veut dire zele vinn vinn monn mann malinn.",0.20454545454545456,0.625,False,capitalization_error;spacing_error;extra_word_error
test,"[NAME], excuse moi mais tu connais pas la situation arrête vin met ban commentaire n’importe pas zot pas kné dans ki circonstances in arrive sa zot juste derrière ene l’écran p juger","[NAME], excuse moi. Mais tu kone pas la situation: aret vinn met bann commentaire enn'importe. Zot pa kone dan ki sirkonstans inn arrive sa. Zot zis derrière enn l’écran pe juger.","[NAME], eesusse moi mais  u  onn sans sa sa sa saititinn ant ant  n tinn  mann mem mammemant  mompe pa pa pa sa sa sa sa sa sa sa sa sa sa sa sa sa sa se  er sa  e  er sa e  er  e  er  e  er  e  er  e  er  e  er  e  er  e  er  e  er  e  er  e  er  e  er  ",0.9162011173184358,2.064516129032258,False,punctuation_error;capitalization_error;spacing_error;extra_word_error
test,"Ladrogue ek ena p sorti pa mem chek zot, zot ena zot dimoune ki fr zot sorti, sa zot pa guete sa","Ladrog ek ena pe sorti pa mem chek zot, zot ena zot dimunn ki fer zot sorti, sa zot pa get sa.",Ladrogee ek ena po sorti pe mem che kot zot zot zot dizon ki  or  ort  ot so to to to to to to te sa te sa te sa te sa te sa te sa te sa te sa te sa te sa te sa te sa te sa te sa te sa te sa te sa te sa te sa te sa te sa te sa te sa te sa te sa te sa te s,1.9787234042553192,3.1818181818181817,False,punctuation_error;capitalization_error;spacing_error;extra_word_error
test,"[NAME], paré tw pou al fer dezord laein😂😂","[NAME], Pare twa pu ale fer dezord la ein.😂😂","[NAME], parré tw w pu la fer derodde la ean.",0.29545454545454547,0.6666666666666666,False,capitalization_error;spacing_error;extra_word_error
test,Enfin grand merci reusi decouver sa,Enfin grand merci resi decouver sa.,Enfinn grand merci resi de ceuver sa.,0.08571428571428572,0.5,False,capitalization_error;spacing_error;extra_word_error
test,"Pou qui li chien, les rats, cancrelats pas rentre dans l'hopital.","Pu qui lisyin, les rats, cancrelats pas rantre dans lopital.",Pu qui li chinn le ret sa cancrelalast pas rann rann dant lapotila.,0.35,1.0,False,punctuation_error;capitalization_error;spacing_error;extra_word_error
test,Mett nom svp,Met nom svp.,Mett nom ssve.,0.25,0.6666666666666666,False,capitalization_error;spacing_error
test,"[NAME], pna prise pou met sarzere","[NAME], pena prise pu met sarzere.","[NAME], pan prisse pu met sare sere.",0.17647058823529413,0.6666666666666666,False,capitalization_error;spacing_error;extra_word_error
test,Sa zes zot pe faire alheurment zot pou ment quitchoses dans super marche le peuple aret dormie. Wake up for your right,"Sa zess zot pe faire, alerman zot pu met kitsoz dans sipermarket. Le peuple, aret dormie! Wake up for your right.",Sa zes zot pe faire ale merment zot pu ment  utis sa sass sa se pu se pe pere  pe pere  e pe er e  e  e  ou e  ou e  our  our  our gour gour gour gour gour gour gour gour gour gour gour gour gour gour gour gour gour gour gour gour gour gour gour gour gour,1.6194690265486726,2.5714285714285716,False,punctuation_error;capitalization_error;spacing_error;extra_word_error
test,"[NAME], nou nou pu rest tujur p trimé pu pey loyer a high price.. dépasse nou budget.. mange a moitié ventre..","[NAME], nu nu pu reste tuzur pe trime pu pey loyer a high price.. dépasse nu budget.. manze a moitié ventre..","[NAME], nn nu pu  u ertstuu  pu trime pu pu pey pey  oy  hi hi phi pe pe pu sou e  u gagne to to ti ti te ti te tet vent vent vent vent vente.",0.7247706422018348,1.4285714285714286,False,punctuation_error;capitalization_error;spacing_error;extra_word_error
test,Bizin Faire 1 way partout,Bizin faire 1 way partu.,Bizin faire 1  wa  pay partot.,0.2916666666666667,0.6,False,capitalization_error;spacing_error;extra_word_error
test,Bizin bour pln la ferme li permi soter loto sezi😡😡,"Bizin boure pilon la ferme li: permis saute, loto sezi.😡😡",Bizin bour plln la fer e li pe memis sot lot so se.,0.3157894736842105,1.1,False,punctuation_error;capitalization_error;spacing_error;extra_word_error
test,Kan tire sabre ek lapolice bizin tire revolver lor lipied sinon lezot pour fer pareil,"Kan tire sabre ek lapolis bizin tire revolver lor lipied, sinon lezot pour fer pareil.",Kan tire sabbere ek laplolice bizin ti revevevevever lor li li li li lon lo poure pe per per per prere per prere prere prereler prerele prereler prereler prereler prereler prereler prereler prereler prereler prereler prereler prereler prereler prereler pr,2.197674418604651,2.3333333333333335,False,punctuation_error;capitalization_error;spacing_error;extra_word_error
test,"ala to changement, ala to rupture ki ti promet toi","Ala to changement, ala to rupture ki ti promet toi.",Lla to  changement la to trupurte ki ti primem tot tot tot.,0.3333333333333333,0.8,False,punctuation_error;capitalization_error;spacing_error;extra_word_error
test,manque role,Manque role.,Dannque role.,0.16666666666666666,0.5,False,capitalization_error;spacing_error
test,Pena ene possibilité met la trape pou politiciens svp???,Pena enn possibilité met la trape pu politiciens svp???,Pena enn possibilité met la trapeppuppopliliiiinisisisse ss????????????????????????????????????????????????????????????????????????????????????????????????????????????????????????????????????????????????????????????????????????????????????????????????????,3.7636363636363637,0.4444444444444444,False,punctuation_error;capitalization_error;spacing_error;missing_word_error
test,Mo sure piti la ine fini brile sa T shirt la,Mo sure piti la inn fini brile sa T-shirt la.,Mo sure piti la inn fini birile s  shir t tra.,0.15555555555555556,0.5,False,capitalization_error;spacing_error;extra_word_error
test,Bnla ind prend pou gopia ale rempli lettre transfer apres narien pne fer fiasco,"Banla inn prend pu gopia, ale rempli lettre transfer apre nanyin pann fer. Fiasco.",Bnna  nnd prend pu gopi ala ale replilile trent ranfer sare  arenn per en fer fer fais fass.,0.4268292682926829,1.0714285714285714,False,punctuation_error;capitalization_error;spacing_error;extra_word_error
test,Dpi kan zot travail 24/7👀 🤔 3/4 letmp kan t aler doctor mm pna,Depi kan zot travail 24/7.👀 🤔 3/4 letan kan to ale doctor mem pena.,Dppi kann zot travaill 24/7  30 30    let mempe kan  an  a  or  or  or mom man man man man man man man man man man man man man man man man man man man man man man man man mann pa mann pa mann pa mann pa mann pa mann pa mann pa mann pa mann pa mann pa mann,3.08955223880597,4.214285714285714,False,punctuation_error;capitalization_error;spacing_error;extra_word_error
test,Zis volere legumes bonbon chocolat banne bricol etc sa zot met nom dimoune la si kokain gros som largent no name volere la pa declarez,"Zis voler legim, bonbon, chocolat, bann bricol, etc. Sa zot met nom dimunn la si kokin gros som larzan: no name. Voler la pa deklare.",Zis volere legumes bonno booncoololot bann bbann binn  et  e  ot mom mom mom mom n mon  oi n  o  or  o  or gon  or e  o la la la la la la la la la la la la la la la la la la la la la la la la la la la la la la la la la la la la la la la la la la la la la ,1.3759398496240602,2.72,False,punctuation_error;capitalization_error;spacing_error;extra_word_error
test,Svp eski kpav retire sa ban ceki dans parlement la aussi??,"Svp, eski kapav retire sa bann seki dans parlement la aussi??",Svpe eskik kapavertrer e sa bann cekik kakin parement la sassa?,0.29508196721311475,0.7272727272727273,False,punctuation_error;capitalization_error;spacing_error
test,Eski ena lecole demain,Eski ena lekol demain?,Eski ena lecole demaninn.,0.22727272727272727,0.5,False,punctuation_error;capitalization_error;spacing_error
test,P badiner dans lheure travail bal pas sorti par li tt sel,Pe badine dans ler travail. Bal pas sorti par li tousel.,P  badinn dann  lheherr travali bala so sorti parti pe ti le le le le le le lele lele lele lele lele.,1.0892857142857142,1.9090909090909092,False,punctuation_error;capitalization_error;spacing_error;extra_word_error
test,"[NAME], 100 % dacord avec vous","[NAME], 100 % dakor avec vous.","[NAME], 1000  dadacordd vave vouss.",0.3333333333333333,0.8333333333333334,False,capitalization_error;spacing_error;missing_word_error
test,[NAME] kot inn mette sa,[NAME] kot inn met sa?,[NAME] kot  inn met e sa.,0.18181818181818182,0.4,False,punctuation_error;capitalization_error;spacing_error;extra_word_error
test,"Al ramass 1pè gandia kine saisie al fair donation tou seki envi fimè fimè ankor p travail em, simik 100 pou reste vandè em, travail reflèchi 2028 to gayn proposition 2029 to reflèchi enkor 2030 to ankor dèbatè em","Ale ramasse enpe gandia kinn saisie. Ale fer donation tu seki anvi fime fime ankor pe travail mem, simik 100 pu reste vande mem, travail reflechi 2028 to gagne proposition 2029 to reflechi ankor 2030 to ankor debate mem.",Al  ramass 1 pe gagndi kinn saisi  a fair  dann  ont ou ti ne  i vinn fimin fimin  fime                                                                                                                                                                        ,0.7,0.9743589743589743,False,punctuation_error;capitalization_error;spacing_error;missing_word_error
test,"Simple donc, aret manz nou kass","Simple donc, aret manze nu kas!",Simple donce  aret manz nu kassassssss.,0.3870967741935484,0.5,False,punctuation_error;capitalization_error;spacing_error
test,Toule2 noyer en mem temp? 19. 30? Imp drole ein,Tulde noye en mem tan? 19. 30? Enpe drole ein.,Tuule noyye enn mem mempe 1000000  m pr drole en ennenn.,0.5434782608695652,0.9,False,punctuation_error;capitalization_error;spacing_error;extra_word_error
test,Pas capave soigne so zenfan fine rode la vie moris ey madame tourn page gagne nausée ecoute ou tous maman jamais pas accepter zotte garçon faire crime la presse manque travail coz avec banne nimporte🙄🙄🙄🙄,"Pas kapav soigne so zanfan, finn rode lavi Moris. Ey madame, tourne page. Gagne nausée ekut ou. Tu maman jamais pas accepte zot garçon faire crime. La presse manque travail, koze avec bann nerport. 🙄🙄🙄🙄",Pas capave soigne so zon fann finn rede la  or i  mom e maman  aage  agange  aage  au e  au sa sa a a sa a a sa a a sa a a a a a a a a a a a  a a a  a a a  a a a  a a a  a a an  a an  a an  a an  a an  a an  a an  an  a an  an  an  an  an  an  an  an  an ,0.7970297029702971,2.1714285714285713,False,punctuation_error;capitalization_error;spacing_error;extra_word_error
test,"[NAME], travail ene zour dan lopital public avant to jazer","[NAME], travail enn zur dan lopital public avant to zaze.","[NAME], travail enn zou dan  lopitalla pul calica aant to zoze.",0.21052631578947367,0.6,False,capitalization_error;spacing_error;extra_word_error
test,La dimoun innocent inn gagne bezé capave mort tout ar la cide ena zenfant p assigé tout pas facile sa,"La dimunn innocent inn gagne bez, kapav mort tu ar lasid ena zanfan pe asize tu pas facile sa.",La dimoun  nnnoccentinn gagne beze  kapave mort  to ta dand ande an  anfann  asa ta sa sa sa sa sa sa sa sa sa sa sa sa sa sa sa sa sa sa sa sa sa sa sa sa sa sa sa sa sa sa sa sa sa sa sa sa sa sa sa sa sa sa sa sa sa sa sa sa sa sa sa sa sa sa sa sa sa ,2.0,3.6842105263157894,False,punctuation_error;capitalization_error;spacing_error;extra_word_error
test,Coupe sunday allowance pou ti garde donne li ene lot facon week days allowance pou famille chef,"Coupe Sunday allowance pu ti garde, donne li enn lot facon, week days allowance pu famille chef.",Coupe sunday lalaowa conce ti garde donden le le lo  on  o kon  e de dan  a la la la la female che feme che.,0.5104166666666666,1.3529411764705883,False,punctuation_error;capitalization_error;spacing_error;extra_word_error
test,penann role,Pena role.,Penna  rolle.,0.3,1.0,False,capitalization_error;spacing_error
test,"[NAME], jour fortes pluies la li tir avis veille lassi....😉😀","[NAME], jour fortes pluies la li tire avis veille lasi....😉😀","[NAME], jour  oortes plise sa li ti ti vivivevve vellellesl....................................................................................................................................................................................................",3.533333333333333,0.7,False,punctuation_error;capitalization_error;spacing_error
test,"[NAME], s'il vous plaît apran respectè malheur les autres zordi sa famille p souffer demain li capave ou si perna compassion pou ou prochain pas cozè souflè merci de ou compréhension","[NAME], s'il vous plaît aprann respekte malheur lezot. Zordi sa famille pe sufer. Demain li kapav ou. Si pena compassion pu ou prosin, pa koze soufle. Merci de ou compréhension.","[NAME], silil vous plat taran ren reste ta lale la e  aure sa sar dar dar dimile s fem fem    pa fer  pa fan  pa pa pa pa pa po po po po po po po po po po po po po so po so po so pous pu so pe so pe so pe poure so pu pu pe soure so pu pu pe soure so pu pu",0.8926553672316384,2.1666666666666665,False,punctuation_error;capitalization_error;spacing_error;extra_word_error
test,3 credit dans content... Fer aranz 1 la chambre dan classe la mem zot rester,3 credit dans kontan... Fer aranz 1 la chambre dan classe lamem zot reste.,R credid dann  conntent... Merr zan 1  aame  chamban  came sa sa mem zot er et erteretereteretereteretereteretereteretereteretereteretereteretereteretereteretereteretereteretereteretereteretereteretereteretereteretereteretereteretereteretereteretereterete,2.810810810810811,1.0714285714285714,False,punctuation_error;capitalization_error;spacing_error;extra_word_error
test,Sangat de morriisss🤣🤣🖕🏼,Sangat de Moris.🤣🤣🖕🏼,Sangaat de morriisssss.,0.45,0.6666666666666666,False,capitalization_error;spacing_error
test,Attend c'est lui qui jouer dans trioco Taiii ena Bez la!!,"Attend c'est lui qui jouer dans trioco. Tai, ena bez la!!",Attend c'est lu  ui qu jour dans troooo oi i in  a zan la ,0.3508771929824561,1.0,False,punctuation_error;capitalization_error;spacing_error;extra_word_error
test,😂😂😂 fairr to piti vinne doctor après to fairr donation so la vie l’hôpital. Kand to pas cav fairr li pas vinne rode donation la vie lezot dimoune so zenfant. Claire?,😂😂😂 fer to piti vinn doctor après to fer donation so lavi l’hôpital. Kan to pas kapav fer li pas vinn rode donation lavi lezot dimunn so zanfan. Claire?,😂😂😂 fairr to pi iin vinn dont or parss  or so  or  oor ontoi oli oli la pa pa pa pa pa  a  a  a  a  a  a  a  a  a  a  a  a  a  a  a  a  a  o  o  oi  on  on  oi e  on  on  on  on  on  on  izon  on  on  an  on  izon  on  an  an  an  an  an  an  an  an  an  ,1.111842105263158,2.2413793103448274,False,punctuation_error;capitalization_error;spacing_error;extra_word_error
test,N kkliki dan boite tomate,Enn kakaliki dan boite tomate.,[NAkkkkkiki dann boti tot tomat.,0.43333333333333335,1.0,False,capitalization_error;spacing_error
test,"Mo pa surprit dutou. Tu collegien et collegienne ena ti copain ti copine aster. Pa mem tard qui Hier mo ti ena rendez vous cot dentiste, 2 mamzelle p assize a coter moi, 1 la dir st Valentin p vini la, mo fidele moi pa Cuma toi qui ena plusieurs. Aster compran Cuma pa cpv gagn 3 credits. P garde 4 5 gallant, lot la p pli interesser r fete st Valentin Dan place gagn traka Li pa p compran nanier Dan add maths","Mo pa surpri ditou. Tu collegien et collegienne ena ti copain, ti copine aster. Pa mem tard qui hier mo ti ena rendez vous kot dentiste, 2 mamzelle pe asize akot moi, 1 la dir St Valentin pe vini la, mo fidele moi pa kuma toi qui ena plusieurs. Aster konpran kumsa pa kapav gagne 3 credits. Pe garde 4, 5 gallant, lot la pe plis interese ar fete St Valentin dan place gagne tracas li pa pe konpran nanyin dan Add Maths.",Mo pa surrpiit dut u  collegegegegeen e le gelegene n  inn  i n  i n  ot  a pe ti  a me                                                                                                                                                                        ,0.8281622911694511,0.963855421686747,False,punctuation_error;capitalization_error;spacing_error;missing_word_error
test,Mentalités dimoune ziss lire zot bane commentaires montrer à qui point société la va mal. Si ti zot fami mo ti pou content geuter couma zot réagir dans ene situation ainsi,Mentalités dimunn zis lire zot bann commentaires montre à qui point société la va mal. Si ti zot fami mo ti pu kontan get kuma zot réagir dans enn situation ainsi.,Mentalitéss dimunn zis si li zot bann commement ront r to ti ti to ti to ti to ti t  a  a       t  t  t  t  to to to to to to to to to to tou to tou tou tou  ant ant ant ant ant ant ant ant antinn  antinn  antinn  antinn antinn  antinn antinn  antinn anti,0.9447852760736196,1.7096774193548387,False,punctuation_error;capitalization_error;spacing_error;extra_word_error
test,Pas vaut la peine 🤷🏼‍♀️ A waste of money,Pas vaut la peine 🤷🏼‍♀️ A waste of money.,Pas vaut la pe nen  e  e   sa sast oo fon emon.,0.4634146341463415,1.0,False,capitalization_error;spacing_error;extra_word_error
test,"Sorry misier, emtel pena myt money. All re reviser","Sorry misye, Emtel pena MY.T money. Ale re reviser.",Sorry miiser emete le pen mmy monnyey. llerrevereverese.,0.43137254901960786,0.8888888888888888,False,punctuation_error;capitalization_error;spacing_error;missing_word_error
test,"[NAME], ceki nu pe konner si 1 dimoune ki travail dan 1 banque tir rs10 dan compte dimounes tous les jours person pa pu konner","[NAME], seki nu pe kone: si 1 dimunn ki travail dan 1 banque tire Rs10 dan compte dimunn tulezur, personne pa pu kone.","[NAME], keki nu pe konn si  i dimunn ki ki ki travail  an  1 bann          dan  damem dimenn  u sous sous sous sous pu pu pu pu pu pu pu pe pu pu pe pu pe pu pe pu pe pu pe pu pe pu pe pu pe pu pe pu pe pu pe pu pe pu pe pu pe pu pe pu pe pu pe pu pe pu p",1.4915254237288136,2.652173913043478,False,punctuation_error;capitalization_error;spacing_error;extra_word_error
test,Bizin tir poison angui tout Sa Ena Ladan😄,"Bizin tire pwason, angui. Tusa ena ladan.😄",Bizin tir poison  angu tu t  aa aa aaanananananan.,0.5714285714285714,1.1428571428571428,False,punctuation_error;capitalization_error;spacing_error;extra_word_error
test,Si saem suspect ki zot in baT bein li merité Ocontraire ti bzn touiye li 🤗,Si samem suspect ki zot inn bate bein li merite. Ocontraire ti bizin touy li 🤗,Si same sussecte ki zot in bibinb binn merité t trotire ti ti ti ti in  ti i i i i i i i i i i i i i i i i i i i i i i i i i i i i i i i i i i i i i i i i i i i i i i i i i i i i i i i i i i i i i i i i i i i i i i i i i i i i i i i i i i i i i i i i i i ,2.6538461538461537,6.4375,False,punctuation_error;capitalization_error;spacing_error;extra_word_error
test,Combien navire étranger la pêche illegale da nous logon pe trapp ceki pli facile (mauriciens ) la honte pou bann incompetents,Combien navire étranger lapess illegale dan nous lagon? Pe trape seki plis facile (Mauriciens ). La honte pu bann incompetents.,Combien navire trangegre lacheche lile la la gougn  oogn pe pe pe pe pe paice paicie                                               n  n  n  n  n  n nn nn nn nn pannent pannent pannent pannent pannent pannent pannent pannent pannent pannent pannent pannent,1.4409448818897639,1.8,False,punctuation_error;capitalization_error;spacing_error;extra_word_error
test,Posson cote zotte,Pwason kot zot?,Possonn cote zotte.,0.5333333333333333,1.0,False,punctuation_error;capitalization_error;spacing_error
test,La mer pu nou.. Nu gagne droit la peche... Taiwanais p baize nu poisson... Aret rode role coast guard,La mer pu nu.. Nu gagne droit lapess... Taiwanais pe bez nu poisson... Aret rode role coast guard.,La mer pu nou.. Pu gagne drotit le pe chana.. Maisi pa bizin n po so oron or oo e ou er dara dara dara dara darade garade garade garade garade garade garade garade garade garade garade garade garade garade garade garade garade garade garade garade garade ,1.9489795918367347,2.388888888888889,False,punctuation_error;capitalization_error;spacing_error;extra_word_error
test,"[NAME], exact zot title pa reflet vrai revendication","[NAME], exact zot title pa reflet vrai revendication.","[NAME], eesact zot titele pa fere tre vravie verdidindicitinn.",0.3584905660377358,0.75,False,capitalization_error;spacing_error;extra_word_error
test,"Meme camion la entor, si van la pa ti pe en voler, li ti kpav eviter","Mem camion la antor, si van la pa ti pe en voler, li ti kapav evite.",Meme camion la  nntor  si vann la pa pi pe pe  e lo le li li li pave viveveve.,0.35294117647058826,0.75,False,punctuation_error;capitalization_error;spacing_error;extra_word_error
test,Mo conne zot bane kk liki meme ca bizin crévé pilon dominere si mo chagrin c so mama papa soeur frere so famille pas ca pilon la heureusement pane touille lot dimoun lor trotoir etc,"Mo kone zot, bann kaka liki mem sa. Bizin crévé, pilon dominer! Si mo chagrin, se so mama, papa, soeur, frere, so famille, pas sa pilon la. Heureusement pann touy lot dimunn lor trotoir, etc.",Mo konn zot bann kkkkkiki mem me  caziz  rin  re pre poi n  o mon     a garinn so  sa sa  a a  a pa sa pa sa pa sa pe sa pe sa pe pa pe la pe la pe la pu la pu la lou e la lou lou lou lou lou lou lou loure lot lot lot lot lot lot lot lot lot lot lot lot l,0.837696335078534,1.8285714285714285,False,punctuation_error;capitalization_error;spacing_error;extra_word_error
test,Toujours mauritius police force.. Amateur,Toujours Mauritius police force.. Amateur.,Tujourrs mauritiis police force... Mamet.,0.23809523809523808,0.8,False,punctuation_error;capitalization_error;spacing_error
test,voleur arnaker zis ban couyoun ki cnt cash facile pou al r toi escrosc sa,"Voleur, arnaker. Zis bann kuyon ki kontan cash facile, pu ale ar toi escrosc sa.",Loleur  arnaker zis bann ku ku ki ki canc cachali                  or so sosssssssssssssassssasssasssasssasssasssasssasssasssasssasssasssasssasssasssasssasssasssasssasssasssasssasssasssasssasssasssasssasssasssasssasssasssasssasssasssasssasssasssasssasssas,2.625,0.9333333333333333,False,punctuation_error;capitalization_error;spacing_error;missing_word_error
test,Cambridge ti fini faire conner ki correction pou pli severe ki pendant covid,Cambridge ti fini faire kone ki correction pu plis severe ki pendant Covid.,Cambrideg  i fini faire kon kon kor correcticon ppu pe pe pe e pe en en  pe dinn covidi.,0.4,1.3076923076923077,False,capitalization_error;spacing_error;extra_word_error
test,Taa ena bez la kot srti sa fam la😒😒 dire li post mari lr acheter vender 😒,Ta ena bez la! Kot sorti sa fam la?😒😒 Dire li post mari lor aste vande. 😒,Ta ena bez la kot striti sa fam  la dire li po so tr  ar i  are  are  ere dene endere ere e dere ere ere e dere ere ere ere ere ere ere ere ere ere ere ere ere ere ere ere ere ere ere ere ere ere ere ere ere ere ere ere ere ere ere ere ere ere ere ere ere,2.767123287671233,3.411764705882353,False,punctuation_error;capitalization_error;spacing_error;extra_word_error
test,Li ti p pense fam ki sa,Li ti pe pense fam ki sa.,Li ti pp pense fam ki ki sa.,0.16,0.2857142857142857,False,capitalization_error;spacing_error;extra_word_error
test,Akz en 1999 ban 👨🏿‍🦱 ti p rod craz partou,Akoz en 1999 bann 👨🏿‍🦱 ti pe rode kraze partu.,Akzz enn 19 99 bann  e  t ti pe prod rrd rraz para partour.,0.45652173913043476,1.1,False,capitalization_error;spacing_error;extra_word_error
test,Pour moi bizin ena la main bane missier la aussi ladan,Pour moi bizin ena la main bann misye la aussi ladan.,Pour moi bizin ena la mann bann misise la sassisi la aadanan.,0.20754716981132076,0.45454545454545453,False,capitalization_error;spacing_error;extra_word_error
test,P rod fer nous concentré lor la non pas ditous vine lor paul so départ qui p preuvu pu bientôt aret sak fois ena problem entrer zot zot bour ancien la dans 2026 la pu vine jouer kine fini jouer 2025 coumsa zot croire nu couyon just nu perna pouvoir mais nu pas couyon nous acepter parce ki kan pravin ti la to kozee to ta c aster k v,"Pe rode fer nous concentré lor la non pas ditou. Vinn lor Paul so départ qui pe preuvu pu bientôt. Aret sak fois ena problem entre zot, zot boure ancien ladan. 2026 la! Pu vinn jouer kinn fini jouer 2025? Kumsa zot croire nu kuyon? Just nu pena pouvoir mais nu pas kuyon. Nous accepte parski kan Pravin ti la to koze to tasse, aster kave.",P  rod  er  nn no concentre llor lon pans pa si so sou  ou  ou  pu pu pu pu pu pu pu pu pu pu ti pu te t                                                                                                                                                       ,0.7633136094674556,0.9545454545454546,False,punctuation_error;capitalization_error;spacing_error;missing_word_error
test,Li pe prend nou pou so pln zot pas ppe trouve li p rode fair so ti fille pass lor la tete ban mem re militan pou vine boss Dan's mmm,Li pe prend nu pu so pilon. Zot pas pe truve? Li pe rode fer so ti fille passe lor latet bann mem re-militan pu vinn boss dan MMM.,Li pe prend nu pu so po plon zot pa ppe pe preve  pe       i  oi  i fir  li fire fer la la  la  e  la  e   me   minn  e                   mans  mans mans mans mans mans mans mans mans mans mans mans mans mans mans mans mans mans mans mans mans mans mans m,1.3384615384615384,1.5862068965517242,False,punctuation_error;capitalization_error;spacing_error;extra_word_error
test,connector tou?,Connector tu?,Conneccoto tou?,0.3076923076923077,1.0,False,capitalization_error;spacing_error
test,Ki la banque???,Ki la banque???,Ki la bann?????,0.2,0.3333333333333333,False,punctuation_error;capitalization_error
test,Janvier 2026 fek coumanse accident lor accident sa montre ki car mem applique permis à point sa pa pou change nanien sinon mes sympathies à toutes ses famille😥,"Janvier 2026 fek komans, accident lor accident. Sa. Montre ki karmem applique permis à point. Sa pa pu change nanyin. Sinon mes sympathies à toutes ses famille.😥",Danviier 2026  e fekkumanns cccicent lor daccedent tant e mant e mampe mempe mempi pe pe pa pa pa pa pa pa pa pa pa pa pa pa sanse sa sa sa sa sa sa sa sa sa sa sa sa sa sa sa sa sa sa sa sa sa sa sa sa sa sa sa sa sa sa sa sa sa sa sa sa sa sa sa sa sa s,1.0683229813664596,2.5185185185185186,False,punctuation_error;capitalization_error;spacing_error;extra_word_error
test,Emtel ena myt money,Emtel ena MY.T money?,Emtel  ena myy mony.,0.3333333333333333,0.5,False,punctuation_error;capitalization_error;spacing_error
test,"[NAME], pou pinokio sa c ledi macbef kinn tirr sa foto la koz pinokio ti piez li avec valiz larzan","[NAME], pu Pinokio sa, se Lady Macbeth kinn tire sa foto akoz Pinokio ti pyez li avec valiz larzan.","[NAME], pu pinnoi o  s  e  e de dace banfen ti ra  a to fot  oozo kozi pi pi pi pi pi zi  li pave lavavala la zan la zazan la zazan la zazan la zazan la zazan la zazan la zazan la zazan la zazan la zazan la zazan la zazan la zazan la zazan la zazan la zaz",1.9595959595959596,3.0,False,punctuation_error;capitalization_error;spacing_error;extra_word_error
test,Bizin met 1 laloi pou sa sino piss r zt...,Bizin met 1 lalwa pu sa sinon piss ar zot...,Bizin met 1 lalo pu sa si son pis sis s. ......................................................................................................................................................................................................................,5.0,0.7,False,punctuation_error;capitalization_error;spacing_error;extra_word_error
test,Bane ki bizin fini prend retrait enkor la.... Apres zot coz grand cosé. Donne bon lexample zot meme,Bann ki bizin fini prend retrait ankor la.... Apre zot koze grand koze. Donne bon legzanp zot mem.,Bann ki bizin fini prend rertrttite enkor la. Per zot  zoz gon  on  on  on  lon le lome lememememememememememememememememememememememememememememememememememememememememememememememememememememememememememememememememememememememememememememememememememem,1.989795918367347,0.7222222222222222,False,punctuation_error;capitalization_error;spacing_error;extra_word_error
test,"[NAME], a nou lire comment gt komien gro poumon","[NAME], a nu lire comment, get komie gro poumon.","[NAME], a no  lire commem te gominn gominn gou poumonon.",0.3541666666666667,0.7777777777777778,False,punctuation_error;capitalization_error;spacing_error;extra_word_error
test,Simple sa met speed vitess 60km lor tou vehicle oligatoir pou gagne fitness ou machine neuf. Problem fini. Mai zot pena volonte pou fer li. Akoz zot bez kas lor excess vitess. La police pa pou ena travay lerla,Simple sa met speed vites 60km lor tu vehicle obligatwar pu gagne fitness ou machine neuf. Problem fini. Me zot pena volonte pu fer li akoz zot bez kas lor excess vites. La police pa pu ena travail lerla.,Simple sa met se se vitesse sk kom lo  or  ou  e hoice goige gogn  ougn  angen  n  inn  n fen  finn  e fen                                                                                                                                                     ,0.6813725490196079,0.8974358974358975,False,punctuation_error;capitalization_error;spacing_error;missing_word_error
test,Bravo bon travail,Bravo bon travail.,Bravo bonn travaill.,0.1111111111111111,0.6666666666666666,False,capitalization_error;spacing_error
test,"Mo dakor ena enta van ki roule extra brite, mais la pas pou kapav defan l’indefendable, mem si van la p roule vite, camion la en tort","Mo dakor ena enta van ki roule extra brite mais la pas pu kapav defane l’indefendable, mem si van la pe roule vite, camion la antor.",Mo dakor enn enn anavan ki roule ert  brrite mais  a pa pa pa pa pa dan dendendendendenden  la  e                                       a  a  a  a  a  a  a  a  a  a  a  a  a  a  a  a  a  a  a  a  a  a  a  a  an  a  a  an  a  a  an  a  an  a  an  a  an  a ,1.3181818181818181,2.0,False,punctuation_error;capitalization_error;spacing_error;extra_word_error
test,C lui mem ki fine dir tou et avoué ceki line fair dimoun subir avc sa bouche alor... C la vérité,Se lui mem ki finn dir tu et avoue seki linn fer dimunn subir avec sa bouche alor... Se la vérité.,S  lui mem ki finn dir  tu te tu ki kiki enn fiinn firinn  u buin su  u  a cour  a cour . Pa  ravert.,0.47959183673469385,0.9047619047619048,False,punctuation_error;capitalization_error;spacing_error;extra_word_error
test,Wui c vrai vert ki veg sa c curry flavour,"Wi se vrai, vert ki veg. Sa se curry flavour.",Oui c vrrai vert ki ki ge sa ccrur y farr faraur.,0.5111111111111111,1.0,False,punctuation_error;capitalization_error;spacing_error;extra_word_error
test,"[NAME], tou dimun pa taper boss.. Dan 1 koler ou kav gat ou lavenir.. Ban droguer incorigable sa.. Servi ou lenergie kot bizin.","[NAME], tu dimunn pa tape boss.. Dan 1 koler ou kapav gat ou lavenir.. Bann droguer inkorizab sa.. Servi ou lenerzi kot bizin.","[NAME], tu dimunn pa pape boss.. Sa  on 1 kole  ko  ka a vavan  la  an  ragne rogre grogre gagregage ganie ge e  e  e  e  i in e bizin e bizin ki bizin ki bizin ki bizin ki bizin ki bizin ki bizin ki bizin ki bizin ki bizin ki bizin ki bizin ki bizin ki b",1.3571428571428572,2.260869565217391,False,punctuation_error;capitalization_error;spacing_error;extra_word_error
test,Nou nepli envi ecoute xot assez assez,"Nu nepli anvi ekut zot. Assez, assez.",Nu nnpli  nnvi ekot  ot sassezasse.,0.2972972972972973,0.8571428571428571,False,punctuation_error;capitalization_error;spacing_error;missing_word_error
test,Bizin fou toi ek to tifi dehors arret couyone population deja toi to pas pu trouve lautre election to deja p vivre dans overtime la. To p faire cumant jagnat pu dress place pu to tifi ek famile. Zote pas pu elu guet bien,"Bizin fou toi ek to tifi dehors! Aret kuyon population. Deza toi, to pas pu truve lot election, to deza pe viv dans overtime la. To pe faire kuma Jagnat pu dress place pu to tifi ek famille. Zot pas pu elu, get bien.",Bizin fou toi ek to fii der shorr tou  ouyon poupoutont ot ot ot ot ot ot  tou tou te tu te te te te te te te  e  e  e  e                                                                                                                                      ,0.6157407407407407,0.8863636363636364,False,punctuation_error;capitalization_error;spacing_error;missing_word_error
test,Humain n race sovaz terrible...... Li pa kpv guet narien trankil........ Oken zanimo pa kpv viv trankil akz humain......,Humain enn race sovaz terrible...... Li pa kapav get nanyin trankil........ Okenn zanimo pa kapav viv trankil akoz humain......,Humain nn race sova zetre......... Li pa pav ve  gave na antinn tranin.. . . . . . . . . Pan  pavivi ki pa ka ka kaman kaman kaman kaman kaman kaman an kaman kaman an kaman kaman an kaman kaman an kaman kaman an kaman an kaman kaman an kaman an kaman kama,1.3622047244094488,2.6315789473684212,False,punctuation_error;capitalization_error;spacing_error;extra_word_error
test,Chef alzheimer so assistant volere roche😂,"Chef Alzheimer, so assistant voler roche.😂",Chef allhemmer so sassant vole roceche.,0.2857142857142857,0.6666666666666666,False,punctuation_error;capitalization_error;spacing_error
test,"[NAME], b pa samem mo ine dir toi lao la met plisse dr et amilior shift system la aret redi","[NAME], b pa samem mo inn dir toi lao la, met plis doctor et amlyor shift system la. Aret redi.","[NAME], b pa samem mom inn diri to la la ma te ple se se se se sti sais  si si stis sa st sa tret dare der der dere derderdide.",0.6421052631578947,1.3,False,punctuation_error;capitalization_error;spacing_error;extra_word_error
test,Ki nou p nourri,Ki nu pe nouri?,Ki nu  pu nourri.,0.26666666666666666,0.5,False,punctuation_error;capitalization_error;spacing_error
test,Respect a vous le gars 🫡💯 get 1 dimoun so salte kuma ete et to pou kne kuma li ete li,Respect a vous le gars. 🫡💯 Get 1 dimunn so salte kuma ete et to pu kone kuma li ete li.,Respect a  vous le gars  ge te 1 dimunn so so to te  et kume te te ku ek ku ku ku ku  e le le li le li le li le li le li le li le li le li le li le li le li le li le li le li le li le li le li le li le li le li le li le li le li le li le li le li le li le,2.1724137931034484,3.380952380952381,False,punctuation_error;capitalization_error;spacing_error;extra_word_error
test,TOP FM Mauritius eski ou ene professionelle ou bien ou ramasse labav ki rapport r sa photo eski sa dimoune ki zot p baté coumadir p bate tang à mort la kine faire sa kifaire ou p associê sa r ou txt sois ou p faire sa comme sensation pou retourne lintention,TOP FM Mauritius eski ou enn professionelle ou bien ou ramasse labav ki rapport ar sa photo. Eski sa dimunn ki zot pe bate kumadir pe bate tang à mort la kinn faire sa? Kifer ou pe associe sa ar ou txt sois ou pe faire sa comme sensation pu retourne lintention.,TO  Ma  auritisse se  ou enn pressonsolele lo bu bann  aamass la  a a pa pa pa pa pa pa pa pa sa ki pa ki                                                                                                                                                      ,0.7088122605363985,0.9230769230769231,False,punctuation_error;capitalization_error;spacing_error;missing_word_error
test,SA KI P VEY LOR LILE MORIS LA?🤣🤣🤣😂Y A DU BEZ LA,SEKI PE VEYE LOR LIL MORIS LA?🤣🤣🤣😂Y A DU BEZ LA.,SS      NAME  OU      SI SA 🤣🤣🤣🤣🤣🤣🤣            ,0.7083333333333334,1.0,False,punctuation_error;capitalization_error;spacing_error;missing_word_error
test,"[NAME], ki mo pou toi fi! A la santé de 2026! 🥂😁😂🤣😂","[NAME], ki mo pu toi fi! A la santé de 2026! 🥂😁😂🤣😂","[NAME], ki mo pu to ii fi    aan te de 20202026000 😂😂😂😂😂😂😂😂😂😂😂😂😂😂😂😂😂😂😂😂😂😂😂😂😂😂😂😂😂😂😂😂😂😂😂😂😂😂😂😂😂😂😂😂😂😂😂😂😂😂😂😂😂😂😂😂😂😂😂😂😂😂😂😂😂😂😂😂😂😂😂😂😂😂😂😂😂😂😂😂😂😂😂😂😂😂😂😂😂😂😂😂😂😂😂😂😂😂😂😂😂😂😂😂😂😂😂😂😂😂😂😂😂😂😂😂😂😂😂😂😂😂😂😂😂😂😂😂😂😂😂😂😂😂😂😂😂😂😂😂😂😂😂😂😂😂😂😂😂😂😂😂😂😂😂😂😂😂😂😂😂😂😂😂😂😂😂😂😂😂😂😂😂😂😂😂😂😂😂😂😂😂😂😂😂😂😂😂😂😂😂😂😂😂😂😂😂😂😂😂😂😂😂😂",4.36,0.5833333333333334,False,punctuation_error;capitalization_error;spacing_error
test,Visit surprise selman tou journalist kner😐,Visit surprise selma tu journalist kone.😐,Risit surrpisse sememann tu journalist kanner.,0.2926829268292683,0.6666666666666666,False,capitalization_error;spacing_error
test,Respect mo frere,Respect mo frere.,Respect mo  ferere.,0.11764705882352941,0.3333333333333333,False,capitalization_error;spacing_error
test,Ban journalists dan maurice rapid lor faire sensation forte... Mais failed kon bizin donne information lor criminals.... Ene sel solution... Ale vend baja... Facilement zot pou gagne zot la vie sans oken represailles.. 🙊🙉🙈,Bann journalists dan Maurice rapid lor faire sensation forte... Mais failed kan bizin donne information lor criminals.... Enn sel solution... Ale vend baja... Facilement zot pu gagne zot lavi sans okenn represailles.. 🙊🙉🙈,Bann jourrallisss dan maurice rai  laprid  ori sans sarstont ont ofin  fais en  on  on  on  on  on  on  on  on  on inn lon lon lon lon lon lon la la la la la  ou e  a  a  a  a  a  a  a  e  a  a  e  a  a  e  a  e  a  e  a  e  a  e  a  e  a  e  a  e  a  e  ,0.7194570135746606,1.9393939393939394,False,punctuation_error;capitalization_error;spacing_error;extra_word_error
test,"[NAME], kifr p donne half news kisanla zot p proteger","[NAME], kifer pe donne half news? Kisanla zot pe protez?","[NAME], kiffrr pe donn hall fen sess sasan az zot ppo pporteegere.",0.42857142857142855,0.9,False,punctuation_error;capitalization_error;spacing_error;extra_word_error
test,"Madam la calme.. Koz li kone revolver dimun pena meme sa... Toujour nu pe la.. Canard, chat pli important.. Law and order tout dans lordre liberte 2024","Madam la calme.. Koz li kone revolver dimunn pena mem sa... Tuzur nu pe la.. Canard, chat plis important.. Law and order tu dans lord liberte 2024.",Madam la calle.. Zoz li kon enn revvoveve dimunn pe meme  an  an  an  a  a  aan  pa dan  pa dant pa pa pa pa dant torde to dor dor dor dor dor dor dor der dor der dor der der dor der der der der der der der der der der der der der der der der der der der ,1.1496598639455782,2.111111111111111,False,punctuation_error;capitalization_error;spacing_error;extra_word_error
test,Madame pren ou piti amen ou lakaz,Madame pran ou piti amenn ou lakaz.,Madame pren  u pi i mamen  ou lakazazaz.,0.2571428571428571,0.8571428571428571,False,capitalization_error;spacing_error;extra_word_error
test,Boug la ena alzimer doh.. Li papu rapel apre saaa🤣🤣,Boug la ena Alzheimer dow.. Li papu rapel apre sa.🤣🤣,Boug la enn ala mime do.. Li papu pappepape pape aa aaa.,0.40384615384615385,0.8,False,capitalization_error;spacing_error;extra_word_error
test,Dan ki in amen tousa dan potmoner😍😍😍😍,Dan ki inn amenn tusa? Dan portmoner.😍😍😍😍,Dan ki inn amen tousa dann potonne.,0.3170731707317073,0.5714285714285714,False,punctuation_error;capitalization_error;spacing_error
test,Body cam + taser,Body kamarad + taser.,Body  cam  e taser.,0.3333333333333333,0.5,False,capitalization_error;spacing_error
test,1 figure arnaker ar li kamadire Ali baba,"1 figure arnaker ar li, kumadir Ali Baba.",1 figure  aranker ar  li kamadire  li bibababababababa.,0.5121951219512195,0.625,False,punctuation_error;capitalization_error;spacing_error
test,Tir tou seki fr zot plaisir 🤌🏾. Moo p santii ki sa lanney pu bien mov pu zot ✌🏽😂 lepep ki pu decide saa 🤷🏽‍♂️,Tire tu seki fer zot plaisir. 🤌🏾 Mo pe santi ki sa lane pu bien move pu zot. ✌🏽😂 Lepep ki pu decide sa. 🤷🏽‍♂️,Tir tu se ki frr zot plaisi   oo  o pa pa panti i  i n  an  pa pu pu pu pu pu pu pu pu pe pu pe pe pe pe de pe de de  e de  a  a ,0.5871559633027523,1.36,False,punctuation_error;capitalization_error;spacing_error;extra_word_error
test,Camion la en tort,Camion la en tort.,Camion la enn tott.,0.1111111111111111,0.5,False,capitalization_error;spacing_error
test,Chnace pane defonce toi later ki to eter,Chance pann defonce toi later ki to ete.,Chance pann denfonce toi lat re kit te tetere.,0.2,0.75,False,capitalization_error;spacing_error;extra_word_error
test,Ban poisson la pu rentre dan ZOT caraille la pa vine dir pu brûlé sa 😂😂😂,Bann poisson la pu rantre dan zot carail la pa vinn dir pu brûlé sa. 😂😂😂,Bann poissonn la pu rentre dan     araaralille la pa pa vinn dire  pr  re     😂😂😂😂😂😂😂😂😂😂😂😂😂😂😂😂😂😂😂😂😂😂😂😂😂😂😂😂😂😂😂😂😂😂😂😂😂😂😂😂😂😂😂😂😂😂😂😂😂😂😂😂😂😂😂😂😂😂😂😂😂😂😂😂😂😂😂😂😂😂😂😂😂😂😂😂😂😂😂😂😂😂😂😂😂😂😂😂😂😂😂😂😂😂😂😂😂😂😂😂😂😂😂😂😂😂😂😂😂😂😂😂😂😂😂😂😂😂😂😂😂😂😂😂😂😂😂😂😂😂😂😂😂😂😂😂😂😂😂😂😂😂😂😂😂😂😂😂😂😂😂😂😂😂😂😂😂😂😂😂😂😂😂😂😂😂😂😂😂😂😂😂😂😂😂😂😂,2.736111111111111,0.625,False,punctuation_error;capitalization_error;spacing_error;missing_word_error
test,Mopays. com pa gat ou pages ek sa ban banal la svp,Mopays.com pa gat ou pages ek sa bann banal la svp.,Mopays  comm pa gat  pu ge se sa bann bann la ala pa pave.,0.39215686274509803,0.8181818181818182,False,punctuation_error;capitalization_error;spacing_error;extra_word_error
test,Au lieu rehausse nou niveau leducation zot pe fer nivellement vers le bas de nou leducation aster zot penser etudiant pou travail pou 5 credit kan 3 credit assez pou monter,"Au lieu rehausse nu niveau ledikasyon, zot pe fer nivellement vers le bas de nu ledikasyon. Aster zot pense etudiant pu travail pu 5 credit kan 3 credit assez pu monte?",Au lie  rehausse nn niveu le lacatanton zot pe fere le venne venn e le le le  e de de de dent  e te te te te te te te t pu tre t pu tre t                                                                                                                      ,0.5535714285714286,0.967741935483871,False,punctuation_error;capitalization_error;spacing_error;extra_word_error
test,Blabla action zero,"Blabla, action zero.",Blabla  cation zor.,0.25,1.0,False,punctuation_error;capitalization_error;spacing_error
test,Ena lecon hsc coute rs 1800 par mois. Ena bese la dans. Prof la p tape par million psr mois,Ena lesson HSC kut Rs1800 par mois. Ena bez ladan. Professeur la pe tape par million psr mois.,Ena leconn hhcccoutter 10000 pa  ar sois.. En  bass  a sa  a fan  la pa pa pa pa pa pa prili prili proisi porsis porsis porsis porsis porsis porsis porsis porsis porsis porsis porsis porsis porsis porsis porsis porsis porsis porsis porsis porsis porsis po,2.106382978723404,2.388888888888889,False,punctuation_error;capitalization_error;spacing_error;extra_word_error
test,"Kan tapped coup de phare, sa veut dire ou p donne lot vehicle la priority. Van formula 1 sa","Kan tape kut de phare, sa veut dire ou pe donne lot vehicle la priority. Van formula 1 sa.",Kan tapped ku pe dehar  aa  e  eu dire di pu don  on  lo  e chice la pririye     or i la far la  a  a sa sa sa sa sa sa sa sa sa sa sa sa sa sa sa sa sa sa sa sa sa sa sa sa sa sa sa sa sa sa sa sa sa sa sa sa sa sa sa sa sa sa sa sa sa sa sa sa sa sa sa ,2.188888888888889,3.8421052631578947,False,punctuation_error;capitalization_error;spacing_error;extra_word_error
test,Kuma dire chaffeur la ki entort si zenfant ine quitte so la cour ine apparaitre soudaimement devant loto la,Kumadir chaffeur la ki antor si zanfan inn quitte so lakour inn aparet soudainement devant loto la.,Kuma dire chaffer la  ki ent tot sanfenn  inn  i to tou  ou  our  i n  apraire  aparaite dandemant dant dant tot la tot la tot la tot la la la la la la la la la la la la la la la la la la la la la la la la la la la la la la la la la la la la la la la la l,1.878787878787879,3.8823529411764706,False,punctuation_error;capitalization_error;spacing_error;extra_word_error
test,"[NAME], bonjour li ti pu bon si ou ti kpve guet situation transport laroute st hubert 1 tigit dimanche prend 1hrs pu vin 3hrs mo lor bus stop lopital lundi zanfan pa gngn transport pu ale lekol la veille noel nkr 1 tigit mo rest dan rose bellle mem li ti pu bon ou guet 1 tigit parti ici osi parki nu p pass 1 miszir noir ici zanfan ale lekol curepipe gngn bus lekol new grove akoz sa gngn bus p bizin pass par mahebourg pu gngn transport pu ale lekol eski ou trve sa correct","[NAME], bonjour. Li ti pu bon si ou ti kapav get situation transport la route St Hubert 1 tigit. Dimanche prend 1hr pu vinn 3hr mo lor bus stop lopital. Lundi zanfan pa gngne transport pu ale lekol. La veille noel ankor 1 tigit mo reste dan Rose Belle mem. Li ti pu bon ou get 1 tigit parti ici osi. Parski nu pe passe 1 mizer noir ici. Zanfan ale lekol Curepipe gagne bus lekol New Grove akoz sa gagne bus pe bizin passe par Mahebourg pu gagne transport pu ale lekol. Eski ou truve sa correct?","[NAME], bonnour li ti pu bonn si so  i  ki ki ku te tut tititint trantont ot prottont trottot t tret t ti ti ti ti ti ti                                                                                                                                       ",0.8137651821862348,0.9489795918367347,False,punctuation_error;capitalization_error;spacing_error;missing_word_error
test,Lamour de largents trop for pou ban politicien pou zot ferme frontière,Lamour de larzan trop for pu bann politicien pu zot ferme frontière.,Lamour de largent tropo por pu bon pon politiiini pu pe fer fer ferrertirertirerertirererertirererertirererertirererertirerererertirererererertirererererererererererererererererererererererererererererererererererererererererererererererererererererererer,2.985294117647059,0.8333333333333334,False,punctuation_error;capitalization_error;spacing_error;extra_word_error
test,Met ene GPS lor chq machine govt,Met enn GPS lor sak machine guvernman.,Met enn  l  lor chachachinn got got.,0.4473684210526316,0.5714285714285714,False,capitalization_error;spacing_error
test,"Contrairement ar lezot pays kuma thailande et dubai, malaysie ici pna transport public ki dispo pu bane dimoune ki pna moyen transport de s'y rendre","Contrairement ar lezot pays kuma Thailande et Dubai, Malaysie ici pena transport public ki disponible pu bann dimunn ki pena moyen transport de s'y rande.",Contrairement ar le zot pays kumaa ahandede dan damais  a sa si pa si pa prispresppu pu pu pu pu pu pu pu pu pu pu pu pu pu pe pa pe pa pe pe pe pe pe denn denn denn denn denn denn denn denn denn denn denn denn denn denn denn denn denn denn denn denn denn,1.0909090909090908,2.2,False,punctuation_error;capitalization_error;spacing_error;extra_word_error
test,Asterki p dire sa 1 ta dimoune p gagne gros la fièvre,Aster ki pe dire sa. Enta dimunn pe gagne gros la fièvre,Asterki pe dire sa 1 1  a dimunn pe gagng gros  la fariver.,0.23214285714285715,0.6666666666666666,False,capitalization_error;spacing_error;extra_word_error
test,Dapres lorde tn bisin gagne 1 ban gopia meme sa pou vin pren lesson ec ene bobok couma toi! 😑 Crypto king sanc.. Bez liki ale travail dow bachara,Dapre lord tonn bizin gagne 1 bann gopia mem sa pu vinn pran lesson ek enn bobok kuma toi! 😑 Crypto king sanse.. Bez liki ale travail dow batiara.,Dapres lorrde tn ti binn gagn 1 bann go pe mem mame  pa pe pe ne pe son en  e  ou  o  ou  o  o  o  o  i pe ki                                                         a  a  a  a  a  a  a  a  a  a  a  a  a  a  a  a  a  a  a  a  a  a  a  a  a  a  a  a  a  a ,1.2465753424657535,1.9655172413793103,False,punctuation_error;capitalization_error;spacing_error;extra_word_error
test,Li. p. trace. piece. avan. apres. li. pou. al. cokin. loto,"Li pe trace piece avan, apre li pu ale kokin loto.",Li. pe  trace peicee.. aavan sa. Pape la. Po kokin..,0.52,0.8181818181818182,False,punctuation_error;capitalization_error;spacing_error;missing_word_error
test,"[NAME], govt kinn dir sa couple la fer sa? Govt kinn avoy sa tifi la al fer babysitting kot sa couple? Hey mett seryer dow..😅","[NAME], guvernman kinn dir sa couple la fer sa? Guvernman kinn avoy sa tifi la ale fer babysitting kot sa couple? Hey met serye dow..😅","[NAME], goov ti kinn dir sa kou la la fer sa  a  a vave ki ki  a  a  a fai  a fais  a bans to to to te  e  e  e  e  e e e e e e e e e e e e e e e e e e e e e e e e e e e e e e e e e e e e e e e e e e e e e e e e e e e e e e e e e e e e e e e e e e e e e e",1.4179104477611941,3.84,False,punctuation_error;capitalization_error;spacing_error;extra_word_error
test,"[NAME], bien vu wait and see asterr","[NAME], bien vu.Wait and see aster!","[NAME], biin  u  wa wat dandesse astrerrrr.",0.45714285714285713,1.0,False,punctuation_error;capitalization_error;spacing_error;extra_word_error
test,Vine lor mbc... Tappe lor la table.... Met en avant ou strategies...,Vinn lor MBC... Tape lor la table.... Met en avant ou strategies...,Vinn lor  me.... Pappe lor la la bale..... et ant ta tattete.. tatte....,0.417910447761194,0.75,False,punctuation_error;capitalization_error;spacing_error;extra_word_error
test,Curepipe a Port Louis Rs 44 boss,Curepipe a Port Louis Rs44 boss.,Curepipe  a ortt  ousis s s so sosssssssssssssssss,0.8125,1.0,False,punctuation_error;capitalization_error;spacing_error;extra_word_error
test,Bane citoyens bizin lave zote boubelle e mete plastik si possib,Bann citoyens bizin lave zot poubelle et met plastik si posib.,Bann citoyyen bizin lava zot boubbleblee emet plestiskis sssssssssssssis.,0.41935483870967744,0.7272727272727273,False,capitalization_error;spacing_error;missing_word_error
test,Bien bizin ignore sa ban dimun la.,Bien bizin ignore sa bann dimunn la.,Bien bizin gnnor  sa bann dimunn la.,0.08333333333333333,0.14285714285714285,False,capitalization_error;spacing_error
test,"Et zot vote toujours ban la même, b aster mo penser ki nou tou nou fine tire ene mari zoli leçon. Jamais plus commettre les mêmes erreurs, bisin grandi maintenant pou nepli laisse la place aux bandits ki penrdi tou l'économie et le peuple perdi dans sa bane nafrath ki pe faire la",Et zot vote toujours bann lamem. B aster mo pense ki nu tu nu finn tire enn mari zoli leçon. Jamais plus commettre les mêmes erreurs. Bizin grandi maintenant pu nepli laisse la place aux bandits ki perdi tu l'économie et le peuple perdi dans sa bann nafrath ki pe faire la.,Et zot vot toujuur sa bann lame bame  e  e  pe menn  n  n  n  n  n  n  n  n  n  n  n  inn  e  ou  la  om le  lame se  lame  lame  la sa se                                                                                            pa sa sa pe dinn  pa pe d,0.663003663003663,0.9038461538461539,False,punctuation_error;capitalization_error;spacing_error;missing_word_error
test,Kv p hésité pou met so nom tension représailles???😒🤐🤔,"Kapav pe hésité pu met so nom, tension représailles???😒🤐🤔",Kvv pe héésité pu met so so mommenn sonn prerssassela???,0.42105263157894735,0.6666666666666666,False,punctuation_error;capitalization_error;spacing_error;extra_word_error
test,Ki labanque sa,Ki labank sa?,Ki labanqu sa.,0.23076923076923078,0.6666666666666666,False,punctuation_error;capitalization_error;spacing_error
test,Bzn deploy sa callibre policier la kt ena problem Li cne kass F💯🙏,"Bizin deploy sa callibre policier la, kot ena problem li kone kass F.💯🙏",Bzznn deployy sa callibrebire policier la kat kat pe proble     sa sa sa.,0.39436619718309857,0.8461538461538461,False,punctuation_error;capitalization_error;spacing_error
test,Coupe lor permit a points sa?,Coupe lor permis a points sa?,Coupe lor permit  poin santsssa?,0.2413793103448276,0.6666666666666666,False,capitalization_error;spacing_error;missing_word_error
test,"Bisin gueter cuma zot presser pu ale acheter la drogue cpv tap r ou ek ou zenfant tou, pass dan feu rouge et gne pu zour ou tou.... Bisin met la police fer control plus laba...","Bizin get kuma zot presse pu ale aste la drogue, kapav tape ar ou ek ou zanfan tu. Passe dan feu rouge et gagne pu zoure ou tu.... Bizin met la police fer control plus laba...",Bisin guete kuma zot presse pu  a chehe  are  dare   pa pe pu pu  e  e  e  u  u fen  u fan  u fen  u  u  u  u  u  u  u  u  u  u  u  u  u  u  u  ou  ou  e  ou le  la pu le la le la la le la la la la la la la la la la la la la la la la la la la la la la la ,0.9428571428571428,1.8888888888888888,False,punctuation_error;capitalization_error;spacing_error;extra_word_error
test,"[NAME], pareil coment to cervo in constiper si c sa to argument 😂 pou essaye insulter dimoun ki p remet toi a lordre ben felicitations to p kass bel paker dans to la vie 😂 mo sure to mama bien fiere de toi et to ban propos ki to vine fer online envers ban dimoun ki lor stress bonne continuation dans to la vie to pou arive bien loin avec sa latitude et sa mentaliter la","[NAME], pareil kuma to cervo inn constipe. Si se sa to argument 😂 pu esey insulte dimunn ki pe remet toi a lord b felisitasyon. To pe kase bel pake dans to lavi. 😂 Mo sure to mama bien fiere de toi et to bann propos ki to vinn fer online envers bann dimunn ki lor stress. Bonne continuation dans to lavi, to pu arrive bien loin avec sa latitude et sa mantalite la.","[NAME], pareil  o moment  o  ervo  onn consispe si s sa sa  a  a  a  a  a  a sa e sa en  inn  inn  i n  i n  i n  e  e  e  e  e  e  e  e  e  e  e  e  e  e  e  e  e  e  e                                                                                      ",0.6813186813186813,0.9594594594594594,False,punctuation_error;capitalization_error;spacing_error;missing_word_error
test,Réalité government officials zot bizin faire chemin ene fasion ki kan ene transport pe sorti ou ene lot transport pa vini capave trouve avec sa muraille la li difficile pou kone kan pou sorti out non si bien change semain so place ou faire li vine one way ou faire tire sa muraille la l'autorité bizin prand ene decision pou pa re enar accident la bas,"Réalité, government officials. Zot bizin faire chemin enn fason ki kan enn transport pe sorti ou enn lot transport pa vini, kapav truve. Avec sa muraille la, li difficile pu kone kan pu sorti out non. Si bizin change semain so place, ou faire li vinn one way, ou faire tire sa muraille la. L'autorité bizin pran enn decision. Pu pa reena accident laba.",Réalité gogevernn tont oficilla ziz bizin fer en  en  enn fenn  ann  n  kinn  n  n  n  n  n  ont pe pa pret pa pa pa pa pa pa pa pa pa pa pa pa pa pa pa pa pa pa  i pa  i pa  i pa  i pa  i pa  i pa  i n  ou                            i n  a  i n  ou      ,0.6448863636363636,0.984375,False,punctuation_error;capitalization_error;spacing_error;missing_word_error
test,Tousala dan pumpa😊😊🥺😋😋😂,Tusala dan pumpa.😊😊🥺😋😋😂,Tuusa dann pumpa pe.,0.4782608695652174,1.3333333333333333,False,capitalization_error;spacing_error;extra_word_error
test,"Dans sa cas la kifr ine apprane docteur, ti bizin faire maçon. Si astere la ou malade, p mort b ki sanla supposer alle gueter","Dans sa cas la kifer inn aprann docteur? Ti bizin faire maçon. Si aster la ou malade, pe mort b kisanla supposer ale get?",Dans sa kas la kifir nn paprann docte ti ti bizin  ai  a  a  a  a a  a a  a a la  a la                        sa sa pe sa pe la pe le le le le le le le le le le le le le le e le le le e le le le e le le le e le le le e le le e le le le e le le e le le le ,1.5041322314049588,2.875,False,punctuation_error;capitalization_error;spacing_error;extra_word_error
test,Big respect moi personellement mo trouve sa travail la ti bizin bien payer vu ki entier population jette sa ki zotte envi dans poubelle et c sa banne travailleur la ki ramaser ki couche et mm plus encore courage a zotte,"Big respect. Moi personellement, mo truve sa travail la ti bizin bien peye. Vu ki entier population zet seki zot anvi dan poubelle, et se sa bann travailleur la ki ramasse, ki couche, et mem plus encore. Courage a zot.",Big resseect moi personselelement mot trove travevavavavavili  bizin binn pe  e pe pe pe ti pe te te  e  e  e  e                                                                                                                                               ,0.6238532110091743,0.95,False,punctuation_error;capitalization_error;spacing_error;missing_word_error
test,Ban konik alcoolo sa... Zot cuma ban liscen ki zapeee apre zotvpa moder.. En taaa enaa.,Bann konik alkol sa... Zot kuma bann lisyin ki zape apre zot pa morde.. Enta ena.,Bannkkoni kalocoo sa..... Zot kut kuman si cinn ki ki zape zot zot pa pe pa dan aana.,0.4567901234567901,0.875,False,capitalization_error;spacing_error;extra_word_error
test,"[NAME], boss bougue’la ine tap li avant la si, mone comprend bien. B li guetter meme?? Soi dire franc li capon line per lerla mo comprend","[NAME], boss, boug la inn tape li avant la si, mon comprend bien. B li get mem?? Soi dire franc li capon linn per lerla mo comprend.","[NAME], booss bouguella inn ta pa pa avant la  i  mom em monn  on  binn ben e  e e e  e  e  e  e  er e    i n  la  li e la pe la pe le la pe le lor le lor le lor le lor le lor lor le lor lor lor lor lor lor lor lor lor lor lor lor lor lor lor lor lor lor ",1.2954545454545454,2.3703703703703702,False,punctuation_error;capitalization_error;spacing_error;extra_word_error
test,Pa facile la accidents lor accidents et grave chak jour... Ceki lor la route ein p vigilance pu zot mem et zot prochain,Pa facile la accidents lor accidents et grave sak jour... Seki lor la route enpe vigilance pu zot mem et zot prochain.,Pa facile la accident sor socceddente trave gaave  ou  ou . Peko  ou  lor e  i pe  i pi pe pe pe pe pe  po to pe pe to pe to pot pot pot pot pot pot pot pot pot pot pot pot pot pot pot pot pot pot pot pot pot pot pot pot pot pot pot pot pot pot pot pot po,1.5677966101694916,2.727272727272727,False,punctuation_error;capitalization_error;spacing_error;extra_word_error
test,Ena bez la.... Kitfwa ena dimounn nek vini kraz loto etc... Alor ki zenfan dans lignorance ek fautifs.. Ek parents negligence,Ena bez la.... Kite fwa ena dimunn nek vini kraze loto etc... Alor ki zanfan dans linnyorans ek fautifs.. Ek parents negligence.,Ena bez la.... Kitt fawa an dimunnnnnnn kin ki kor kot kot ko  an  an  ann  ann  ann  ann  ann  anfen  anfer sa fan sane ganne gennengengengengengengengengengengengengengengengengengengengengengengengengengengengengengengengengengengengengengengengengenge,1.4375,1.0909090909090908,False,punctuation_error;capitalization_error;spacing_error;extra_word_error
test,Madam la cool net li.,Madam la cool net li.,Madam la  ooll nn li.,0.19047619047619047,0.4,False,capitalization_error;spacing_error
test,Si ena p croire sa bane prophètes sorti l'afrique la. P vine fer bel bel video pou fer dimune vine l'église zis pou baize cash morisien. Li a. C logik ki zot pa pou suive cryptoplok vous otre,Si ena pe croire sa bann prophètes sorti l'Afrique la. Pe vinn fer bel bel video pu fer dimunn vinn l'église zis pu bez cash Morisien. Li ase logik ki zot pa pu suive cryptoplok vous otre.,Si ena pe croire sa bann prophephestss sortili la far i le le fer be be be be be bien  e  e  e    i n  i n  i n  i e  i  i e  i  i  i i e                                                                                                                      ,0.5531914893617021,0.8648648648648649,False,punctuation_error;capitalization_error;spacing_error;extra_word_error
test,Li pas encore pense pou tire liem non,Li pas encore pense pu tire limem non!!,Li pas encore pens pu ti rie limem nonnnnnnnnnnnnnnnnnnnnnnnnnnnnnnnnnnnnnnnnnnnnnnnnnnnnnnnnnnnnnnnnnnnnnnnnnnnnnnnnnnnnnnnnnnnnnnnnnnnnnnnnnnnnnnnnnnnnnnnnnnnnnnnnnnnnnnnnnnnnnnnnnnnnnnnnnnnnnnnnnnnnnnnnnnnnnnnnnnnnnnnnnnnnnnnnnnnnnnnnnnnnnnnnnnnnnnnnnn,5.641025641025641,0.5,False,punctuation_error;capitalization_error;spacing_error;extra_word_error
test,Bel development merci navin,Bel development! Merci Navin.,Bel developement mercicinnnnnnnnn.,0.4482758620689655,0.75,False,punctuation_error;capitalization_error;spacing_error;missing_word_error
test,Legumes couma coverture,Legim kuma coverture.,Legumes kuma  coverture.,0.19047619047619047,0.3333333333333333,False,capitalization_error;spacing_error
test,Trading dan canal fess aster🤣🤣🤣🤣..,Trading dan canal fesse aster🤣🤣🤣🤣..,Trading dann canll fess sast.🤣🤣🤣🤣🤣🤣............................................................................................................................................................................................................................,6.428571428571429,0.8,False,punctuation_error;capitalization_error;spacing_error
test,Bez sa dan la Bank mem pena securite,Bez sa! Dan labank mem pena sekirite.,Bez sa dann la ann kamem pe pe secertitie.,0.3783783783783784,1.1428571428571428,False,punctuation_error;capitalization_error;spacing_error;extra_word_error
test,Mes sympathetie a la famille 🙏🙏🙏parents famme zenfan soeur frere ine perdi zte tres cher ine bien ecrier chauffeur ine ggne 1 malaise avant accident mo pa comprend kifer ena oten coment negative,"Mes sympathie a la famille 🙏🙏🙏parents, fam, zanfan, soeur, frere inn perdi zot tre cher. Inn bien ekrir, chauffeur inn gagne 1 malaise avant accident. Mo pa comprend kifer ena otan comment negative.",Mes sympathheti  la fammille  e per tannt samenfenfenfer fer fere fere  ere  e  ere  e  e  ere  e  e  e  e  e  e  e  e  e  e  e  e  e  e  e  e  a fer e  a fer e  a  an e  a  an e  an e  an e  an en  an en  an en  an en  an en  an en  an en  an en  an en  ,0.803030303030303,1.9696969696969697,False,punctuation_error;capitalization_error;spacing_error;extra_word_error
test,"Ministre pe faire so maximum, site visit surprise etc.. Mais si ban personnel lamem pas faire zefforts pou donne ene bon service, pas capav faire narien malheureusement.. Si ene dimoune li pas content sa profession mais a cause security employee dans gouvernement, alors change metier, pas continuer met la vie dimounes en jeu","Ministre pe faire so maximum, site visit surprise etc.. Mais si bann personnel lamem pas faire zefor pu donne enn bon service, pas kapav faire nayin malheureusement.. Si enn dimunn li pas kontan sa profession mais a cause security employee dans gouvernement, alors change metier, pas kontiyn met lavi dimunn en jeu.",Ministre pe faire so mamimum mis si sistis su siresse st pass sa sa sa sa sa pe sa sa fer sa fer sa fer so pe so pe  e  e  e  e  e  e  e  an e  e  an e  an e  an e  anse  an e  a sa sa sa pe sa sa sa sa pe sa sa sa sa pe sa sa sa sa pe sa sa sa sa pe sa s,0.6349206349206349,1.3461538461538463,False,punctuation_error;capitalization_error;spacing_error;extra_word_error
test,"[NAME], b dire ou kamouad ale la peche dauphin la et li mange li, et basta","[NAME], b dire ou kamarad ale lapess dauphin la et li manze li, et basta.","[NAME], bi dire  u kumauda la le pe chehe daphihinn la la la  la  la  e  ta ta tata.",0.4931506849315068,1.0666666666666667,False,punctuation_error;capitalization_error;spacing_error;extra_word_error
test,Pour fini fer center isolement bisin in gagn case sa,"Pour fini fer center isolement, bizin inn gagne case sa.",Pour finn  er center isolement binn inn gngn  aagn cassessasa.,0.2857142857142857,0.7,False,punctuation_error;capitalization_error;spacing_error
test,Bouncer la gagne sorti dehors meme ca.,Bouncer la gagne sorti dehors mem sa.,Bouncer la gagne sorti dero shor meme came.,0.24324324324324326,0.5714285714285714,False,capitalization_error;spacing_error;extra_word_error
test,Main road li priority meme li p roule vit ou doucement sofer camion pan conne juger ti bzn kas so liki fer li aret trap volant li pu touy innocent lor la route,"Main road li priority, mem li pe roule vite ou doucement, sofer camion pann kone juger. Ti bizin kase so liki, fer li aret trape volant, li pu touy innocent lor la route.",Main road  li prirotity mem li pe proule viu  ou  ou e  oument somenn  on  ou e  e  e  e           i    i    i    i  li  li  li  li  li li li li li li lo lo lo lo lo lo lo lo lo lo lo lo lo lo lo lo lo lo lo lo lo lo lo lo lo lo lo lo lo lo lo lo lo lo lo,0.9588235294117647,1.8181818181818181,False,punctuation_error;capitalization_error;spacing_error;extra_word_error
test,"[NAME], tkner si toi t fer sah tplass kt ete non 😂😂 ena g**t la ar sa banla la pff 😭","[NAME], to kone si toi to fer sa to plas kot ete non? 😂😂Ena g**to la ar sa banla la, pff. 😭","[NAME], tkknn si toi te fer sa pa sass st kot  o  o  o  o  a ta ga a aa a a a a a fa fa faffe faffe faffe faffe faffe faffe faffe faffe faffe faffe faffe faffe faffe faffe faffe faffe faffe faffe faffe faffe faffe faffe faffe faffe faffe faffe faffe faffe",2.208791208791209,2.272727272727273,False,punctuation_error;capitalization_error;spacing_error;extra_word_error
test,Arette tous Vols entrant sortant linde matellot,"Aret tu vols entrant, sortant Inde, matelot.",Aret tous  ools entrrant sorttant dinn mattlllllototot.,0.4772727272727273,0.8571428571428571,False,punctuation_error;capitalization_error;spacing_error
test,"Zot Extra unfair lor prix. Ou bzin met Uber. Akoz Taxi tel cher, bcp dimun prefer aster 1 loto pu long term.","Zot extra unfair lor prix. Ou bzin met Uber akoz taxi tel cher, buku dimunn prefere aster 1 loto pu long term.",Zot trtra  nnfarr lor pris.. Bu bizin me ber bez zot te che  che                                 ou e  ou e  ou e  ou e  ou e  ou e to to to to to to to to to to to to to to to to to to to to to to to to to to to to to to to to to to to to to to to to to ,1.7363636363636363,2.9545454545454546,False,punctuation_error;capitalization_error;spacing_error;extra_word_error
test,Ena un lekip foux lor f. book crypto king [NAME] [NAME] [NAME] [NAME] [NAME] enfin ena enkor bizin ban zot servi f book sa zot danger net,"Ena un lekip foux lor Facebook crypto king [NAME], [NAME], [NAME], [NAME], [NAME] enfin ena ankor bizin bann zot servi Facebook sa. Zot danger net.",Ena unn leki pu fou lor foo  oo kor prypo pi gn[NAME] [NAME] [NAME] nnfen bann bann bon  bon  bon  bon  bon  bon  zon  zon  zon  zon  zon  zon  zon  zon  zon  zon  zon  zon  zon  zon  zon  zon  zon  zon  zon  zon  zon  zon  zon  zon  zon  zon  zon  zon  z,1.2040816326530612,1.96,False,punctuation_error;capitalization_error;spacing_error;extra_word_error
test,Gran merci li pane touye innocent,Gran merci li pann touy innocent.,Gran merci li pann touye nnonconcent.,0.15151515151515152,0.3333333333333333,False,capitalization_error;spacing_error
test,Lor sa nuvo juice lamem boucoup dimoun fine gagne problem zot largent ti p disparet lor zot compte,Lor sa nuvo juice lamem beaucoup dimunn finn gagne problem. Zot larzan ti pe disparet lor zot compte.,Lor sa  uvo  uui e lamem boumu pu dimunn fann gagne proble la gare t pa gare ti pa porte to pot pot pot pot pot pot pot pot pot pot pot pot pot pot pot pot pot pot pot pot pot pot pot pot pot pot pot pot pot pot pot pot pot pot pot pot pot pot pot pot pot,1.8316831683168318,3.111111111111111,False,punctuation_error;capitalization_error;spacing_error;extra_word_error
test,Si chauffeur van la ti ena imper courtoisie li ti bizin ralenti laisse camion la aller,Si chauffeur van la ti ena enpe courtoisie li ti bizin ralenti laisse camion la ale.,Si chauffeur vann la ti en  in  courtioisiiiii i i ii i iin  iinn ranile la sa la la la lalalalalalalalalale lalallalallalallallallallallallallallallallallallallallallallallallallallallallallallallallallallallallallallallallallallallallallallallallallalla,2.3333333333333335,1.0625,False,punctuation_error;capitalization_error;spacing_error;extra_word_error
test,Mo pa oken tariff ki 51 rs pu biss1,Mo pa okenn tariff ki 51 Rs pu bis.,Mo pa ooken tarifffi  1 1 sr su biss.,0.2857142857142857,0.7777777777777778,False,capitalization_error;spacing_error
test,Madam la comik selma li p continier netoyé li pan per ni paniker bravo madam mai ca aurai pu etre pire li osi li 1 volere comik tousala pou cokin zis 3 boutey pepsi madam la mm in don li kdo pou li fou lapaix🤣🤣🤣,"Madam la comik selma: li pe kontiyn netway, li pann per ni panike. Bravo madam me sa aurai pu etre pire. Li osi li 1 voler comik, tusala pu kokin zis 3 boutey Pepsi. Madam lamem inn donne li kado pu li fou lapaix.🤣🤣🤣",Madam la komik se lem li pe pontinn nnte tiye li pe pe pann pe pan pa pa ar  a ara  a a a  a  i                                              ou  ou                                                                                                            ,0.6203703703703703,0.9090909090909091,False,punctuation_error;capitalization_error;spacing_error;missing_word_error
test,Aret fer vilain do,Aret fer vilain dow.,Aret fer villan dododod.,0.35,0.5,False,capitalization_error;spacing_error
test,"Moi mo mette stainless steel acheter lor ali express pas demane soin ditout, bien pratique. cumsa li perdi zero tracas zero plorer. quand mo mort pena laguerre, personne pas pu vine rode bizoux mone acheter lor ali express🤣","Moi mo met stainless steel, aste lor Ali Express: pas demande soin ditou, bien pratique. Cumsa li perdi zero tracas, zero plore. Quand mo mort pena laguerre, personne pas pu vinn rode bizoux mon aste lor Ali Express.🤣",Moi mo mett stainlessesse le achet lor la per se pe se se sa sa dinn dinn  i ti ti ti ti pu pre  pre  pre  pa  re  pre  pa pre  pa pre  pa pe pe pe pe pe pe pe pe pe pe pe pe pe pe pe pe pe pe pe pe pe pe pe pe pe pe pe pe pe pe pe pe pe pe pe pe pe pe pe,0.7557603686635944,1.8421052631578947,False,punctuation_error;capitalization_error;spacing_error;extra_word_error
test,Fini mange vantre ine plien bizin. Leve pake ale aster,Fini manze vant inn plein bizin. Leve pake ale aster.,Fini manne vanntre inn pline bizin  e ve pe paeka ea ea et etere.,0.41509433962264153,1.2,False,punctuation_error;capitalization_error;spacing_error;extra_word_error
test,Mm si li vre ou croire la police pou capav prouve sa zordi..???,Mem si li vre ou croire la police pu kapav prouve sa zordi..???,Mm si li vre  ou corire la police pu pa papapavave prove sa rodi???????????????????????????????????????????????????????????????????????????????????????????????????????????????????????????????????????????????????????????????????????????????????????????????,3.238095238095238,0.46153846153846156,False,punctuation_error;capitalization_error;spacing_error;extra_word_error
test,"[NAME], oui moi mo tifi 1 ados et kan mo coz ar li mo explik li sans tabou paski oui c lakaz ki faire sa ki li tifi ou garson parent bizin coz tout sa ar zot et explik zot ki fason ki certaine decision pou affecter zot par exemple mo dire mo tifi ki si li cachiete moi ki li p faire kitchose pas bizin bein c so choix ki pou affecter so la paski moi mo deja fini pass par la et mo faire li comprend aussi ki difference ena entre prend responsabiliter ki pas bizin boner et etudier pou reussi avant tout sa et etre independante","[NAME], oui moi mo tifi 1 ado. Kan mo koze ar li, mo eksplik li sans tabou, parski oui se lakaz kifer sa. Ki li tifi ou garson, parent bizin koze tu sa ar zot. Eksplik zot ki fason ki certaine decision pu affecte zot. Par exemple: mo dir mo tifi ki si li kasyet moi ki li pe fer kitsoz pas bizin, bein se so choix ki pu affecte so la. Parski moi mo deza fini pass par la. Mo fer li comprend osi ki difference ena entre prend responsabilite ki pas bizin boner et etudier pu resi avant tu sa et etre independante.","[NAME], oui moi mo  i fii 1 1  o se e  ka ko  o zo  o zo  lo li li li la sa sa ki  a ki ki ki ki ki ki ki ki ki ki  a ki  i  i  i  i  i  i  a  i                                                                                                               ",0.761252446183953,0.8761904761904762,False,punctuation_error;capitalization_error;spacing_error;missing_word_error
test,Apres mo dire pas banne nursing staff ki bizin take call for 146 ou trouve sa normal put the right person in the right place,Apre mo dire pas bann nursing staff ki bizin take call for 146. Ou truve sa normal. Put the right personne inn the right place.,Apres mo dire pas bann nurnsinn sa faifi  bizin ta ka                       rour    rou         tre tre tha the thi the thi the tha tha tha tha tha tha tha tha tha tha tha tha tha tha tha tha tha tha tha tha tha tha tha tha tha tha tha tha tha tha tha tha,1.4251968503937007,1.88,False,punctuation_error;capitalization_error;spacing_error;extra_word_error
test,1 responsabiliter sa travail la. Kn oune engazer a faire se metier ou faire li. Sois fer li sois pa fer li.. Bzin apply inper plis docter ena ki competant a fer sa travail la qui qualifier mai comme tjr moris baking ki marc pli bcp. Si ti kone pren dimoune bien pou travail pa ti pou senti li dure koumsa.. Si zenfan malade asoir ki pu fr ar zenfan la??????,1 responsabilite sa travail la. Kan oun engazer a faire se metier ou faire li. Soi fer li soi pa fer li.. Bizin apply enpe plis docteur ena ki competant a fer sa travail la qui qualifie me comme tuzur Moris baking ki marse plis buku. Si ti kone pran dimunn bien pu travail pa ti pu senti li dure kumsa... Si zanfan malade aswar ki pu fer ar zanfan la??????,1 ressponsabiliter sa travavala la  nn nn enn en en e a ze  e  e fer e  i fer e  i fire li fer  li fer pe pe pe pe pe pa pe pa pe pa pe pa pe  i pa pa pa pa pa pa pa pa pa pa  i pa  i pa                                  i pa  i pa  i pa  i pa pe          ,0.6264044943820225,0.9154929577464789,False,punctuation_error;capitalization_error;spacing_error;missing_word_error
test,Ki tinpi to fair ta,Ki pitin to fer ta?,Ki tinpi to far  ta ta.,0.5263157894736842,0.8,False,punctuation_error;capitalization_error;spacing_error;extra_word_error
test,Moris couma dire to capave fer seki to envie et l'autorité pa trouve narien ena gros problème la,Moris kumadir to kapav fer seki to anvi et l'autorité pa truve nanyin. Ena gros problème la.,Moris kuma dire to  aapave fer se so  on venve tautitrt trotit pu trave  aravenn  ran  ror  role la la la la la la la la la la la la la la la la la la la la la la la la la la la la la la la la la la la la la la la la la la la la la la la la la la la la la,2.119565217391304,4.0,False,punctuation_error;capitalization_error;spacing_error;extra_word_error
test,Si 1 docteur spécialiste li don so le temps bien ek bon service ki efficace à ban patient dan lhopital eski li pou gagn travail plenty plenty dan clinique privée li pa difficile pou trouvé réponse la,Si 1 docteur spécialiste li donne so letan bien ek bon service ki efficace à bann patient dan lopital eski li pu gagne travail plenty plenty dan clinique privée? Li pa difficile pu truve réponse la.,Si 1 docteur spécicliliste li donn so so se se se bens ben ben ben  e  e  e  e  e          a faice t pa pa pa pa pa pa pa pli pli pli pli pli pli pli pli pli pli pli pu pu pu pu pu pu pu pu pu pu pu pu pu pu pu pu pu pu pu pu pu pu pu pu pu pu pu pu pu pu,0.7929292929292929,1.7777777777777777,False,punctuation_error;capitalization_error;spacing_error;extra_word_error
test,Chantons en coeur *Comme d'habitude*,Chantons en coeur *comme d'habitude*.,Chantonn enn coure  momme dhabibitude.,0.2702702702702703,1.0,False,capitalization_error;spacing_error
test,Rod clinik tujur... Pou ggne malaise la,Rode clinik tuzur... Pu gagne malaise la.,Rod cliniiku uur... Pu ggggnn manalas la la.,0.34146341463414637,0.8571428571428571,False,capitalization_error;spacing_error;extra_word_error
test,3quart du temp pena professeur,Trwakar du tan pena professeur.,Buuart du tempe pen professesseur.,0.45161290322580644,0.8,False,capitalization_error;spacing_error
test,Cryto so csn sa,Cryto so cousin sa.,Cryto so  sss sa.,0.2631578947368421,0.25,False,capitalization_error;spacing_error
test,Aussi banne minis et deputes ki vine faire soy/palabes dans ganga talao bizin pousse zot toute suite c'est ene place sacre pas ene place pou faire palabes asking for a friend,"Aussi bann minis et deputes ki vinn faire soy/palabes dans Ganga Talao bizin pousse zot toute suite. C'est enn place sacre, pas enn place pu faire palab, asking for a friend.",Aussi bann  minis et deputes ki vinn faire soy sa pa bann  aan  aan  a zot pu so se se se se se sa se pe sa se pe sa pe sa pe sa pe pa sa pa sa pa sa pa sa pa sa e pa sa fer e  a fare  a fare  a fare  a fare  a fare  a fare  a fare  a fare  a fare  a fare,0.8505747126436781,1.935483870967742,False,punctuation_error;capitalization_error;spacing_error;extra_word_error
test,TOU LE TEMP COUMSA APRE LA MORT LA TIZAN,TULETAN KUMSA: APRE LA MORT LA TIZAN,TOU  E  AME  ANAME A A A A A LA LA  A ANA ANAME] [NAME].,1.0833333333333333,2.0,False,punctuation_error;capitalization_error;spacing_error;extra_word_error
test,Sur tou sa zafer polision sonor bane transport met backfire esapma tapaz apareil fort bzn pren action sever pendent des annee sa cumsa mm. Zis maurice ou trouve sa,"Sur tusa zafer polision sonor, bann transport met backfire esapma, tapaz apareil fort. Bizin pran action sever pendant des années sa kumsamem. Zis Moris ou truve sa.",Sur tu sa zafer polisoisonn son  bonn trann protre t bakifer  aafer pa pa pa pa pa pa pa pe pe pe pe pe pe pe ne enn enn en  e  a sa sa sa mume   mume  u sa su su su su  u su su su su su su su su su su su su su su su su su su su su su su su su su su su su,1.0242424242424242,2.5555555555555554,False,punctuation_error;capitalization_error;spacing_error;extra_word_error
test,"[NAME], li mem sa! Acoz li mem sa","[NAME], limem sa! Akoz limem sa.","[NAME], li mem sa sa cozz mem mamsasa.",0.4375,1.1666666666666667,False,punctuation_error;capitalization_error;spacing_error;extra_word_error
test,Lerwa lion vin lareine 🐈,Lerwa lion vinn lareine. 🐈,Lerwa liion vinn larein  e ,0.15384615384615385,0.6,False,punctuation_error;capitalization_error;spacing_error
test,Pou bess casse,Pu bez kas.,Pou bess sasse.,0.5454545454545454,1.0,False,capitalization_error;spacing_error
test,Dan zot environ mem ena enta dimoun erant sa bnela kan pu tirer tou zanimau zot pe enlever,Dan zot environ mem ena enta dimunn errant. Sa banla kan pu tire. Tu zanimo zot pe enleve.,Dan zot  environ meme ena ent dinn dimunn erann sann san  an  pa  u  u  u  u zot zot pe pe pe ene ene eneeeeee eneeeeeeeeee eneeeeeeeeeeeeeeeeeeeeeeeeeeeeeeeeee eneeeeeeeeeeeeeeeeeee eneeeeeeeeeeeeeeeeeee eneeeeeeeeeeeeeeeeeeee eneeeeeeeeeeeeeeeeeee eneee,2.1555555555555554,1.3888888888888888,False,punctuation_error;capitalization_error;spacing_error;extra_word_error
test,Problem la pas license sa problem la mentalité chaufer ki bisin changer,Problem la pas license sa. Problem la mentalité chauffer ki bizin change.,Problem la pas licensse sa proble mamemmant talité chaufer  ki biinn chann channgere.,0.3287671232876712,0.75,False,punctuation_error;capitalization_error;spacing_error;extra_word_error
test,To banne la police pe cachiete au lieu travaille ale verifier... Assez bla bla bla..,To bann la police pe kasyet au lieu travail ale verifie... Assez bla bla bla..,To bannn la police peccechehe tu tu tu tu travalalale le verei... Ses e bizil.. Bablablabblablablablablablablablablablablablablablablablablablablablablablablablablablablablablablablablablablablablablablablablablablablablablablablablablablablablablablablab,2.5641025641025643,0.8666666666666667,False,capitalization_error;spacing_error;extra_word_error
test,Libeter demons dans maurice.,Liberte demons dans Maurice.,Libeter demons dans maurice...,0.17857142857142858,0.5,False,punctuation_error;capitalization_error;spacing_error
test,Prof l'école neglige zot class mais bien montré dans lecon l'école aussi payer zot bizin pa négligé,Professeur l'école neglige zot class mais bien montre dans lesson. L'école aussi peye zot bizin pa négligé.,Prof l'écolle neggeggegzet cots sass mis binn monn monn denn llole lacole la sa sa pe  pa zot pa zizin gagngegngegngegngegngegngegngegngegngegngegngegngegngegngegngegngegngegngegngegngegngegngegngegngegngegngegngegngegngegngegngegngegngegngegngegngegngegn,1.8317757009345794,1.1764705882352942,False,punctuation_error;capitalization_error;spacing_error;extra_word_error
test,Fouf - enfin mr le commissiaire ine decide pou pran les devants - mieux vaut tard que jamais - bon courage kan meme,Fouf - enfin monsieur le commissiaire inn decide pu pran les devants - mieux vaut tard que jamais - bon courage kanmem!,Fuuf  enffinn mer le commisiire inn dinde de pre pe pe den den  dent se ti tu tu tu tu  u  u  u  u  a  a  a  a  a  an  an  an e  an eman eman meman meman meman meman meman meman meman meman meman meman meman meman meman meman meman meman meman meman meman,1.588235294117647,2.4545454545454546,False,punctuation_error;capitalization_error;spacing_error;extra_word_error
test,Negligence parental ena fois parents marche dan bord et tipti coter machine passer,Negligence parental. Ena fois parents marse dan bord et tipti kot machine passe.,Negligencec parentala en fais parent sar carche dand borde tit ti ti ti pa chance passesesese.,0.3625,1.2307692307692308,False,punctuation_error;capitalization_error;spacing_error;extra_word_error
test,Lin fou mo koir sa,Linn fou mo krwar sa.,Linn fou mo koir sa.,0.14285714285714285,0.2,False,capitalization_error;spacing_error
test,Lol get sa dow😂,Lol! Get sa dow.😂,Lol geet sa dow.,0.23529411764705882,0.75,False,punctuation_error;capitalization_error;spacing_error
test,Bzn mete la loi pou paye fine pou sa tou dimun bzn kpv servi plastic noir et mete zot salt nu bzn ena respect pou sa ban dimun ki pe ramasse nu dechet samem nu zenfan pou apran,Bizin met la loi pu peye finn pu sa. Tu dimunn bizin kapav servi plastic noir et met zot salte. Nu bizin ena respect pu sa bann dimunn ki pe ramasse nu dechet. Samem nu zanfan pu aprann.,Bzznn met la lo po pu pey finn pu  u  u  u dumunn  u n  n  pu binn pe pe visi  e ti te te te  e t  ant  e  an  e  an  e                                                                                    a  e  a  e  a  e  a  e  an  an  an  an  an  an  an  ,0.8978494623655914,1.1578947368421053,False,punctuation_error;capitalization_error;spacing_error;extra_word_error
test,"[NAME], merci li pas fine tap avec kiken","[NAME], merci li pas finn tape avec kiken.","[NAME], merci li pas  finn ta pa pavekkkkkkkkkkkkinnnnnnnnnnnnnnnnnnnnnnnnnnn.",0.9761904761904762,0.375,False,capitalization_error;spacing_error
test,Ena beaucoup parent kan zotte lamer zotte ale ferfoute ek enfant touletmps kan enfant p zuer lor laplage bizin ena ene adulte ki pe get zot parski enfant kuma truv lezotte enfant zot fini ale ek ban enfant laem zot perdi,"Ena beaucoup parent kan zot lamer zot ale ferfoute ek enfant tultan. Kan enfant pe zwe lor laplaz, bizin ena enn adulte ki pe get zot. Parski enfant kuma truve lezot enfant, zot fini ale ek bann enfant lamem zot perdi.",Ena beaucuupu parent kan zot lame zot e le fer ferfeut enfent tant tant mann  ann  an  e  an  e  a zon  e  e  e  e  e  e  e  e  e  e  e  e  e  e  e  e  e  a  e  a te  a te  ant  ant  ant  an  an  an  an  an  an  an  an  an  an  an  an  an  an  an  an  an ,0.6559633027522935,1.4634146341463414,False,punctuation_error;capitalization_error;spacing_error;extra_word_error
test,Maman soutire pitii la,Maman sutire piti la.,Maman soutiire piti la la.,0.23809523809523808,0.5,False,capitalization_error;spacing_error;extra_word_error
test,"[NAME], aret fr sociable dow... 1 k kumsa p vine ft sosiabe pa met foto.","[NAME], aret fer sociable dow... 1 kas kumsa pe vinn fot sosiabe pa met foto.","[NAME], aret  frr socilable do........ 1 kumsa pa si vinn fos  so bas e   tot fot.",0.3246753246753247,0.8,False,punctuation_error;capitalization_error;spacing_error;extra_word_error
test,1 roder role sa swindler deguiser sa lopet la,1 rode role sa swindler deguiser sa lopet la.,1 roder rolle sa si dinderde degisserss la ple la la.,0.4,0.8888888888888888,False,capitalization_error;spacing_error;extra_word_error
test,Lir lartik la title is misleading,Lire lartik la. Title is misleading.,Lir lartik la tite  isi sisleladiding.,0.2777777777777778,0.8333333333333334,False,punctuation_error;capitalization_error;spacing_error
test,[NAME] ouii doww gurl😂😂,[NAME] oui dow girl.😂😂,"[NAME], ouii dowww gur.😂😂😂😂",0.36363636363636365,1.0,False,punctuation_error;capitalization_error;spacing_error
test,Non madame pas prend sa ti zenfan pour ou même ou pas kone élever line vine 1 criminelle aster ou ti zenfan ki pour vini,Non madame. Pas prend sa ti zanfan pour ou mem. Ou pa kone élever. Linn vinn 1 criminelle. Aster ou ti zanfan ki pour vini.,Non maddame pas prend sa ti zanfanf u  umum mume  ou e  en  le le le le vinn  er vinn  erine   inn  e  i n  i n  i n  i n  inn  inn  inn  inn  inn  inn  inn  inn  inn  inn  inn  inn  inn  inn  inn  inn  inn  inn  inn  inn  inn  inn  inn  inn  inn  inn  in,1.4715447154471544,2.08,False,punctuation_error;capitalization_error;spacing_error;extra_word_error
test,Mari dominer li p fr ar nou sa lonpi la tou zafer p monT 1000rs p vin cuma 100rs,Mari dominer li pe fer ar nu sa pilon la. Tu zafer pe monte: 1000 Rs pe vinn kuma 100 Rs.,Mari domminn li pe pe frr  a  a  on lon la pa pa fer    000000000  00        0000000000000000000000000000000000000000000000000000000000000000000000000000000000000000000000000000000000000000000000000000000000000000000000000000000000000000000000000000000000,2.3820224719101124,0.8571428571428571,False,punctuation_error;capitalization_error;spacing_error;missing_word_error
test,Deepest regrets courazz sa fami la rip,Deepest regrets. Couraz sa fami la. RIP.,Deepest regrett sour zaz sa fami la  rai pripipp,0.425,0.8571428571428571,False,punctuation_error;capitalization_error;spacing_error;extra_word_error
test,"[NAME], tout figir gater😂🤣","[NAME], tu figure gate.😂🤣","[NAME], tout figir gate.",0.24,0.75,False,capitalization_error;spacing_error
test,N bon comédien twa prochain show,"Enn bon comédien, twa prochain show.",NA bonn comdédinn twa  prochachinn show.,0.3055555555555556,0.6666666666666666,False,punctuation_error;capitalization_error;spacing_error
test,Pauvre ti zenfant mauricien ki pour retrouve li danslafrique,Pauvre ti zanfan Mauricien ki pour retrouve li dans l'Afrique.,Pauvre ti zenfant mauriciinn ki pu rertreve li la lansalarili.,0.3387096774193548,0.6,False,capitalization_error;spacing_error
test,ON - OFF - ON-OFF tension fuzip sauté ki pé attanne leve paké allé,ON - OFF - ON-OF: tension fuzip sauté! Ki pe atann? Leve pake ale!,ON  O  FFF F    Ouffe tensinn ffizin saut é ki pe pe pe pe pe pe pa la la lalallallallallallallallallallallallallallallallallallallallallallallallallallallallallallallallallallallallallallallallallallallallallallallallallallallallallallallallallallallalla,3.257575757575758,1.2857142857142858,False,punctuation_error;capitalization_error;spacing_error;extra_word_error
test,Mem gonaz gros lapluie partout li enkor en veille li sanc ti pu revoir sa komeraz la,"Mem gonaz: gros lapluie partu, li ankor enn veille li. Sanse ti pu revoir sa komeraz la.",Mem gona gross lapllili partut li le kon en en en e li li li li  i  i pu  i pu rer vire sa kome a mame a zome ala aamar zamar zamara zamar zamara zamar zamara zamar zamara zamar zamara zamar zamara zamar zamara zamar zamara zamar zamara zamar zamara zamar,2.159090909090909,2.823529411764706,False,punctuation_error;capitalization_error;spacing_error;extra_word_error
test,To rester to pas rester kot mo problem ladans bientot zot tout pou aller là,To reste to pas reste kot mo problem ladan. Bientot zot tu pu ale la.,To resster to pas rester ekot moo pooble la ladan binn zot tot tou  la la lllllllllllllllllllllllllllllllllllllllllllllllllllllllllllllllllllllllllllllllllllllllllllllllllllllllllllllllllllllllllllllllllllllllllllllllllllllllllllllllllllllllllllllllllllll,2.898550724637681,0.8666666666666667,False,punctuation_error;capitalization_error;spacing_error;extra_word_error
test,Mo pou dir enkor depi 2025 mo p dir misie anil baichoo pas entor zot in dne li 1 poss minister ki li pas cne sa domine la li ti 1 profeser li deza okip lezot pos minister tu kpv dne li 1 lot minister sa pos la pena lot dimoune apart dr [NAME] ki 1 professionel dans sa domain la zot in met 1 ministre deza pas cne sa domain la aster 1 junior si ki pas cmpren mo pas p cmpren kifer apre zot p dir narye pas p fonktione couma bizin zot mem ti dir bizin met the right person at the right place zordi [NAME] mem p dir bcp plas pas p roul couma bizin si ti met dr [NAME] dan la sante li cne couma pou amen sa,"Mo pu dir ankor: depi 2025, mo pe dir misye Anil Baichoo pas antor. Zot inn donne li 1 poss minister ki li pas kone sa domine la. Li ti 1 professeur, li deza okip lezot pos minister, tu kapav donne li 1 lot minister. Sa pos la pena lot dimunn apart doctor [NAME] ki 1 professionel dans sa domain la. Zot inn met 1 ministre deza pas kone sa domain la, aster 1 junior. Si ki pas konpran, mo pas pe konpran kifer. Apre zot pe dir nanyin pas pe fonktione kuma bizin. Zot mem ti dir bizin met the right personne at the right place. Zordi [NAME] mem pe dir buku plas pas pe roule kuma bizin. Si ti met doctor [NAME] dan la sante, li kone kuma pu amenn sa.",Mo pu dire enn kor de 20202  mo pi diri ii i in  bini bans  an  on  n  n  n  n  i n  i n  i n  i n  i n  i si  i si  i                                                                                                                                         ,0.8366718027734977,0.9774436090225563,False,punctuation_error;capitalization_error;spacing_error;missing_word_error
test,Ressit 1 subject exam psac so consequence sa capav... Astere pensé ena 3 sujet capav ressit psac!!!!,Resit 1 subject exam PSAC so consequence sa kapav... Aster pense ena 3 sujet kapav resit PSAC!!!!,Ressiit 1 subeet ex samas sa so sonseeseencececence capave. Pet en  e se sa se sa sa sa sa sa sassass sa!!!,0.5670103092783505,1.1764705882352942,False,punctuation_error;capitalization_error;spacing_error;extra_word_error
test,Ramgoo so fiston sa so main droite menteur pareil kouma papi,"Ramgoo so fiston sa, so main droite, menteur pareil kuma papi.",Hamgoo so fissonn sa so  mon dini dete mentere pareile kumapapapapappappappappapppppappppappppappppapppappppappppappppapppappppappppappppapppappppappppapppappppappppapppappppappppapppappppappppapppappppappppapppappppapppappppappppapppappppapppappppappppap,3.370967741935484,0.8181818181818182,False,punctuation_error;capitalization_error;spacing_error
test,"Ici morice ena bocoup reunion, discussion, hotline, etc mais action et sanction zero. Mais zotte tou dire ou zotte p travaille","Ici Moris ena buku reunion, discussion, hotline, etc mais action et sanction zero. Mais zottu dire ou zot pe travail.",Ici morrcee ena bou pu pu ni dinn sousson hot ont e te  ta ti et  atinn  ant ont ont ot ot ot zot zot  ot  ot  ot  to to to to to to trave trave trave trave trave trave trave trave trave trave trave trave trave trave trave trave trave trave trave trave tr,1.623931623931624,2.55,False,punctuation_error;capitalization_error;spacing_error;extra_word_error
test,"Eh arrêt ou cinéma dow. Lot fois ti parey kuma dir pou li kan li. Fer sa li pé attan ki so banes membres met zot enba suppliy li après ki li aller li rester li fini rempli so poss. Tou gouvernement ki ti la li reste leader so parti, li dan l'opposition assizer bez kass lepep. B pou moi li bien cpav disparet lor map, arrêt vinn kouyonn lepep deza zot 1banes salop menteurs. Lallians pena sanzement","Eh aret ou cinéma dow. Lot fois ti pareil kumadir pu li kan li. Fer sa li pe atann ki so bann membres met zot enba suppliy li après ki li ale li reste li fini rempli so poss. Tu gouvernement ki ti la li reste leader so parti, li dan l'opposition asize bez kas lepep. B pu moi li bien kapav disparet lor map, aret vinn kuyonn lepep deza zot 1 bann salop menteurs. Lalyans pena sanzement.",Eh arrtt  u cinn mom dow oot fois  i pa pa  u dimu   di  i  i  li  li li li la  la  e                                                                          i pe si pe li pe li pe li pe li li pe li li pe li li li pe li li li pli li li pli li li pli li l,0.6735751295336787,0.8846153846153846,False,punctuation_error;capitalization_error;spacing_error;missing_word_error
test,Dan 4 ans nou pou tire zot. Maja karo... 4 ans vite vite passe sa,Dan 4 ans nu pu tire zot. Maja karo... 4 ans vite vite passe sa.,Dan  4  nns nu pu ti re zot  aa aa .. S  an  vans vite vise sassssasssassassassassassassassassassassassassassassassassassassassassassassassassassassassassassassassassassassassassassassassassassassassassassassassassassassassassassassassassassassassassassas,3.25,0.8,False,punctuation_error;capitalization_error;spacing_error;extra_word_error
test,Quand ena covid li capave ferme la port,Quand ena Covid li kapav ferme laporte.,Quand ena covidd li capave fer fer la por portt.,0.3333333333333333,1.0,False,capitalization_error;spacing_error;extra_word_error
test,"[NAME], remark ki to asiz par dehier tw chemin pas bon boss si to ti roule 1 loto to ti pu kner","[NAME], remarke ki to asize par deryer twa. Chemin pas bon boss, si to ti roule 1 loto to ti pu kone.","[NAME], remarkk ki to zis pa perde the the  hheminn pa bons boss  ot  ot  ot  ot  ot  ot  to ti pu pe ku ne ku ne ku ne ku ne ku ne ku ne ku ne ku ne ku ne ku ne ku ne ku ne ku ne ku ne ku ne ku ne ku ne ku ne ku ne ku ne ku ne ku ne kunn ku ne kunn ku ne",1.8613861386138615,3.0454545454545454,False,punctuation_error;capitalization_error;spacing_error;extra_word_error
test,"Fini fer conner bonher si pou ena lecol, kon nu, enfant fini sorti, lela pou dire pas ena lecol","Fini fer kone bonher si pu ena lekol, kone nu, enfant fini sorti, lerla pu dire pas ena lekol.",Fini fer  onne bonn  sher si pe en le lekol kon  nn nnfann finn  ion  li li pe pe pe pe pe la le le la le le le le le le le le le le le le le le le le le le le le le le le le le le le le le le le le le le le le le le le le le le le le le le le le le le le,2.0319148936170213,3.8947368421052633,False,punctuation_error;capitalization_error;spacing_error;extra_word_error
test,"[NAME], lor laplage si pa desan? 😝😝","[NAME], lor laplage si pa desan? 😝😝","[NAME], lor laplage si sa pe desann  a?",0.22857142857142856,0.5714285714285714,False,capitalization_error;spacing_error;extra_word_error
test,Hey zom to 1 bon artist mais mo pas kon to problem... reprend twa bro,"Hey zom, to 1 bon artist mais mo pas kone to problem... reprend twa brother.",Hey zom  oo 1 1 bonn artist sa sa mo so po so po poore more.... Prerde dar dar bor.,0.4868421052631579,1.0666666666666667,False,punctuation_error;capitalization_error;spacing_error;extra_word_error
test,Madame avec tou respé. Ou dan yaoundé. Al cuit impé oundé trankil,Madame avec tu respe. Ou dan Yaoundé. Ale cuit enpe ounde trankil.,Madame avec  tu  rese pu  u dann yondé li  u ti pu pu dinn trenn trann lannilililililililililililililililililililililililililililililililililililililililililililililililililililililililililililililililililililililililililililililililililililililililililil,3.227272727272727,1.1666666666666667,False,punctuation_error;capitalization_error;spacing_error;extra_word_error
test,Aller 1 fois to p fer trop dans ca gouvernement la to ene vaux rien,Ale 1 fois! To pe fer trop dans sa gouvernement la. To enn vo rien.,Aller 1 fois to pe fer trope dann ca gauve e vouvenn menn  an en  aure  rane ne innenn.,0.5522388059701493,1.0666666666666667,False,punctuation_error;capitalization_error;spacing_error;extra_word_error
test,B kan p partage mine bouill gros pois dan gran bassin ki ban jeune la pu all manzer dan le pok karem!!!,"B kan pe partage mine bouille gros pois dan Grand Bassin, ki bann zenn la pu ale manze dan lepok carem!!!",B kan pp partage minn boulll gooss poss dan  gann gans bann  bann  en  la  ann la  an  la  an  a kan  aane  kame man  kame man man mane kaman  kame man man mane kaman  kame man man mane kaman  kame man man mane kaman ,1.3523809523809525,1.8571428571428572,False,punctuation_error;capitalization_error;spacing_error;extra_word_error
test,"[NAME], diferrr 🤣🤣🤣🤣🤣🤣🤣","[NAME], dife. 🤣🤣🤣🤣🤣🤣🤣","[NAME], diferrrr 🤣🤣🤣🤣🤣🤣🤣🤣🤣",0.2857142857142857,0.6666666666666666,False,punctuation_error;capitalization_error;spacing_error
test,Ki bizin fr la moi mo dire zot gueter demain li p gagne caution li ban fami victime prend mouchoire assizer plorer c sa lile maurice ban kam,"Ki bizin fer la? Moi mo dire zot: get demain li pe gagne caution. Li bann fami victime prend mouchoire, asize, plore. Se sa lil Maurice, bann kamarad.",Ki bizin frr la moi mo dire zot gete demen  la gagnn  agn  aan  la  ainn  i n  i n  i n  pa coise  pre  prise  pre so se  li pe re sa sa la  la la la  a la  a la  a la  aan  a  a  a  a  a  a  a  a  a  a  a  a  a  a  a  a  a  a  a  a  a  a  a  a  a  a  a  ,1.14,2.357142857142857,False,punctuation_error;capitalization_error;spacing_error;extra_word_error
test,Aster zot découvert l'Amérique pas zis dans la police ki coumsa dans beaucoup institution gouvernementale sa déroulé,Aster zot découvert l'Amérique pas zis dans la police ki kumsa dans beaucoup institution gouvernementale sa derule.,Aster zot décuuvert l'éreré quriqu sa zis  a sa pa la koms ku sa sa sa saus  u sauntinn gunn tu ne tu ent ent er eure tu er la dérure la dérure la dérure la dérure la dérure laure laure laure laure laure laure laure laure laure laure laure laure laure lau,1.5826086956521739,2.8823529411764706,False,punctuation_error;capitalization_error;spacing_error;extra_word_error
test,Servi cpte lot kou madame 🥲,Servi capote lot kut madame. 🥲,Servi cepte lot ku mamame  a.,0.23333333333333334,0.6666666666666666,False,capitalization_error;spacing_error
test,"Réalité, government officials... Zot bizin faire chemin ene fasion ki kan ene transport pe sorti ou ene lot transport pa vini... Capave trouve.. Avec sa muraille la... Li difficile pou kone kan pou sorti out non.. Si bien change semain so place.. Ou faire li vine one way.. Ou faire tire sa muraille la... L'autorité bizin prand ene decision.. Pou pa re enar accident la bas.","Réalité, government officials... Zot bizin faire chemin enn fason ki kan enn transport pe sorti ou enn lot transport pa vini... Kapav truve.. Avec sa muraille la... Li difficile pu kone kan pu sorti out non.. Si bizin change semain so place.. Ou faire li vinn one way.. Ou faire tire sa muraille la... L'autorité bizin pran enn decision.. Pu pa reena accident laba.",Réalitéée governn tont officill.... Zot bizin fein  feimen  enn fenn  aninn  n  n  n  n  n  n  n  n  n  ont pe prent pa pe pa pa pa pa pa pa pa pa pu pa pu pu pu pu pu pu pu pu  a                                                                            ,0.673972602739726,0.953125,False,punctuation_error;capitalization_error;spacing_error;missing_word_error
test,"[NAME], ki procedure boss should we donate one","[NAME], ki procedure boss? Should we donate one?","[NAME], ki proceeder boss should de dodendonte onton.",0.3125,0.75,False,punctuation_error;capitalization_error;spacing_error
test,Vini chachiii ou pu trV kuma bnla pu fer li ramas savonet la😏😏,"Vini chachi, ou pu truve kuma banla pu fer li ramasse savonet la.😏😏",Cini chachiii  u pu tr ru kuman  ban  pu fer  ramas  aasa savann la.,0.34328358208955223,0.8461538461538461,False,punctuation_error;capitalization_error;spacing_error;extra_word_error
test,L’occasion faire changer permis conduire et renouveler chaque dix ans deux permis identique pas photo copie,"L’occasion faire change permis kondire et renouvele chaque dix ans, deux permis identique pas photo copie.",Locccasionn faire changere permis  oudire ere ere e    au e di dind deus de derdise dindin dinn in  pa po po pope pope pope pope pope pope pope pope pope pope pope pope pope pope pope pope pope pope pope pope pope pope pope pope pope pope pope pope pope p,1.7641509433962264,3.0625,False,punctuation_error;capitalization_error;spacing_error;extra_word_error
test,"Majorite auto ecole montrer kuma pou gagne license, pa pou vine bon chaffeurs..🤔🤔🤔","Majorite auto ecole montre kuma pu gagne license, pa pu vinn bon chaffeurs..🤔🤔🤔",Majorite  auto ecole montrer  kuma gagnge li enn e pa pe pu n  n  onfen  chaffer...,0.34177215189873417,0.7692307692307693,False,punctuation_error;capitalization_error;spacing_error;extra_word_error
test,Coir moi tou laboutic bizin ggn 1 fizi pou zt secerite aster Maurice in tro denzere,Krwar moi tu laboutik bizin gagne 1 fizi pu zot sekirite aster Maurice inn tro denzere.,Koir moi tou laboutici bizin gan  1 fiziz zot se serte terte traite  rant  re dinn rene enne enne ene ene ene ene ene ene ene ene ene ene ene ene ene ene ene ene ene ene ene ene ene ene ene ene ene ene ene ene ene ene ene ene ene ene ene ene ene ene ene e,2.264367816091954,3.5,False,punctuation_error;capitalization_error;spacing_error;extra_word_error
test,Tiktok,TikTok.,Tikotkk.,0.42857142857142855,1.0,False,capitalization_error;spacing_error
test,Svp eski kpav retire sa ban ceki dans parlement la aussi,"Svp, eski kapav retire sa bann seki dans parlement la aussi?",Svpe eskik kapaverrer ra e bann cekik kaki pa sarement la sassass.,0.38333333333333336,0.9090909090909091,False,punctuation_error;capitalization_error;spacing_error;extra_word_error
test,Âpre 9ans de silence c ok b ek station 4bornes pou pran 9ans encore sa tellement zame zot pran dimoune o sérieux faude kan zot pa pou ena rol mem sa,"Apre 9 ans de silence, se ok. B ek station Quatre Bornes pu pran 9 ans encore sa. Tellement zame zot pran dimunn o sérieux. Fode kan zot pa pu ena role mem sa.",Apre ann de sillecce cok kok kek t tot ontonn  pronn  ann  ann  en  en  ent ent en  zot  e mann  e                     au e    a  u  a  a  a  a  a  a  a  a  a  a  a  a  a  a  a  a  a  a  a  a  a  a  a  a  a  a  a  a  a  a  a  a  a  a  a  a  a  a  a  a  a ,1.1949685534591195,1.9411764705882353,False,punctuation_error;capitalization_error;spacing_error;extra_word_error
test,Ena expert dans tous zaffaires a maurice meteo politique lla loi et accident etc kuma dire tout ce p mette pathetique ti sur place aumoment ti ena sa accident,"Ena expert dans tu zafer a Maurice: meteo, politique, la loi et accident, etc. Kumadir tu se pe met pathetique ti sur place au moment ti ena sa accident.",Ena expert dann tu sa zaffar sar saure me to toitili li li li la te te te te te te te t di te te te te te te te te te te te te te te t tu te tu te tu ta e  a mant e  a cante ta cance ta cance ta cance ta cance ta cance ta cance ta cance ta cance ta cance ,1.0718954248366013,2.206896551724138,False,punctuation_error;capitalization_error;spacing_error;extra_word_error
test,Guet kot lepep p aler dans film ek sa ban buffon la,Get kot lepep pe ale? Dans film ek sa bann boufon la.,Guet kot lepeppe pe ale dann filime e  sa bann buffonfla.,0.22641509433962265,0.6666666666666666,False,punctuation_error;capitalization_error;spacing_error;missing_word_error
test,"Ena p dir gros poumon sipaki mo ggt ici. Selman, 1 zour la lin plein port louis r marsand. Tne fini blier ki 1 an lin bez la grain r pension, lin trasse kass r rama, etc.. Et lot lannee si li poo bour zot tou pareil. Saem li bon, vin marse marser le 25 dec dan port louis, apres le rest l'année poo asizer poo met lamain dan nu la gorge","Ena pe dir gros poumon sipaki mo gogot ici. Selma, 1 zur la linn plein Port Louis ar marsand. Tonn fini bliye ki 1 an linn bez la grain ar pension, linn trasse kas ar Rama, etc.. Et lot lane si li pu boure zottu pareil.. Samem li bon, vinn marse marser le 25 decembre dan Port Louis, apre le reste l'année pu asize pu met lamain dan nu la gorge.",Ena pe dir gross pu momon si pa kog go gi  i   la   la  la  la li li pli pli pli pren    inn            inn                                                                                                                                                    ,0.7507246376811594,0.9014084507042254,False,punctuation_error;capitalization_error;spacing_error;missing_word_error
test,B la ki zot pou fer avec sa bane poisson la?,B la ki zot pu fer avec sa bann poisson la?,B la ki zot pu fer  are a sa bann poissons la?,0.11627906976744186,0.2727272727272727,False,capitalization_error;spacing_error;extra_word_error
test,"[NAME], moii mo ti p pense itsrainningwilliam so lecourse dan barbe pann gagn concentré 💔🥲🤣🤣","[NAME], moi mo ti pe pense: 'it's rainning william' so lecourse dan barbe pann gagne concentré! 💔🥲🤣🤣","[NAME], moii mo  i pi pens stirinn giinigilili so so soure sa bann bann  ann  ann conncenncenn conn cenn cenn cenn cenn cenn cenn cenn cenn cenn cenn cenn cenn cenn cenn cenn cenn cenn cenn cenn cenn cenn cenn cenn cenn cenn cenn cenn cenn cenn cenn cenn ",1.97,2.7058823529411766,False,punctuation_error;capitalization_error;spacing_error;extra_word_error
test,Si dans lekol ti fr [NAME] 1 lesson em pa ti pu bisin doner mo garçon ti dans grade 3 last year ti kav compter comier jr miss la ti p vin travail dans 1 an,"Si dans lekol ti fer seki bizin, 1 lesson mem pa ti pu bizin done. Mo garçon ti dans grade 3 last year, ti kapav compter komie zur miss la ti pe vinn travail dans 1 an.",Si dann lekol ti t frr [NAME] 1 sessonn pe pe pi pu binn don  or don  dan  dan   a  a  a  a  a  a                                                                                                                                                              ,0.5773809523809523,0.8648648648648649,False,punctuation_error;capitalization_error;spacing_error;missing_word_error
test,Pas écoute météo tous dimouns rest zot la caz pas sorti,Pas écoute météo. Tu dimunn reste zot lakaz pas sorti.,Pas écoute mété tous dimunns seste zot la a za sa sa sorsti.,0.25925925925925924,1.0,False,punctuation_error;capitalization_error;spacing_error;extra_word_error
test,Ti toutou. Cot to la chaîne???. To pas ti ena to la chaîne quand ramgolam ti passe la cour??. Enfin mo pe envie dire to micro 🎤. Mauvais macro,Ti toutou. Kot to la chaîne???. To pas ti ena to la chaîne quand Ramgoolam ti passe lakour?????. Enfin mo pe anvi dire to micro 🎤??. Mauvais macro.,Ti touto  ot to la chann??? Po  pa sa ti ta  aan  aan  aan  aan  aamame  a maman  la  an                              in  e  i e  i  i e  i  i  i  i  i  i  i  a  a  a  a  a  a  a a  a a  a a a a a a a a a a a a a a a a a a a a a a a a a a a a a a a a a a ,1.2789115646258504,2.607142857142857,False,punctuation_error;capitalization_error;spacing_error;extra_word_error
test,La mer pas appartient à aucaine creature sa li appartient selment à createur laisse ti dimun vivre la loi maurice applique zis pour to dimun,"La mer pas appartient à okenn kreatir sa, li appartient selma à createur, laisse ti dimunn viv. La loi Maurice applique zis pour tu dimunn.",La mer pas papartitent  aucann crane rater  la papartitent e te te te te te te ti e  i  i  i i  i vinn  i i i  i i i i i i pu pu pu pu pu pu pu pu pu pu pu pu pu pu pu pu pu pu pu pu pu pu pu pu pu pu pu pu pu pu pu pu pu pu pu pu pu pu pu pu pu pu pu pu ,1.316546762589928,2.92,False,punctuation_error;capitalization_error;spacing_error;extra_word_error
test,"Bizin conner ki faire après 9 ans, sa ki li pli bizin expliquer","Bizin kone kifer après 9 ans, seki li plis bizin eksplik.",Bizin konne ki faire arr sa  ans sa si li pli pi piin e plilile.,0.42105263157894735,1.1818181818181819,False,punctuation_error;capitalization_error;spacing_error;extra_word_error
test,Get zot zar pas pou travail,Get zot zar pas pu travail.,Get zot  zar pas pu travavailil.,0.18518518518518517,0.16666666666666666,False,capitalization_error;spacing_error
test,Lamai lipie encore bon remercié bon dieu bez fess al travail ban paress,"Lamain, lipied encore bon. Remercié Bondieu. Bez fesse ale travail, bann paress.",Lamai lipie encor bonn remercici bonn bize bez sa fas aravala ana aans parsssa.,0.425,1.1666666666666667,False,punctuation_error;capitalization_error;spacing_error;extra_word_error
test,Non li ti fini payer li... Lerla lin al prnd.🫳,Non li ti fini peye li... Lerla linn ale pran.🫳,Non li  ti fini paye li... Lerlala li lan prend.,0.2553191489361702,0.5,False,capitalization_error;spacing_error
test,Tuzur van contract presser liksrma tou le zour zot kumsa zot pa accepte arret giv way ou atan,Tuzur van contract presse liksrma. Tulezur zot kumsa: zot pa accepte aret give way ou atann.,Tuzur vann contractt presser sis ras mar  lo  zou zot zot kot ka  a pa pa pa pa pa pa t  a  a  a  a  a  a  a  a  a ta a ta a ta aa a ta aa a ta aa a ta aa a ta aa a ta aa a ta aa a ta aa a ta aa a ta aa a ta aa a ta aa a ta aa a ta aa a ta aa a ta aa a ta,2.130434782608696,5.0,False,punctuation_error;capitalization_error;spacing_error;extra_word_error
test,"[NAME], zt pa gentile zot zt complice ladn","[NAME], zot pa gentil zot, zot complice ladan.","[NAME], zzt pa gentille zot zot complicecle ladand.",0.17391304347826086,0.625,False,punctuation_error;capitalization_error;spacing_error
test,Eski largent lessons zot declare ou pay tax lo la,Eski larzan lessons zot deklare ou pay tax lo la.,Eski largent lessonsso zot der a  u pay pa ta la la la la.,0.40816326530612246,1.0,False,capitalization_error;spacing_error;extra_word_error
test,Less zot trace zot lavi dan place pou ale droguer fimer mas government done zot zot permit pou travails ki to pe atan zame no economics blues,"Less zot trace zot lavi dan place pu ale droge fime mas. Government donne zot. Zot permis pu travail, ki to pe atann? Zame no economics blues.",Less zot trace zot lav davi dan place pu  der groge  er gage mome mon en  oote  ot zot  ot pe to to to to pe to pa ti pa  e  a  o  on  on  on  on  on  on  on  on  on  on  on  on  on  on  on  on  on  on  on  on  on  on  on  on  on  on  on  on  on  on  on  ,1.1830985915492958,2.037037037037037,False,punctuation_error;capitalization_error;spacing_error;extra_word_error
test,Pays en ba la o desordre partou travailliste ek mmm ine fini sa pays la,Pays embalao. Dezord partu. Travailliste ek MMM inn fini sa pays la.,Pays enn ba la oo desorder partu travalaliliste e mem mimin  inn sa pa sa sa aas la la la la la la la la la la la la la.,1.0147058823529411,2.1666666666666665,False,punctuation_error;capitalization_error;spacing_error;extra_word_error
test,BAn pena role,Bann pena role.,Bnn pena  role.,0.13333333333333333,0.3333333333333333,False,capitalization_error;spacing_error
test,B BANE POISSON EK BANE ANGUILLE LABA LA VEG SA SVP 😌,"B BANN POISSON EK BANN ANGUILLE LABA LA, VEG SA SVP? 😌",B  NANA OU SOU SA E  ANANANANANALALA A A A A A A A A  A  A  A  A  A  A  A  A  A                                                                                                                                                                                ,0.9814814814814815,1.9166666666666667,False,punctuation_error;capitalization_error;spacing_error;extra_word_error
test,Bez kas ar tini suspense,Bez kas ar tini suspense.,Bez kas ar  tini sussennse.,0.12,0.2,False,capitalization_error;spacing_error
test,Cmbien Zot pas p montrer Astr lol ca cki Zot p mntrei dimune la b Derier sa Cmbien million p fr labas Zot pas p montrer,"Komie zot pas pe montre aster lol? Sa seki zot pe montre dimunn la. B deryer sa, komie million pe fer laba? Zot pas pe montre.",Cmbien  ott pas pe montrer  lot lo kok ki kot po ti pe minn dimenn    bimen   biminn  miminn  i li pe li pa ban  pa so pa so pa pa pa pa po pa po pa po pa po pa po pa po pa po pa po pa po pa po po pa po pa po pa po po pa po pa po pa po po pa po pa po pa p,1.5158730158730158,2.6538461538461537,False,punctuation_error;capitalization_error;spacing_error;extra_word_error
test,Ziss koze sa zero aksion.... Zot ava ras 2 3 ti pie ki dieu inn donn lavi..... Pou dir zot ki ena pouvoir......,Zis koze sa zero aksion.... Zot ava rase 2 3 ti pye ki Dieu inn donne lavi..... Pu dir zot ki ena pouvoir......,Ziss koze sa zer  kosson...... Zot a           i i  i di inn dinn dinn dinn la  i  o  ou  ou pa pour . ........................................................................................................................................................,1.7657657657657657,0.9130434782608695,False,punctuation_error;capitalization_error;spacing_error;extra_word_error
test,Mo ti croire tw 1 cou🤣🤣🤣🤣🤣in vote zt tou🤣🤣🤣🤣mo esperé le pep art vote zt ek pravin.... Mo esperé nu resi aret r zot bne kkliki,Mo ti croire twa 1 kut🤣🤣🤣🤣🤣inn vote zottu🤣🤣🤣🤣mo espere lepep aret vote zot ek Pravin.... Mo espere nu resi aret ar zot bann kakaliki.,Mo ti croire tw  1 ku 🤣🤣🤣🤣🤣 tot tot tou tu tu pe pe pe pe pe pe pe te te te zot  e pe pe pe pe per pe re  er e  e  e  e  eki e  kon  ki ek ki ki ki ki ki ki ki ki ki ki ki ki ki ki ki ki ki ki ki ki ki ki ki ki ki ki ki ki ki ki ki ki ki ki ki ki ki ki ki,1.368421052631579,3.0833333333333335,False,punctuation_error;capitalization_error;spacing_error;extra_word_error
test,Pa's faire cumsa,Pas faire kumsa.,Pass faire kumsa.,0.0625,0.3333333333333333,False,capitalization_error;spacing_error
test,Besoin met la bank la so nom pour coner,Besoin met labank la so nom pour kone.,Besoin met la bann la so so on pour  ooner.,0.23684210526315788,0.625,False,capitalization_error;spacing_error;extra_word_error
test,Li ti fek al cote psychologue🤔,Li ti fek ale kot psychologue.🤔,Li ti fek al cot peychohoolouge.,0.2903225806451613,0.5,False,capitalization_error;spacing_error
test,Haram sa ban ka mem ki pli harami entire le monde p vive par fess akiz zot mem,"Haraam! Sa bann lamem ki plis harami entire le monde, pe viv par fesse akoz zot mem.",Haram sa bann kamem ki pi pli haramime  entie  ende pe ve ve ve pa fer fes  zoz zoz zoz mez mem mem mem mem mem mem mem mem mem mem mem mem mem mem mem mem mem mem mem mem mem mem mem mem mem mem mem mem mem mem mem mem mem mem mem mem mem mem mem mem mem,2.357142857142857,3.4705882352941178,False,punctuation_error;capitalization_error;spacing_error;extra_word_error
test,non pas case latet.. pas pou bez business livraison bane ti bolome bleu...,"Non, pas kase latet.. pas pu bez business livraison bann ti bolom bleu...",Donn pas  casse latt... pas pu buzizinnsse sirison bann binn boblebbolebble....,0.3835616438356164,0.6923076923076923,False,punctuation_error;capitalization_error;spacing_error;missing_word_error
test,ZTE bisin cumance fr bon travaille Pou ZTE re ggne respect popilation ✅,Zot bizin komans fer bon travail pu zot re gagne respect popilasyon. ✅,Ti bisin  umance fer bonn travalile      grege genge pe pe pepepepliplipaitinn .,0.5571428571428572,0.9230769230769231,False,capitalization_error;spacing_error;missing_word_error
test,Alez corbeau blanc nou atane sa mem! 😜🤣,Ale corbeau blanc nu atann samem! 😜🤣,Alez corbeu blan conn  antann samem mem me  🤣🤣,0.4444444444444444,1.2857142857142858,False,punctuation_error;capitalization_error;spacing_error;extra_word_error
test,Hep zot ine rate 2 dimounes lor chart la. Call moi linfo la gratuit🤣🤣🤣🤣🤣🤣🤣,"Hep, zot inn rate 2 dimunn lor chart la. Call moi, info la gratuit.🤣🤣🤣🤣🤣🤣🤣",Hep zot  inn rate  2 dimunn sor sor chart la la li li la la far ti tratititititit.🤣🤣🤣🤣🤣🤣🤣🤣🤣🤣🤣🤣🤣🤣🤣🤣🤣🤣🤣🤣🤣🤣🤣🤣🤣🤣🤣🤣🤣🤣🤣🤣🤣🤣🤣🤣🤣🤣🤣🤣🤣🤣🤣🤣🤣🤣🤣🤣🤣🤣🤣🤣🤣🤣🤣🤣🤣🤣🤣🤣🤣🤣🤣🤣🤣🤣🤣🤣🤣🤣🤣🤣🤣🤣🤣🤣🤣🤣🤣🤣🤣🤣🤣🤣🤣🤣🤣🤣🤣🤣🤣🤣🤣🤣🤣🤣🤣🤣🤣🤣🤣🤣🤣🤣🤣🤣🤣🤣🤣🤣🤣🤣🤣🤣🤣🤣🤣🤣🤣🤣🤣🤣🤣🤣🤣🤣🤣🤣🤣🤣🤣🤣🤣🤣🤣🤣🤣🤣🤣🤣🤣🤣🤣🤣🤣🤣🤣🤣🤣🤣🤣🤣🤣🤣🤣🤣🤣🤣🤣🤣🤣🤣🤣🤣🤣🤣🤣🤣🤣🤣🤣🤣🤣,2.689189189189189,0.7857142857142857,False,punctuation_error;capitalization_error;spacing_error;extra_word_error
test,Fouff encore,Fouf! Encore?,Fouffe encore.,0.3076923076923077,1.0,False,punctuation_error;capitalization_error;spacing_error
test,Ban magasins ki amene portables par centaines eski ena douniers qui laisse zot passé?,"Bann magasins ki amenn portables par centaines, eski ena douniers qui laisse zot passe?",Bann magassis ki amenn portable bane centenn sekinn enn en dinn su si si sa sassssass sasssasssassessa?,0.5517241379310345,1.0,False,punctuation_error;capitalization_error;spacing_error;extra_word_error
test,"[NAME], donne moi n rezon ki fer bizin al avec 10 van. Dans mo landroit ousi fin ena ban arestation koumsa, d van vinin prend aller, ki fer kot nous zot pas defan zot, parse ki nous envi sa fini, moi mo dire la police bizin met lachain partou oas less ban dimoun rantre pou al aster. E apre ban q p defan ban mafia less zot mort kot mo problem ladent","[NAME], donne moi enn rezon kifer bizin ale avec 10 van. Dans mo landrwat osi finn ena bann arestasyon kumsa, d van vinin prend ale, kifer kot nous zot pas defane zot? Parski nous anvi sa fini: moi mo dire la police bizin met lachain partu pas less bann dimunn rantre pu ale aster. Et apre bann qui pe defane bann mafia less zot mort kot mo problem ladan.","[NAME], donne moi  n nn ren ki fer bizin aa  ave 1 1 1  an   ann  on  on  on  on  on  inn  an  an  an  an  an  an  an  an  a  a  a  a  a  a  a                                                                                            i                    ",0.6450704225352113,0.9565217391304348,False,punctuation_error;capitalization_error;spacing_error;missing_word_error
test,Maurice Cest un marii plaisir,"Maurice, se un mari plaisir.",Maurice eest tu  arrii plisiiri.,0.42857142857142855,1.0,False,punctuation_error;capitalization_error;spacing_error
test,Laiss sa gran dimunn la ale reposer do zot,Laisse sa gran dimunn la ale repose dow zot!,Laiss sa grann dimunn la le resore do oo dot zot.,0.29545454545454547,0.8888888888888888,False,punctuation_error;capitalization_error;spacing_error;extra_word_error
test,Bon - arrête badiner zot - pran sa bien bien sérieux là ein - demain eski sa boug la pou maziner ki line cozer zordi la?? Ti bizin faire grave tout ceki line cozer lor so le corps pareil couma amir khan dans ghajini … ki zot dire??,Bon - aret badine zot - pran sa bien bien sérieux la ein - demain eski sa boug la pu mazine ki linn koze zordi la?? Ti bizin faire grave tu seki linn koze lor so le corps pareil kuma Amir Khan dans ghajini … ki zot dire??,Bonn  rarrte badinn zot  rot pran sa binn binn ser e  e  i e  e  i n  e                            i zon  a zon  li  o  e       i                                                  a  a  a  a  a  a  a  a  a  a  a  a  a  a  a  a  a  a  a  a  a  a  a  a  a  a,0.755656108597285,1.0416666666666667,False,punctuation_error;capitalization_error;spacing_error;extra_word_error
test,Al demande chariter🤔,Ale demande charite.🤔,Ale demande charriter.,0.14285714285714285,0.3333333333333333,False,capitalization_error;spacing_error
test,Cest ene bâtiment qui date sa style coloniale. Pareille comment la poste souillac cest ene bâtiment qui date lepoque chemin de fer,Se enn bâtiment qui date sa style coloniale. Pareil comment la poste Souillac se enn bâtiment qui date lepok chemin de fer.,Sest enn bitiment qui dat sa ttye lolle lolile la larele lomelle lo lot lot lot lot le so le se te te te te te te te te  e te  e  e  e  e  e deme de deme de deme de deme de deme de deme de deme de deme de deme de deme de deme de deme de deme de deme de de,1.4878048780487805,2.727272727272727,False,punctuation_error;capitalization_error;spacing_error;extra_word_error
test,Bizin pas faire interview dans ban cas coumsa,Bizin pas faire interview dans bann cas kumsa.,Bizin pas faire inn ervie dan bann  cass kuskumsa.,0.1956521739130435,0.625,False,capitalization_error;spacing_error;extra_word_error
test,Vau mieu parle plus rien,Vo mieu parle plus rien.,Cau mieu parle plus risenn.,0.20833333333333334,0.4,False,capitalization_error;spacing_error
test,"[NAME], ena sa tres souvent c sa kalitee la mem ki pli pedophile sa","[NAME], ena sa tre souvent se sa kalite lamem ki plis pedophile sa.","[NAME], enn sa tres souvent ce sa ka kalitee lamem  kimpe pe ppipeplipeplipe paple sa.",0.417910447761194,0.6923076923076923,False,capitalization_error;spacing_error;extra_word_error
test,Ban poisson ine perdi? 🥲😭😂 Ine saizi filet.. Mais kifr p enkr vend li??. Ladrogue p rntre pa trouv nnier?,Bann poisson inn perdi? 🥲😭😂 Inn saizi filet.. Mais kifer pe ankor vande li??. Ladrog pe rantre pa truve nanyin?,Bann poissonn inn perdi      nn san saizife fii ti fer fer  ki ki en  en  la  er din  la re  ran  ran  ran  rann prenn renn prenn renn renn rann renn renn rann renn renn rann renn renn rann renn renn rann renn renn rann renn renn rann renn renn rann renn ,1.6126126126126126,2.5,False,punctuation_error;capitalization_error;spacing_error;extra_word_error
test,"Vrai sa, mo ti croire 1 tournage bollywood sa. Mo ti croire sa q ek revolver la Jhonny Lever sa",Vrai sa? Mo ti croire 1 tournage Bollywood sa. Mo ti croire sa qui ek revolver la Jhonny Lever sa.,Vrai sa mo mo ti croire 1 touragege bolloyowo do dot so  i re   ko  e  e  e  e  e ve ven  e venve ve veve veve veve veve veve veve veve veve veve veve veve veve veve veve veve veve veve veve veve veve veve veve veve veve veve veve veve veve veve veve veve,1.989795918367347,2.6,False,punctuation_error;capitalization_error;spacing_error;extra_word_error
test,Manière mo p lire ban commentaire dimoun p penser saem suspect kin gain batter plusieurs coup de matraque la beh ici zot p dire suspect in prend la fuite li en cavale alors which is which 🤔,Manière mo pe lire bann commentaire dimunn pe pense samem suspect kinn gagne bate plusieurs kut de matraque la. B ici zot pe dire suspect inn prend la fuite li en cavale alors which is which? 🤔,Manire  oo pe li re bann commemantire dimunn penn se sesse sas pas en  ans  ant pu sa pu se                                                                        i pe                      i pe                         i                         i          ,0.8290155440414507,0.918918918918919,False,punctuation_error;capitalization_error;spacing_error;missing_word_error
test,Torrrr! Line sanz bataz! Pa ti pou reconet li! Bro! Manz ar li!,"Tarr! Linn sanze bataz! Pa ti pu rekonet li! Brother, manze ar li.",Torrr   inn sanz bazat za  t pu rencent li lo  ron  ara  ara  ar li li li ,0.5151515151515151,1.1538461538461537,False,punctuation_error;capitalization_error;spacing_error;extra_word_error
test,[NAME] to sa pu to fail plusieurs fois.... Dix cou bizin payer même... La caisse govt rempli,[NAME] to sa pu to fail plusieurs fois.... Dix kut bizin peye même... La caisse guvernman rempli.,"[NAME], to sa pu to faill pussisurssse....... Si sou bizizi pe mememememememe   a sa so treme pe pe pe pe permemplimemplimemplimemplimemplimemplimemplimemplimemplimemplimemplimemplimemplimemplimemplimemplimemplimemplimemplimemplimemplimemplimemplimemplime",1.9793814432989691,1.0,False,punctuation_error;capitalization_error;spacing_error;extra_word_error
test,Zot pas pe tester ban bombe sa et surtou ban bombe nuclear parski kan fer research israel ti pe tester ban bombe pres r pole sud parski isreal pena place tester sa so ban bombe,"Zot pas pe teste bann bombe sa? Et surtout bann bombe nuclear? Parski kan fer research, Israel ti pe teste bann bombe pre ar pole sud, parski Israel pena place teste sa so bann bombe.",Zot pas pe tester bann bombe se st tu tu bobbenbonbenn  n  an  areka er sa sa se re sa se  e  e se  e bane  e bere  e pe se pe se pe se pe se pe pe sa pe sa se pe sa sa bane sa bane sa bane sa bane sa bane sa bane sa bane sa bane sa bane sa bane sa bane s,0.8306010928961749,1.7428571428571429,False,punctuation_error;capitalization_error;spacing_error;extra_word_error
test,Extra sa promesse bis gratis vine augmentation ticket,Extra sa. Promesse bis gratis vinn augmentation ticket.,Extrr sa promemsse biss grattisi vinn aagnettantintitint titett.,0.36363636363636365,0.875,False,punctuation_error;capitalization_error;spacing_error
test,[NAME] nnnnn mo tifi la to bat lizier li disparait akoz sa mo pas prend risks,"[NAME] non. Mo tifi la: to bate lizye, li disparait. Akoz sa mo pas prend risks.",[NAME] nnnn mo  ti fii la to bat lizi li disi pairata a zo  a zo  pa sa pa pres sarsssss.,0.4375,1.125,False,punctuation_error;capitalization_error;spacing_error;extra_word_error
test,Bousse li yeux dimoune banne menteur,"Bousse li yeux dimunn, bann menteur.",Bousse li yeu dimunn bannn mennementer.,0.25,0.6666666666666666,False,punctuation_error;capitalization_error;spacing_error
test,Depi kan appollo si végétarien zamais li ti était sa 😂😂😂,Depi kan appollo si végétarien zame li ti était sa. 😂😂😂,Depi kan  ppollo si s gégégétrairenn zamais ti titt ta ta ta a 😂😂😂😂😂😂😂😂😂😂😂😂😂😂😂😂😂😂😂😂😂😂😂😂😂😂😂😂😂😂😂😂😂😂😂😂😂😂😂😂😂😂😂😂😂😂😂😂😂😂😂😂😂😂😂😂😂😂😂😂😂😂😂😂😂😂😂😂😂😂😂😂😂😂😂😂😂😂😂😂😂😂😂😂😂😂😂😂😂😂😂😂😂😂😂😂😂😂😂😂😂😂😂😂😂😂😂😂😂😂😂😂😂😂😂😂😂😂😂😂😂😂😂😂😂😂😂😂😂😂😂😂😂😂😂😂😂😂😂😂😂😂😂😂😂😂😂😂😂😂😂😂😂😂😂😂😂😂😂😂😂😂😂😂😂😂😂😂😂😂😂😂😂😂😂😂😂😂😂😂😂😂😂😂😂😂😂😂😂😂😂😂,3.8363636363636364,0.9090909090909091,False,punctuation_error;capitalization_error;spacing_error;extra_word_error
test,L'année ine changer! Toujours pas pou change sa bane ti mauvé manière la!,L'année inn change! Toujours pas pu change sa bann ti move manière la!,L'anné enn changere  ouurss pu pu chann  aange sa bann ta  an  mann mann rann la aan la ,0.5285714285714286,1.1538461538461537,False,punctuation_error;capitalization_error;spacing_error;extra_word_error
test,Sa. Vraie. Libertez,Sa vrai liberte.,Sa. Mrraie. Biberteze.,0.5,1.0,False,punctuation_error;capitalization_error;spacing_error
test,Ena le rat si la bas?,Ena le rat si laba?,Ena le  rat si la bass?,0.21052631578947367,0.4,False,capitalization_error;spacing_error;extra_word_error
test,Encore cinema dip pe commence aussitot 2026,Encore cinema dip pe commence aussitot 2026?,Encore cinnemad dipe  commemence sasstitot 2020202020202020,0.5227272727272727,0.8571428571428571,False,punctuation_error;capitalization_error;spacing_error;missing_word_error
test,BOSS INN DIRE PE REDRESS MORIS,BOSS INN DIRE PE REDRESS MORIS.,BISS  NANA INA E  E  E  ER RAME RIRI,0.6451612903225806,1.5,False,punctuation_error;capitalization_error;spacing_error;extra_word_error
test,Hey va la bas la ein,Hey va laba la ein!,Hey va la bass la en enn.,0.42105263157894735,0.8,False,punctuation_error;capitalization_error;spacing_error;extra_word_error
test,"[NAME], ene tas p fini accuse couple la, la faute commence par responsabiliter parents la","[NAME], enta pe fini accuse couple la. La faute commence par responsabilite parents la.","[NAME], enn tas pe pini acces coule la la la faut ec mommemence pamens parssispertile parte tant la alant la la.",0.5402298850574713,1.2857142857142858,False,punctuation_error;capitalization_error;spacing_error;extra_word_error
test,"Respect pou tous sa banne eboueurs sans zotte pay la malpropre. Dimounes aussi bizin conner organise zotte sallete,",Respect pu tusa bann eboueurs sans zot peyi la malpropre. Dimunn aussi bizin kone organise zot salte.,Respect pu tu sa sa banne eubeuressss zot pa pa pa pa papropere san  si n  oisinn  on  on sonse sot et et la let late late late late late late late late late late late late late late late late late late late late late late late late late late late late la,1.9108910891089108,2.9411764705882355,False,punctuation_error;capitalization_error;spacing_error;extra_word_error
test,Kapav possible vraiement line cokain ou mem fort possible sa fausse osi kar ou bizin montrer kan line traverser cot la caisse pou nous comprend si vraiement line payer ou prend aller sans payer bocoup p nek coment sans comprend ki parfois ena servi bane short video coumsa just pou gat reputation dimoune osi 🤔,"Kapav possible, vremem linn kokin ou mem fort possible sa fausse osi, kar ou bizin montre kan linn traverser kot la caisse, pu nous comprend si vremem linn peye ou prend ale sans peye. Buku pe nek comment sans comprend ki parfois ena servi bann short video kumsa just pu gat reputation dimunn osi. 🤔",Kapav possisble vraimement linn kokin  om mo  or so so so soss bass bass  ou so so  ou  ou  on  ki  on  an  kon  an                                                     pa so pe  on  pa pe pa pe pa pe pa pe pa pe pa pe pa pe pa pe pa pe pa pe pa pe pa pe p,0.6421404682274248,0.9272727272727272,False,punctuation_error;capitalization_error;spacing_error;missing_word_error
test,Sa roshi so idea sa toi to n bom r plein toi to n fuite dan baja toi,Sa Roshi so idea sa. Toi to enn bom ar plein toi. To enn fuite dan baja toi.,Sa roshi so dide sa to to to  oo bom pe pe pe inn to to to ti  a a a a at to tot tot tot.,0.5789473684210527,1.2777777777777777,False,punctuation_error;capitalization_error;spacing_error;extra_word_error
test,A mon dieu quelle soufrance ou 1 parent trouve ou zenfant dans sa cire constance la vraiment dure le mo me manque beaucoup de courage sinpaties a vous 🙏🙏🙏😭 repose en paix,"A mon Dieu, quelle soufrance. Ou 1 parent truve ou zanfan dans sa sirkonstans la, vraiment dur. Le mo me manque beaucoup de courage. Sympathies à vous 🙏🙏🙏😭. Repose en paix.",A monn dieu qulel sour soure    pa parent tu tu zon  anfann  ann  arann cann cann   arante                                                                                                                                                                     ,0.6802325581395349,0.9354838709677419,False,punctuation_error;capitalization_error;spacing_error;missing_word_error
test,"Narien pa p changer.. Zis le peuple ki bizin respecter la loi.. Pou ban seki la haut, tou pareil.. Election n fer, ban la tete n changer.. System la enkor pareil, plito li pli danbez","Nanyin pa pe change... Zis le peuple ki bizin respecte la loi... Pu bann seki la haut, tu pareil... Election inn fer, bann latet inn change... System la ankor pareil, plito li plis dan bez.",Nariin pa pe change.. Zis le lepepele kizi e pe pe pe pe pe pe pe la bann  a  a  a  a  a  a  a  a  a ta la  a te  a  a  e  ant la  e  ant en  an en  an e  an e  an e  an la e la pa la la pe la ple la ple la pla la ple la pla la ple la pla la ple la pla la,0.8412698412698413,1.9142857142857144,False,punctuation_error;capitalization_error;spacing_error;extra_word_error
test,Bien bien triste sa ca la,Bien bien triste sa cas la.,Bien binn triste sa ca la.,0.07407407407407407,0.3333333333333333,False,capitalization_error;spacing_error
test,"Moricien pisser li.. Aster zot pou blame company bus... Bus la bizin sorti boneur,, bis la roule doucement.... Mai zamai zot pou dir zot loto p blok chemain. Ban hyprocrite.... Osman kot toi","Morisien pise li.. Aster zot pu blame company bus... Bus la bizin sorti boneur, bis la roule doucement.... Me zame zot pu dir zot loto pe bloke chemin. Bann hyprocrite.... Osman kot toi?",Moricien pisser li... Set zot pu blame  commann bunn bbann bizin bon bon boubinn boure bou e bou e  ou e  ou e  ou  ou  ou  ou  o  o  o  o  o  o  o  o  o  o  o  o  o  o  o  o  o  o  o  o  o  o  o  o  o  o  o  o  o  o  o  o  o  o  o  o  o  o  o  o  o  o  o,0.9139784946236559,2.0303030303030303,False,punctuation_error;capitalization_error;spacing_error;extra_word_error
test,Cp avec so kopin,CP avec so copin.,Spp avec so koppinn.,0.35294117647058826,0.5,False,capitalization_error;spacing_error
test,Ou bisin veille ou enfants. Coumsa mem ena enfants noyer dans piscine campement etc.,"Ou bizin veille ou enfants, kumsamem ena enfants noye dans piscine campement etc.",Ou bisinn vellle  unfenfanns soumamme an ann nnfenn nn donn  passe camenne cemementente.,0.49382716049382713,0.9230769230769231,False,punctuation_error;capitalization_error;spacing_error
test,Samen pas pou ressi amen 3 credit,Samem pas pu resi amenn 3 credit.,Samen pas pu ressi  an  cer derdidit.,0.3939393939393939,0.7142857142857143,False,capitalization_error;spacing_error
test,"[NAME], zis kan cyclone mo croir sa. Jamais gov pou cpv la guerre avc trafiquants a coz zot tro “gentile” avc ban trafiquants","[NAME], zis kan cyclone mo krwar sa. Jamais guvernman pu kapav la guerre avec trafiquants akoz zot tro “gentil” avek bann trafiquants.","[NAME], zis kan cccclonn moor  ror sa  amais go so go pu pu pu pu pu gave  a  ar ave a far at a to to to to to te t  a  an  an  an ant ant ant ant ant antant antant antant antant antant antant antant antant antant antantant antant antantant antantant anta",1.3208955223880596,2.272727272727273,False,punctuation_error;capitalization_error;spacing_error;extra_word_error
test,Zaffaore reprend encore banne NWO hidden agenda,Zafer reprend encore. Bann NWO: hidden agenda.,Zaffore repred dencore bann   didedendann aandandanda.,0.5217391304347826,1.0,False,punctuation_error;capitalization_error;spacing_error;missing_word_error
test,"[NAME], lerla li ava ress lakaz, consulté lakaz kan li lé","[NAME], lerla li ava res lakaz, consulté lakaz kan li lei.","[NAME], lerrla li ava eres sa saka  kon loullélla kakakan lla llilllll.",0.43103448275862066,0.8181818181818182,False,punctuation_error;capitalization_error;spacing_error;extra_word_error
test,Par ene ti couyon 23 ans dir moi vous zot,Par enn ti kuyon 23 ans dir moi vous zot.,Par  enn ti couyon 20  ans dir moi vou sous zot.,0.21951219512195122,0.4,False,capitalization_error;spacing_error;extra_word_error
test,Kifer ine met foto lopital?,Kifer inn met foto lopital?,Kifer inn met foto lopitala?,0.037037037037037035,0.2,False,capitalization_error;spacing_error
test,Tou pe drese tigit tigit dan sa zoli ti pei la,Tu pe dresse tigit tigit dan sa zoli ti peyi la?,Tu pe drese tigit tigit dan sa zol ti pi pi pe pli la.,0.22916666666666666,0.6363636363636364,False,punctuation_error;capitalization_error;spacing_error;extra_word_error
test,Look at this recklees& irresponsible driving licence bizin sauter ca,"Look at this recklees & irresponsible driving, licence bizin saute sa.",Lok  at this rekekess siressponsibli birin gingngencencenn saizin sa ta ta ta ta ta ta ta ta ta ta ta ta ta ta ta ta ta ta ta ta ta ta ta ta ta ta ta ta ta ta ta ta ta ta ta ta ta ta ta ta ta ta ta ta ta ta ta ta ta ta ta ta ta ta ta ta ta ta ta ta ta ta ,2.9571428571428573,6.2727272727272725,False,punctuation_error;capitalization_error;spacing_error;extra_word_error
test,"Bizin action, pas du blablabla","Bizin action, pas du blablabla.",Bizin action pa  du bblblblablala.,0.22580645161290322,0.6,False,punctuation_error;capitalization_error;spacing_error
test,"[NAME], pas repone li. C ene fake account ki la zis pou alime difé. Li la zis pou creer la guerre. Samem so plezir piti la. Mo sagrin li li mank laffection","[NAME], pas reponn li. Se enn fake account ki la zis pu alime dife. Li la zis pu kree la guerre. Samem so plezir piti la. Mo sagrin li, li mank lafeksyon.","[NAME], pas  reponn li  e  enn fek kakkkkkiki ki zi  pa zi  i fii  i fin  li fer  e  e  e  e  e  e  e  e  e  pe  pe pe pe pe pe pa pe i li pa li li la la la la fan la la fan la fan la fan la fan la fan la fan la fan la fan la fan la fan la fan la fan la f",1.103896103896104,2.0,False,punctuation_error;capitalization_error;spacing_error;extra_word_error
test,Pas zis letchi un bout melondo dan sac plastic 75rs la rue Desforges,"Pas zis letchi, un bout melondo dan sac plastic 75 Rs la rue Desforges",Pas zis letchi nu bout melododododod sa sa sass pass s sa sar se sere serese.,0.5,0.9285714285714286,False,punctuation_error;capitalization_error;spacing_error;extra_word_error
test,"[NAME], 😀 c'est le minimum, prison ferme pour homicide volontaire ti puu marii mieux","[NAME], 😀 c'est le minimum, prison ferme pour homicide volontaire ti pu mari mieux.","[NAME],  e cest le limimmum mprisonn fer  porme  homici domion  oonti ti ti pu mimiii imii.",0.42168674698795183,0.8571428571428571,False,punctuation_error;capitalization_error;spacing_error;extra_word_error
test,Less li line fr so bonus li mme....,Les li linn fer so bonus li madame....,Less li linn frr so soon si limem..............................................................................................................................................................................................................................,5.947368421052632,0.625,False,punctuation_error;capitalization_error;spacing_error
test,Gros la plui rose belle lorage,"Gros la pluie Rose Belle, loraz.",Gros la pli  orsse belle lor gorge.,0.40625,0.8333333333333334,False,punctuation_error;capitalization_error;spacing_error;extra_word_error
test,Maziner sa vouyou ti zet lacid lor ou zenfant lerla tibzain welcome li avc bouquet fleurs,Mazine sa vouyou ti zet lasid lor ou zanfan lerla ti bizin welcome li avec bouquet fleurs.,Mazinn sa  vouy ti te zat lacid lo  zon  zanfann la bizin  le le la coule la  le la leu leu leure feure feure feure feure feure feure feure feure feure feure feure feure feure feure feure feure feure feure feure feure feure feure feure feure feure feure f,2.188888888888889,2.7058823529411766,False,punctuation_error;capitalization_error;spacing_error;extra_word_error
test,"Pe fer grimace ena pas ouler ou zanfan lire zot tou prend leson carrer. Ens cash pou aster datas, alle food court bey prend leson. Vine grand dimoune","Pe fer grimace ena pas oule ou zanfan lire zottu prend lesson carrer. Ena cash pu aster datas, ale food court bey prend lesson. Vinn grand dimunn.",Pe fer grrmacce en an pas lou  zan  zanfer  lo  ou  ou  enn  en  ans  as  as  as  as  a sa  a sa  a                                                        n  en  en  dinn denn denn dinn denn dinn dinn dinn dinn dinn dinn dinn dinn dinn dinn dinn dinn dinn,1.2534246575342465,1.5185185185185186,False,punctuation_error;capitalization_error;spacing_error;extra_word_error
test,Touletemp mo pense ça ban personne la zot aussi zot ena neznez bnla aussi servi zot lamain pour manger pas coût nous nnrien acheter ban sac poubelle nous mettre tous nous ordures dedans attache li bien pour facilite zot travaille ena parfois mo trouve l'etat certains dimun zot poubelle eski zot pas honteux 1tipeu manger par terre lichien p faire dégâts c'est 1lahonte pour ban personne ki pna l'ordre dans zot,"Tultan mo pense sa bann dimunn la zot osi zot ena neznez. Banla osi servi zot lamain pu manze. Pa kut nu nanyin aste bann sak poubelle, nu met tu nu lordir ladan, atase li bien pu fasilit zot travail. Ena parfwa mo truve leta sertin dimunn zot poubelle, eski zot pa onte enn tipe? Manze par terre, lisyen pe faire dégâts. C'est enn laonte pu bann dimunn ki pena lord dan zot.",Tuulemem po pens e sa bann personn la zot azot zot zan zan zan  ans  an  an  an  an  an  an  an  an  an  an  an  an  an  an  an  an  an  an  an  an  an  an  an  an  a sa sa sa  e  a  a sa  e  a  a  a  a  a  a  a  a  a  a  a  a  a  a  a  a  a  a  a  a  a  ,0.6613333333333333,0.9452054794520548,False,punctuation_error;capitalization_error;spacing_error;missing_word_error
test,"[NAME], ou pa fin compren larticle la. Pa fin dir ki docter pa pu ena dan lopital. Mai 1 sel docter pa capav travail 24h tou les jours san off ladan","[NAME], ou pa finn konpran lartik la. Pa finn dir ki docter pa pu ena dan lopital. Me 1 sel docteur pa kapav travail 24h tulezur san off ladan.","[NAME], ou pa finn compren lartille la  a fan  din di di di di pe dan  pa pa pa pa pa                                                                                                                                                                          ",0.5594405594405595,0.7931034482758621,False,punctuation_error;capitalization_error;spacing_error;missing_word_error
test,Mes sympathies mr.... Si ganja ti legalizer certain accident ti pu eviter.... Bku fim simik aprer pran volant dan sa morris la....🙏,Mes sympathies monsieur.... Si ganja ti legalize certain accident ti pu eviter.... Buku fim simik apre pran volant dan sa Moris la....🙏,Mes sympathiis m..... Si gagna li li le le le certien  cicinn ti ti ti ti ti ti et et . Mu i pa i pa  a man  ar an  ar an  ar an  ar an  ar an  ar an a ar an  ar an a ar an a ar an a ar an a ar an a ar an a ar an a ar an a ar an a ar an a ar an a ar an a ,1.3555555555555556,3.409090909090909,False,punctuation_error;capitalization_error;spacing_error;extra_word_error
test,"Kifer na pa fine dir ki la banque et met dimoune la so nom complet, cuma zot ti fer concernan 1 case la banque mcb desforge p. louis","Kifer pann finn dir ki la banque et met dimunn la so nom complet, kuma zot ti fer concernant 1 case la banque MCB Desforges, Port Louis.",Kifer na pa finn dir ki la bann e te met dimunn lom on  oome  ommem    oume          a     a  a  a  e                         sa bann  e so e   ou e  ou e  ou soure pe sou e  ou sou e pu soure pu soure pu soure pu soure pu soure pu soure pu soure pu soure,1.2720588235294117,1.7407407407407407,False,punctuation_error;capitalization_error;spacing_error;extra_word_error
test,"Vacances lecole inn fini, c la grande rentrer mo pe trouv. Somey in kac? Ena bann maison de retraite pe rod dimoun pou zwe domino pou fer letan pase. Ti pou bien bon pou toi","Vacances lekol inn fini, se la grande rantre mo pe truve. Somey inn kase? Ena bann maison de retraite pe rode dimunn pu zwe domino pu fer letan passe. Ti pu bien bon pu toi.",Cacances leccolle inn fini  la garander ernerre mo  o  o me     an  kan  an  an  an  an  dan den dende dinn de din  don  don  don  pu din  pu pu pe pu pe pu pe pu pe pu pe pu pu pu pu pu pu pu pu pu pu pu pu pu pu pu pu pu pu pu pu pu pu pu pu pu pu pu pu,0.953757225433526,1.6857142857142857,False,punctuation_error;capitalization_error;spacing_error;extra_word_error
test,GEL so plan ti REWARD Money,Gel so plan ti REWARD money.,Es  so plan  t    AMER Monny.,0.4642857142857143,0.6666666666666666,False,capitalization_error;spacing_error
test,Tension boule viré,Tension boule vire.,Tennsoon boule vire.,0.10526315789473684,0.3333333333333333,False,capitalization_error;spacing_error
test,Fini couyone zot la dimoune bien bet ine donne rs635 compensation apres bouss lizier ar night market,Fini kuyon zot la dimunn bien bet inn donne Rs635 compensation apre bouss lizye ar night market.,Fini kouyon zot la dimunn binn binn  nn dens so so sons sopent passe so so si  i  i  i ti are tart tarte tarte tarte tarte tarte tarte tarte tarte tarte tarte tarte tarte tarte tarte tarte tarte tarte tarte tarte tarte tarte tarte tarte tarte tarte tarte ,2.0,2.6470588235294117,False,punctuation_error;capitalization_error;spacing_error;extra_word_error
test,Ena sa quan ena fort escort pu prisonnier e pu li pas evade,Ena sa kan ena fort escort pu prisonnier et pu li pas evade.,Ena sa  uun enn for  sors purt pprisinn en pu pu pe pas e ave.,0.3333333333333333,0.8461538461538461,False,capitalization_error;spacing_error;extra_word_error
test,Mais dans sa 12hrs temps la même zot pas dans l'hôpital ena fois ou alle l'hôpital ena 1 sel docteur mais 24/7 la boucou faire dans zot la case ou soi dans cabinet privé,"Mais dans sa 12hr tan lamem, zot pas dans l'hôpital. Ena fois ou ale l'hôpital, ena 1 sel docteur. Mais 24/7 la, buku faire dans zot la case ou soi dans cabinet prive.",Mais dann sa 1hhrr tem pass mamme zot pas sa pass l'haplila la la la la la la la la la la le                                                                                                                                                                   ,0.6407185628742516,0.8787878787878788,False,punctuation_error;capitalization_error;spacing_error;missing_word_error
test,Seigneur seigneur protege tou nou bne conducteur mo trouv zis sa mm zrdi lor mo fbk seigneur🙏🏼,"Seigneur, Seigneur protez tu nu bann conducteur. Mo truve zis samem zordi lor mo Facebook Seigneur.🙏🏼",Seigneur se gigneur protege tu nn  nn conn coutu truve  t zot  zim zom                     e  e  e se en en ene en ene ense.,0.7227722772277227,1.375,False,punctuation_error;capitalization_error;spacing_error;extra_word_error
test,Tamtam,Tamtam.,Tamtama.,0.14285714285714285,1.0,False,capitalization_error;spacing_error
test,Mo pa compren kifer nou ena tendence juger critiquer alor qui c’est ene situation ki zamer noune viv coumadir si nou ti dan plass madame la nou ti pou kpav fer mieux li facil pou dir ki dan plass madame la nou ti pou fer tel ou tel choses mai nou pa koner ki madame p endurer ek so belles ser et surtou avec so mari pou line bizin res trankil tou sa letem la,"Mo pa konpran kifer nu ena tendence juger, kritik. Alor ki se enn situation ki zame nu viv, kumadir si nu ti dan plas madame la, nu ti pu kapav fer mieux. Li fasil pu dir ki dan plas madame la nu ti pu fer tel ou tel choses. Me nu pa kone ki madame pe endurer ek so belser, et surtout avek so mari, pu linn bizin res trankil tusa letan la.",Mo pa compren kifer  n  nn enn tendene eu e creti quriqui  u  e  e se  et  ite  i ti n  a  i n  a  a  a  a  a  a  a  a  a  a  a  a  a  a  a  a                                                                                                                 ,0.696165191740413,0.9315068493150684,False,punctuation_error;capitalization_error;spacing_error;missing_word_error
test,Ici car mem to met la loi pendi si pa pu servi narien parceki mangere kk pa manké dan maurice,"Ici karmem to met la loi pendi si, pa pu servi nanyin parski manze kaka pa mank dan Maurice.",Ici carr mem to met la lo peidi di pi pu pu se previrinn parien  an ekan kan kan  ana kan  aan  aan ana dann mann dann mann danare dana cann danare cana cann danare cana cann danare cana cann danare cana cann danare cana cann danare cana cann danare cana ,2.010869565217391,2.4210526315789473,False,punctuation_error;capitalization_error;spacing_error;extra_word_error
test,Arret boire apres rouler do. Met la vie dimounes danger,Aret boire apre roule dow. Met lavi dimunn danger.,Arret boire apres roule do e te la  i diminn danne danne engere.,0.42,1.2222222222222223,False,punctuation_error;capitalization_error;spacing_error;extra_word_error
test,Ena problem dans nous ti Île la zot azordi sa kantiter accident la pas facile sa bien chagrin ek bien triste 😢,"Ena problem dans nous ti île la. Zot, azordi sa kantite accident la pas facile sa bien chagrin ek bien triste. 😢",Ena probblem dann nous  i  la la zot azoz dar danditie ta dancete ta dance  a caise  a binn  e binn e binn ti er ie ti ti ti ti er ti ti ti ti er ti ti ti ti er ti ti ti ti er ti ti ti ti er ti ti ti ti er ti ti ti ti er ti ti ti ti er ti ti ti ti er ti t,1.6160714285714286,3.1818181818181817,False,punctuation_error;capitalization_error;spacing_error;extra_word_error
test,ki dimun dans moris pas cne lendroit goodlands bizin cass cass zot lezo kumsa mem sa bne droguer la,Ki dimunn dans Moris pas kone landrwa Goodlands? Bizin kase kase zot lezo kumsamem sa bann droguer la.,Di dimunn dans moriss pas enn lenderotogoodi dond sizin sa sass zoz sa zom zom  a me      a  e  a  e  a  er e  are la  are la  are la er la  are la  are la er la  are la  are la er la  are la  are la er la  are la  are la er la  are la  are la er la  are ,1.892156862745098,3.3333333333333335,False,punctuation_error;capitalization_error;spacing_error;extra_word_error
test,Sa semaine la chikun. Next wik covid. 1 sel cou tan pak nipa,Sa semaine la Chikungunya. Next week Covid. 1 sel kude tande pak Nipah.,Sa semainn la chikun  ett ki kiki ko  1 1 se         a ka pa kan panpanpapapapapapapapapapapapapapapapapapapapapapapapapapapapapapapapapapapapapapapapapapapapapapapapapapapapapapapapapapapapapapapapapapapapapapapapapapapapapapapapapapapapapapapapapapapapa,3.1267605633802815,1.0,False,punctuation_error;capitalization_error;spacing_error;extra_word_error
test,Pou patients pas sauver,Pu patients pas sove.,Pou pattinn sa sa sauver.,0.47619047619047616,1.25,False,capitalization_error;spacing_error;extra_word_error
test,Mon dieu mo ena limpression 1 film ki p jouer,"Mon Dieu, mo ena limpresyon, 1 film ki pe jouer.",Mon diee mo  ena limpressonn 1 fili  ki pe ku pu eu ere.,0.3541666666666667,0.7,False,punctuation_error;capitalization_error;spacing_error;extra_word_error
test,1bn kk fss lor lettre zot meter ale ebene height kn ale lba direkter la dir mes p couyone dmune zot pa pou kpv fr oken transfer pa so domaine sa bzin ale mitd sa kou la kan ale lba zot dir bzin atan 1mois moem mo nepli cmp zot p tourne dmune en bourik zrdi le 9 lekol admission lundi 1ferfout lettre pane ggner v dir si pa ti ale mes pa ti pou cne 1ferfoute zot fr tou a lenvers ek lorla pli zoli directer mes dir li pa pou kpv fr nnr ek li pa cne nnr li bzin ale Ministere Ledikasyon lba o6 mem couyonad ine eariv lher pou sanz sa system kk la,"1 bann kaka fesse lor lettre. Zot ale Ebène height, kan ale laba direkter la dir mes pe kuyon dimunn. Zot pa pu kapav fer okenn transfer, pa so domaine sa, bizin ale MITD. Sa kut la kan ale laba, zot dir bizin atann 1 mois. Moem mo nepli konpran. Zot pe tourne dimunn en bourik. Zordi le 9, lekol admission lundi, 1 ferfoute lettre pann gagne. Vdire si pa ti ale MES, pa ti pu kone 1 ferfoute. Zot fer tu a lanver ek lor la plis zoli direkter MES dir li pa pu kapav fer nanyin ek li pa kone nanyin. Li bizin ale minister ledikasyon laba osi. Mem kuyonad inn arrive ler pu sanze sa system kaka la.",1bnn kkk kss lor le tet zot met ee ee ee ee ehe he hethe  a ban  la dire la dire                  pu  ou   pu  ou                                                                                                                                              ,0.8355704697986577,0.9504132231404959,False,punctuation_error;capitalization_error;spacing_error;missing_word_error
test,Aster sommeil case. Pendant 2025 cote ti ete pas ti trouve sa ban problem la. Fin faire abc,"Aster, sommeil kase. Pendant 2025, kot ti ete? Pas ti truve sa bann problem la. Fin faire asize bez kas.",Aster sommeil casse. Penn t 202020  tot tt tt tt tt tt tt ti vi van  a bann  bann la bann  aire a bani ban  ari ban  ai ban ban ban ban ban ban ban ban ban ban ban ban ban ban ban ban ban ban ban ban ban ban ban ban ban ban ban ban ban ban ban ban ban ban,1.8557692307692308,2.95,False,punctuation_error;capitalization_error;spacing_error;extra_word_error
test,B patron kamion lameme pas sofer la patron lamem ine bzn ibe arose lapolice pou protez so kamion lor laroute sofer la kav pna lisense nanier la si pas bouG roD sofer la sort nil akoz so patron in aroser,"B patron kamion lamem, pas sofer la. Patron lamem inn bizin inn arose lapolis pu protez so kamion lor la route. Sofer la kapav pena license nanyin. La si pas bouge rode sofer la sort nil, akoz so patron inn arose.",B patron  kamion lamem pas so for la partonn lamen bizin binn bizon  po po po po por zot zon lo  o  o  la  o  la  la  a  a  a  a  a  a  a sa sa sa so so  o  o  o  o  o  o  o  o  o  o  o  o  o  o  o  o  o  o  o  o  o  o  o  o  o  o  o  o  o  o  o  o  o  o ,0.704225352112676,1.6097560975609757,False,punctuation_error;capitalization_error;spacing_error;extra_word_error
test,[NAME] imbecile vagabond coureur de jupon,"[NAME] inbesil, vagabond, coureur de jupon.","[NAME], mebecile  aagand kou eure de dunu puponn.",0.46511627906976744,1.1666666666666667,False,punctuation_error;capitalization_error;spacing_error;extra_word_error
test,Si zot dir be safe b kifer p met veille,"Si zot dir be safe, b kifer pe met veille?",Si zot dir be bafe be bifer pe pe met velile.,0.23809523809523808,0.5,False,punctuation_error;capitalization_error;spacing_error;extra_word_error
test,"Person pa parfait lr sa la terre la. Arret juge sa boug la, dimoune la pu sa, zt fort lr critic. guet sa ministre ti Kokin maquillage la. moi mo bien apprecier so bnn humour, ln bien fr nu riyé. Res fort frere pa dcourager","Personne pa parfait lor sa la terre la. Aret juge sa boug la, dimunn la pu sa zot fort lor critic. Get sa ministre ti kokin maquillage la. Moi mo bien apprecier so bann humour. Inn bien fer nu riye. Res fort frere pa decouraze.",Personn pa parfitt lla la la ter la re  e gu gu gu gu  u  u  u  u  u  u  u                                          i ti ti ti ti in    i in                                                                                                                   ,0.6651982378854625,0.9333333333333333,False,punctuation_error;capitalization_error;spacing_error;missing_word_error
test,Ou bzn guete ou bien ek ou enfant ki concubin ou prn. Priorite ou enfant,Ou bizin get ou bien ek ou enfant ki concubin ou pran. Priorite ou enfant.,Ou bzznn gete ou bien ek ku fann kin koncoubinn  our  prriret  n fann fannnfann.,0.43243243243243246,0.7333333333333333,False,punctuation_error;capitalization_error;spacing_error
test,"[NAME], cest vre plito lin manz so kou lapolice nek vine mt n menot dans lamain fini lavenir kouma pou viv ou dan prison madam zenfant so koter ayo gan frisson kn mazine sa ki bondieu protez nou noou pa vine nerport avec banne nerport","[NAME], se vre plito linn manze so kut lapolis nek vinn met enn menotte dans lamain fini lavenir. Kuma pu viv ou dan prison madam zanfan so kote ayo gagne frisson kan mazine sa. Ki Bondieu protez nu. Nu pa vinn nerport avec bann nerport.","[NAME], cest  ver plito li lan manz so ko plollice celinn nn nn menn menn mann mann  na n  ann  ann  an inn  an  an  a  a  a  a  a  a  an  an  an  an  an  an  an  an  an  an  on  on  on  an  on  on  on  an  n  on  n  an  n  n  n  n  n  n  n  n  n  n  n  n",0.6540084388185654,1.3777777777777778,False,punctuation_error;capitalization_error;spacing_error;extra_word_error
test,Aiguille laaa pou fr longanis saa asking for a frnd,Aiguille la pu fer longanis sa? Asking for a friend.,Aiguille laa pu fer fon gannsssa anki gan  for farrd.,0.34615384615384615,0.7,False,punctuation_error;capitalization_error;spacing_error
test,"[NAME], no 15 to liyie cotter","[NAME], nimero 15, to lizye kote?","[NAME], no 1 1  ot liyi e cottere.",0.48484848484848486,1.1666666666666667,False,punctuation_error;capitalization_error;spacing_error;extra_word_error
