split,input_text,target_text,prediction,sentence_cer,sentence_wer,exact_match,error_categories
test,Li fer client fume bred mourom saaa,Li fer client fume bred mourom sa.,Li fer  llinnt fume bere dourmommamasasaaaaa.,0.5,0.5714285714285714,False,capitalization_error;spacing_error;missing_word_error
test,Eski pou ena lekol demain????? Svp,Eski pu ena lekol demain????? Svp.,Eski pu  ena lekol deman???????,0.20588235294117646,0.3333333333333333,False,punctuation_error;capitalization_error;spacing_error;missing_word_error
test,"1danger public. bzn bez fermer pna caution,cbn case lor li la","1 danger public. Bizin bez ferme pena caution, se bann case lor li la.",Gdannger public.. Bizbbez zer en pa pauticonconconconce ll lllllllllllllllllallalallalalallalallalallalallalallalallalallalallalallalallalallalallalallalallalallalallalallalallalallalallalallalallalallalallalallalallalallalallalallalallalallalallalallalal,3.1,1.0,False,punctuation_error;capitalization_error;spacing_error;missing_word_error
test,Bientôt cryptoplok pou ale ramasse savonnette 🤣😂,Bientôt cryptoplok pu ale ramasse savonnette. 🤣😂,Bientt ccryppopoloko pu ale ramasssasse savannetet.,0.3125,0.7142857142857143,False,capitalization_error;spacing_error;missing_word_error
test,Espere li pa gn lagard de l'enfant,Espere li pa gagne lagard de l'enfant.,Espere li pa gang lagarddde lennfanfannt.,0.23684210526315788,0.5714285714285714,False,capitalization_error;spacing_error;missing_word_error
test,Parent ki penser si pa met leson piti la pa pou passer mo ena ene tifi zamer lin pren leson dan so la vie et pourtan lin travay super bien lin mem participe dan ban competition kot lin gagner zordi li p alle universite malgre li pa ti pren okaine leson et li ti tou l temp z best dan so classe dan recre li ti p aide ban zenfan ki ti p pren leson et pa ti p conne zte devoir li re explik zte li ti coma ene ti miss,"Parent ki pense? Si pa met lesson, piti la pa pu passe. Mo ena enn tifi zame linn pran lesson dan so lavi et pourtan linn travail super bien linn mem participe dan bann competition kot linn gagne. Zordi li pe ale universite malgre li pa ti pran okenn lesson. Et li ti tultan the best dan so classe. Dan recre li ti pe aide bann zanfan ki ti pe pran lesson et pa ti pe kone zot devoir li re eksplik zot. Li ti kuma enn ti miss.",Parent ki pense si pa met le sonn pi pi pa pa pa pe pe sa se  en  en  en  en  en  la fen  la  la  la  la  la  la  la  inn  la  inn  la pe  inn  an    pa pe  inn  an    pa pe pa pe pa pe pa pa pe pa pa pa pa pa pa pa pa pa pa pa pa pa pa pa pe pa pa pe inn,0.6173708920187794,0.898876404494382,False,punctuation_error;capitalization_error;spacing_error;missing_word_error
test,Kan la met 3 crédit pou hsc ça pas incite ban élève moyen travail plus. Ban ce k brillant pou rest top zot. Tandis ce ki ena trois crédit li dire pas casse la têteo coner mo pou fair hsc. Beaucoup ban ce ki ena 3 crédit bizin faire 3 ans au lieu 2 ans hsc pou gagne ene résultat correct sinon résulta la faible dan la majorité des cas. Pou universitaire bizin ena ene bon bagage. La dans cpv ena 1 ou 2 exception mais en général non. Mo garanti ki le taux de réussite pou chuter encore l’année prochain. Ca quantité resource ki ene parent bizin et ki l’état dépenser mo trouver li mouilleur pou 3 crédit alle vers polytechnique ou technique parceki dans trois ans la bas ou sorti avec ene certificat ki permettre ene employabilité instantané. Moi mo fine faire l’expérience et avec preuve à l’appui mo cpv challenge n’importe ki que ce soit,Kan la met 3 crédit pu HSC sa pas incite bann élève moyen travail plus. Bann seki brillant pu reste top zot. Tandis seki ena trois crédit li dire pas kase la tête kone mo pu fer HSC. Beaucoup bann seki ena 3 crédit bizin faire 3 ans au lieu 2 ans HSC pu gagne enn résultat correct sinon rezilta la faible dan la majorité des cas. Pu universitaire bizin ena enn bon bagage. Ladan kapav ena 1 ou 2 exception mais en général non. Mo garanti ki le taux de réussite pu chuter encore l’année prochain. Sa quantité resource ki enn parent bizin et ki l’état dépenser mo truve li meilleur pu 3 crédit ale vers polytechnique ou technique parski dans trois ans laba ou sorti avec enn certificat ki permettre enn employabilité instantané. Moi mo finn faire l’expérience et avec preuve à l’appui mo kapav challenge n’importe ki que se soit.,Kan la met  c rcrddit pu sh sa sa sa si cinn bann  lave le lave la la la  la   bann                                                                                                                                                                            ,0.9032648125755743,0.9477124183006536,False,punctuation_error;capitalization_error;spacing_error;missing_word_error
test,Ena 1 prof dan 1 college privee a flacq ki fer computer science mem li pa fer so travail bien dan college lin ramasse tou eleves e donne zot leçon li monte ban eleves so la tete contre les autres prof e prnd les autres prof so eleves si pu li so class leçon computer science rempli e les autres prof zot class pena mem eleve leçon miss la bizin fer so travail honetement dan lekol mem en 1er aulieu monte la tete eleve,"Ena 1 professur dan 1 college prive a Flacq kifer Computer Science. Mem li pa fer so travail bien dan college linn ramasse tu zelev et donne zot leçon, li monte bann eleves so latet contre les autres professeur et prnd les autres professeur so zelev si. Pu li so class leçon Computer Science rempli et les autres professeur zot class pena mem zelev leçon. Miss la bizin fer so travail honetement dan lekol mem en 1er aulieu monte latee zelev.",Ena 1 proffe dann 1  ollege preve  ala facce fer ki ki ceme ceme ceme ci e                                       la  e la le la le la le la le le le le le le le le le le  le le le  le le le  le le  le le  le le  le  le  le le  le  le  le  le so e  le  le ,0.6447963800904978,0.9382716049382716,False,punctuation_error;capitalization_error;spacing_error;missing_word_error
test,Pa ou garçon kin fer crime.. Ok... B la levre ek nene la kisana ti morde madame🤣🤣🤣🤣🤣..,Pa ou garçon kinn fer crime.. Ok... B la levre ek nene la kisanla ti morde madame🤣🤣🤣🤣🤣..,Pa ou garronn kinn fer  reme............. La le ee enn enn  an a an  mamade mamademama.🤣🤣🤣🤣🤣🤣🤣🤣🤣🤣🤣🤣🤣🤣🤣🤣🤣🤣🤣🤣🤣🤣🤣🤣🤣🤣🤣🤣🤣🤣🤣🤣🤣🤣🤣🤣🤣🤣🤣🤣🤣🤣🤣🤣🤣🤣🤣🤣🤣🤣🤣🤣🤣🤣🤣🤣🤣🤣🤣🤣🤣🤣🤣🤣🤣🤣🤣🤣🤣🤣🤣🤣🤣🤣🤣🤣🤣🤣🤣🤣🤣🤣🤣🤣🤣🤣🤣🤣🤣🤣🤣🤣🤣🤣🤣🤣🤣🤣🤣🤣🤣🤣🤣🤣🤣🤣🤣🤣🤣🤣🤣🤣🤣🤣🤣🤣🤣🤣🤣🤣🤣🤣🤣🤣🤣🤣🤣🤣🤣🤣🤣🤣🤣🤣🤣🤣🤣🤣🤣🤣🤣🤣🤣🤣🤣🤣🤣🤣🤣🤣🤣🤣🤣🤣🤣🤣🤣🤣🤣🤣🤣🤣🤣🤣🤣🤣🤣🤣,2.272727272727273,0.7647058823529411,False,punctuation_error;capitalization_error;spacing_error;missing_word_error
test,Meteo maurice nkor p veye lapli li,Meteo Maurice ankor pe veye lapli li.,Mete maurice nnkor pe veye laplililili.,0.1891891891891892,0.7142857142857143,False,capitalization_error;spacing_error;missing_word_error
test,Dan sa video particulier laaa van la ti p deja roule r full phare ena different circonstances kot sa accident laa in kav ariv soffer van laa ou camion laa pa ti atan pu ariv 1 tragedie parey pa nek dur sipa chauffeur van laa en tord ou soi camion laaa entord paski personne pa ti laba sa ler kin ariv sa accident laaa pa nek juge dmun kmsaaa paski jur dmun pu juge ou ou pa pu kntn,"Dan sa video particulier la, van la ti pe deza roule ar full phare. Ena different circonstances kot sa accident la inn kapav arrive. Sofer van la ou camion la pa ti atann pu arrive 1 tragedie pareil. Pa nek dur sipa chauffeur van la en tort ou soi camion la antor parski personne pa ti laba sa ler kinn arrive sa accident la. Pa nek juge dimunn kumsa parski zur dimunn pu juge ou ou pa pu kontan.",Dan sa vide pa particililer la avan la              la  la la fer fer fer fer cifer cinn cant cant cant sa  a  a  a  a  a a  a a  a a  a a  a a  a a  a a  a a  a a  a a  a a  a  a a  a  a  a  a  a  a  a  a  a  a  a  a  a  a  a  a  a  a  a  a  a  a  a  a  ,0.6363636363636364,0.9620253164556962,False,punctuation_error;capitalization_error;spacing_error;missing_word_error
test,License sa sofar la bizin cancell pa capave tous les jours tan sa banne accidents pareille nous public nous la vie bien en danger kan nous p sorti pa sure nous p retoune la caze mes sympathy as la famille que son ame repose en paix,License sa sofar la bizin cancel. Pa kapav tulezur tande sa bann accidents pareil. Nous public nous lavi bien en danger. Kan nous pe sorti pa sure nous pe retoune lakaz. Mes sympathy à la famille. Que son âme repose en paix.,License sa soffar la bizin canncellla papave tu sous  u sous sa san  ans sa bann san  pu sa binn  n  n  n  n  n  n  n  n  n  an  n  an                                                                                                           a sa sa sa sa ,0.7276785714285714,0.9047619047619048,False,punctuation_error;capitalization_error;spacing_error;missing_word_error
test,Espérons légume la vine bon marché et vende dan tou coin et boutique marketing board. Li pa mauvaise si li controle par l'état capave ene li choux pou vend 10rs 1lbs aricot 25 rs ban marchand legume la va arête tir Nous manger si se comsa ok. Li vaut la peine.,Espérons légume la vinn bon marse et vande dan tu coin et boutique marketing board. Li pa mauvaise si li controle par l'état kapav enn li choux pu vend 10rs 1lbs aricot 25 rs bann marchand legume la va aret tire Nous manze si se comsa ok. Li vaut la peine.,Espérons légume la  a vinn bonn marche  e dende dann  ou  out  outi u bant  bant bant gant gant  a a  a  a                                                                                                                                                     ,0.6875,0.9411764705882353,False,punctuation_error;capitalization_error;spacing_error;missing_word_error
test,Mes sympathy et courage la fami mon pase laba ver 06:45am pompiyer ti lave sime…… ena dimoune pas souvi code de laroute pa mo pe dire…… ce pour sa ki ena boku accident lor nou larout moris,"Mes sympathy et courage la fami. Mon passe laba ver 06:45 am, pompier ti lave sime…… ena dimunn pas suive code de la route pa mo pe dire…… se pour seki ena buku accident lor nu la route Moris.",Mes sympathyy  ou couregle la fammi mans pa sa  e          pa pempe pe pe pe  ime  i e                                                                                                                                                                         ,0.6666666666666666,0.8974358974358975,False,punctuation_error;capitalization_error;spacing_error;missing_word_error
test,"Everyone has undergo private tuition to pass exams... Karmem ou malin or faible... C 1 system ki 2 letemps ti laaa, so ban parents truv sa efficace envoy zot zenfants pour passc et amem bon resultat... Aster si ena pli ki bizin zenfants croire lor 1 prof.... Kuma pour aret sa????... Laise prof laa faire so travail kuma li envi..","Everyone has undergone private tuition to pass exams... Karmem ou malin or faible... Se 1 system ki 2 letan ti la, so bann parents truve sa efficace anvoy zot zanfan pour passe et amem bon rezilta... Aster si ena plis ki bizin zanfan croire lor 1 professeur.... Kuma pour aret sa????... Laisse professeur la faire so travail kuma li anvi..",Everyonn  aas dunder proivat tittition to pass samss... Mamams mamin  o la    se    se    se      se                                                                                                                                                           ,0.7640117994100295,0.95,False,punctuation_error;capitalization_error;spacing_error;missing_word_error
test,"1 seul zafaire mo pou dire, karma, toi ki pa pe faire travail kuma bizin kot dimoune pe souffert acoz zot, be ena enn bon dieu la haut, zot pou ran compte avec sa bon dieu la haut la, la vie courte, demain nou pa conais si nou pou reussi lever ou bien rest dormi meme permanant... Alors faire bon travail, arrete faire du torr zot prochain, zot pêcher zot pou bizin paye sa lor la terre meme avant kit sa la terre la","1 seul zafer mo pu dire: karma, toi ki pa pe faire travail kuma bizin kot dimunn pe souffert akoz zot, b ena enn Bondieu la haut. Zot pu rande compte avec sa bon la haut la, lavi courte. Demain nu pa kone si nu pu resi leve ou bien reste dormi mem permanant... Alors faire bon travail, aret faire ditor zot prochain, zot peche zot pu bizin peye sa lor la terre mem avant kite sa la terre la.",1 seull zafarre mo  pu dire  kar  o mo  i pa pe pa pa pa a  a  a  a maizin  kot  ou  ou  ou  ou  e  ou  e  ou  e  ou  e                                                                                                                                        ,0.7493606138107417,0.925,False,punctuation_error;capitalization_error;spacing_error;missing_word_error
test,sancer bane CID la bane bon dimoune sa kel blague,Sanse bann CID la bann bon dimunn sa. Kel blague.,Bancer bann       a bann bonn dimunn sa kale blele.,0.32653061224489793,0.7,False,punctuation_error;capitalization_error;spacing_error;missing_word_error
test,Bizin prend sa un compte pays pas pou person so papa,"Bizin prend sa un compte, pays pas pu personne so papa.",Bizin prend sa  u no pompe paysppasspppu pessonso poppapapapapapapapapapapapapapapapapapapapapapapapapapapapapapapapapapapapapapapapapapapapapapapapapapapapapapapapapapapapapapapapapapapapapapapapapapapapapapapapapapapapapapapapapapapapapapapapapapapapapa,3.8727272727272726,0.7272727272727273,False,punctuation_error;capitalization_error;spacing_error;missing_word_error
test,Ce normal tou ce ki dirige sa peuple la. Pou ena tout sa largent la. Apres ene dimoune ena 25 case pa ale dan prison. Ene ti dimoune vol un pain vini rentre dan prison ce. Li pena kase. Li rest dan prison. Couma pou apelle sa. Linjustice. Dieu et grand pou sa bann ti dimoune. Government tout dan zot la main. Personne meme magistrate fer 2 eme are zot. Pena jusment ni prison pou zot. Deor president ale prison. Ans. Nius suivi sa de pre,Se normal tu seki dirige sa peuple la. Pu ena tu sa larzan la apre enn dimunn ena 25 case pa ale dan prison. Enn ti dimunn vol un pain vini rantre dan prison se li pena kas li reste dan prison. Kuma pu apel sa? Linzistis. Dieu est grand pu sa bann ti dimunn. Government tu dan zot la main. Personne mem magistrate fer 2eme ar zot pena zizman ni prison pu zot deor president ale prison. And nous suivi sa de pre.,Ce normal  ou ce ki dirige sa pe pe pu la  au ta ta ta gare tangen  an  n                                                                                                      inn  n  n  n  pa pa pe pa pe pa pe pa pe pa pe pa pe pa pe pa pe pa pe pa pe pa ,0.6763990267639902,0.9642857142857143,False,punctuation_error;capitalization_error;spacing_error;missing_word_error
test,Big respect to them. Moi mo toujours mette tous mo ban ordures dans ene sac poubelle et attache li bien. Kan mo tane camion p vini ler la mo tire mo sac ordered mo mette dehors. Si ou mette depi bonheur lichiens dechire sac la et fane sa partout,Big respect to them. Moi mo toujours met tu mo bann ordures dans enn sac poubelle et attache li bien. Kan mo tande camion pe vini ler la mo tire mo sac ordered mo met dehors. Si ou met depi bonheur lichiens dechire sac la et fane sa partu.,Big resseect to them mo moo ou uour stu met tou so so don  on dann sa sa bann se  e  a bane  e                                                                                                                                                                 ,0.7071129707112971,0.9183673469387755,False,punctuation_error;capitalization_error;spacing_error;missing_word_error
test,"[NAME], frere ena shift system","[NAME], frere ena shift system.","[NAME], ffere ena shiffetssse.",0.22580645161290322,0.6,False,spacing_error;missing_word_error
test,Mn ti choisy zordi mn trouve 1 ti garcon p pleurer mn demand li ji ariver li dir mw li rod sn mamam ki apel [NAME] mw ek mn tifii nou pren garcon nou ale rod sn maman e nou reusi trouve snn famille e nou kit li avc sn grand mere,"Mo ti Choisy zordi. Mon truve 1 ti garson pe pleurer, mon demande li ki arrive li dir mwa li rode so mamam ki apel [NAME]. Mwa ek mo tifi nu pran garson nu ale rode so maman. Et nu resi truve so famille et nu kite li avec so gramer.",Mnn ti choisy zor din mon truve 1 ti gar on pe pe pe demend dimen  li dir dir dir dir dir di                  mam    me      mam                                                                                                                               ,0.5862068965517241,0.9019607843137255,False,punctuation_error;capitalization_error;spacing_error;missing_word_error
test,Sc fail waste of resources and money rembourse si pa passe,SC fail. Waste of resources and money. Rembourse si pa passe.,Sc faill waste oo resouresse  ann monnye  roures si spasspessesse.,0.39344262295081966,0.9090909090909091,False,punctuation_error;capitalization_error;spacing_error;missing_word_error
test,Lopital toultemp problem papa,Lopital tultan problem papa.,Lopitall toulemppproblem mpapapapa.,0.39285714285714285,1.0,False,capitalization_error;spacing_error;missing_word_error
test,"[NAME], premier janvier bouillon poisson satini coco","[NAME], premier janvier bouillon poisson satini coco.","[NAME], premimer  anni boulilonoonoosossonsonssonn saicicococoocoocoo.",0.5849056603773585,0.8571428571428571,False,capitalization_error;spacing_error;missing_word_error
test,Cyclone la kas nisa... 🤔,Cyclone la kas nisa... 🤔,Cyclonn la kas nnss........,0.3333333333333333,0.6,False,punctuation_error;spacing_error;missing_word_error
test,Nou niveau education in bien baisse comparer avec 30 ou 35 ans de cela et lors la aussi ena zenfants trouve sa difficile pou gagne 5 credits,Nu niveau education inn bien bese comparer avec 30 ou 35 ans de cela. Et lor la osi ena zanfan truve sa difficile pu gagne 5 credits.,Nu nniveu educctionn inn binn baise compe                                           a sa sa sa sa sa fans  anfen  a fanfer sa fer                                                                                                                              ,0.5714285714285714,0.8888888888888888,False,punctuation_error;capitalization_error;spacing_error;missing_word_error
test,Enta piago zt 🥝 ine bousser la,Enta piago zot 🥝 inn bouss la.,Enta piigo zzt  inn bousser la.,0.16666666666666666,0.5714285714285714,False,capitalization_error;spacing_error;missing_word_error
test,N professor ki travaille lekol apres lheur llekol p donne lecon prive ek p prend 30 a 40 eleve dns lecon la bizin pa alle bane parent ek zenfant bzn kne fr le choice simple ena professor ki prend zis 10 a 15 eleve ek ki vrement fr zenfant la arrive ek zenfant lamm ou truv bane seki gourmand kass la ou pu fni truve,"Enn professor ki travail lekol, apre ler lekol pe donne lesson prive ek pe prend 30 a 40 zelev dans lesson la. Bizin pa ale, bann parent ek zanfan bizin kone fer le choice. Simple. Ena professor ki prend zis 10 a 15 zelev ek ki vremem fer zanfan la arrive, ek zanfan lamem ou truve. Bann seki gourmand kas la, ou pu fini truve.",NApprofesssor  ki travavallle leklle la pere le le le le lole lo lon pe pe pe pe pe pe pe pe  e  e                                                                                                          e  e  e  e  e  e  e  e  e  e  e  e  e  e  e  e  e  ,0.6758409785932722,0.9692307692307692,False,punctuation_error;capitalization_error;spacing_error;missing_word_error
test,Humain pli ale pe degrade zot nepli ena pitie pu le autre... Cuma ou kav pa pense sa ban dimoun ki kan ou p dormi banla p met devan ou la porte prope. Mentalite et leker prope li trouve dan ou action de tout le jur. Merci a sa ban dimoun ki contribute pu aide nu tout le jur. Respect,Humain plis ale pe degrade zot nepli ena pitie pu les autre... Kuma ou kapav pa pense sa bann dimunn ki kan ou pe dormi banla pe met divan ou la porte prope... Mantalite et leker prope li truve dan ou action de tu le zur. Merci a sa bann dimunn ki contribute pu aide nu tulezur. Respect.,Humain pli la ee derder dot zot pe pe pi pe pu pu pu pu pu pu pu pa pa pa pa pa pa pa  an  an                                                                                                                                                                  ,0.7491289198606271,0.9482758620689655,False,punctuation_error;capitalization_error;spacing_error;missing_word_error
test,Ena beser la tonn bless so l'orgueil femme la pren so mari meg 😂😂😂 pas bon to faire dimoun redi la vein coumsa 😏😏 (you know what i mean by lavein 🫣🤭),"Ena bez la: tonn bless so l'orgueil femme la, pran so mari meg 😂😂😂 Pas bon to faire dimunn redi la vein kumsa 😏😏 (you know what I mean by lavein 🫣🤭).",Ena beese la tonn blel so soor lorgelile leme la pe mar                                o  o  o  o  o  i dinn  a  i din                                                                                                                                         ,0.5973154362416108,0.90625,False,punctuation_error;capitalization_error;spacing_error;missing_word_error
test,"D foi en tant ki parent nou linstinct protekter pren le decu, mais pou etre ene bn parent nou bzin osi cne laisse nou zenfan recolt cki li semer, pou li ggn lecon. Ceki pli dure, perso mo cmpren madam la p rod ene raison.. Mais pa v dr ki li ena raison","Des fwa entant ki parent nu linstin protekter pran le desu, mais petet enn bann parent nu bizin osi kone laisse nu zanfan recolte seki li semer, pu li gagne lesson. Seki plis dure, perso mo konpran madam la pe rode enn raison.. Mais pa vdire ki li ena raison.",D foi enn tant ki parent nn nn nnntintint trottek perte pe e  e  e  e  e  e  e  e  n  n  n  n  n  n  n  n  n  n  n  n  n  e  e                                                                                                                                 ,0.6833976833976834,0.98,False,punctuation_error;capitalization_error;spacing_error;missing_word_error
test,Sa 1 grnd kouyoner sa lin fni trv kaka ti fan r li lin perdi dimune so cnfiance li nek amen sa rol sanc lin sanz met bajou kurta fr namaz tusala p kouyon dimune zis pu gn kass apre ladan t gn 1 bhai long long labarbe fr video sanc p fr par million li ek so tifi sipa koi dan morice liem pli grnd swindle kiena la pur le moment,"Sa 1 grand kuyon sa. Linn fni truve kaka ti fane et li linn perdi dimunn so confiance. Li nek amenn sa role sanse linn sanze: met bajou, kurta, fer namaz. Tusala pe kuyon dimunn zis pu gagne kas apre ladan to gagne 1 bhai long, long labarbe fer video sanse pe fer par million, li ek so tifi sipakoi. Dan Moris limem plis grand swindle kiena la pour le moment.",Sa 1 grrnd kouyon sa  inn finn tr va kaki fin   i  inn  inn  inn  inn  inn  n  nn  nn  n  n  n  n  ann  ann  an  an  an  an  an  an  an  an  a  a  a  a  a  a  a  a  a  a  a  a  a  a  a  a  a  a  a  a  a  a  a  a                                            ,0.6323119777158774,0.971830985915493,False,punctuation_error;capitalization_error;spacing_error;missing_word_error
test,Hats off [NAME]. To p fer n zoli travay. Continier bro. Sensibilise la population,Hats off [NAME]. To pe fer enn zoli travail. Kontiyn brother. Sensibilise la population.,Hats offff [NAME]  o pe fer zon  zolit at antinn bonnibiiii binilisililililililililili.,0.5,0.7857142857142857,False,punctuation_error;capitalization_error;spacing_error;missing_word_error
test,La p dire suspect en cavale b video bater p dire li jette lacide apres line rode sauver samm li ti p gne bater kmsa b kuma suspect kpv en cavale. met 1 lorde dan zistoire la pou pena confussion do,"La pe dire suspect en cavale, b video bate pe dire li jette lasid apre linn rode sove. Samem li ti pe gagne bate kumsa, b kuma suspect kapav en cavale? met 1 lord dan zistwar la pu pena confussion dow.",La pe dire susse cent en cavale bie be bate  dire  e di e le le le la dire la dire  la dine  a  e                                                                                                                                                              ,0.6368159203980099,0.8536585365853658,False,punctuation_error;capitalization_error;spacing_error;missing_word_error
test,Quand guét sa video la trouver bien claire ki van 15place p fullphare camion b r sa signal mwa mo comprnd ki van la p donne mwa chemin pou mo debourser et saem chauffr camion la ine faire van ki entore d'aprés lorde ti p rode l'argent lassurnce sa ou donne signal fullphare et lerla ou alle bour sa r li,"Quand get sa video la truve bien claire ki van 15 place pe full phare camion. B ar sa signal, mwa mo comprend ki van la pe donne mwa chemin pu mo debouse et samem chaffeur camion la inn faire. Van ki antor dapre lord ti pe rode l'argent lasirans sa. Ou donne signal full phare et lerla ou ale boure sa ar li.",Quand guté sa vide la la trouve binn caire ki   pa pa pla pla pla pa pa pa pa                                                                                                                                                     a  a  a  a  a  a  a  a  a  a ,0.6623376623376623,0.921875,False,punctuation_error;capitalization_error;spacing_error;missing_word_error
test,Ma fille retourne kot twa mo pas conne la cause kine pousse twa fer sa tou problème ena ene solution 🙏bane parents s’il vous plaît dialogue important coumesa meme nu pou connais ki p passé dan la tête nu zenfan mo connais zordi nu pna bcp letemp meme mais essaie trouve letemp important sa 🥹,"Ma fille, retourne kot twa. Mo pas kone la cause kinn pousse twa fer sa. Tu problème ena enn solution. 🙏 Bann parents s’il vous plaît, dialogue important. Kumsamem nu pu kone ki pe passe dan la tête nu zanfan. Mo kone zordi nu pena buku letan mem, mais essaie truve letan. Important sa. 🥹",Ma fille  retouren kot twa mo so  on  kon la kans ku sa sa sa sa sa sa  e              ou le  on  en  on  on  on  on  ou la la la pu ti n  pa pu sa pu pa sa pa pa sa pa sa pa  an                                                                             ,0.625,0.9272727272727272,False,punctuation_error;capitalization_error;spacing_error;missing_word_error
test,Sa concern administration non,Sa concern administration non?,Sa concern adiminstrttattonnnnnnnnnnnnnnnnnn.,0.7,0.5,False,punctuation_error;capitalization_error;spacing_error;missing_word_error
test,Defimedia info kot ou bn journalist in al prn zt degree kot 58rrr met n title precise dimun p pense hopital pu ferme 🤦‍♀️🤦‍♀️ doctor la kn exiger aret 24/7 savedir kn arive tantot li p ggn releve li p al so lakz n lot pu prn charge travail la ek mauricien pa coz kuma met n zafr la fni tir conclusion sans mm cmprn,Defimedia.info kot ou bann journalist inn ale pran zot degree? Kot 58rrr. Met enn title precise. Dimunn pe pense lopital pu ferme. 🤦‍♀️🤦‍♀️ Doctor la kan exiger aret 24/7 savedir kinn arrive tantot li pe gagne releve li pe ale so lakez. Enn lot pu pran charge travail la. Ek Mauricien pa koze. Kuma met enn zafer la fini tire conclusion sans mem konpran.,Defimedi  inn oo kot ou  ou  ournansisti t la pre  pre  er  ert  tre tre tre t ti e ti pe pe pe pe pe pe pe pe pe  e                                                                                                                                           ,0.751412429378531,0.953125,False,punctuation_error;capitalization_error;spacing_error;missing_word_error
test,C tjrs sahh! Pena nom dimun la dohh. Fishyyy heinn,Se tuzur sa! Pena nom dimunn la dow. Fishy hein.,S  tres sahhh  enn nomdimunn la dohhhhyyyyeye.,0.4583333333333333,0.9,False,punctuation_error;capitalization_error;spacing_error;missing_word_error
test,Nice strategy. Bravo zotoo😎,Nice strategy. Bravo zot. 😎,Nice strategge. Bravavoo ootoooooo.,0.48148148148148145,0.8,False,capitalization_error;spacing_error;missing_word_error
test,"[NAME], 'nou' kifer to pa al rode li alors si to conne tou zafer kifer ena dimoun content fer linteressant comsa si ou pena narie de bon pou dir pou retrouve sa tifi la kifer ou gaspille ou letemps pou vine dire nimporte koi peu importe kot li etait so fami pa au courant donc lakoz sa met avis de recherche si ti conner kot li ti pou fini rode li donc svp si ou pena narie pou dir pou aide ene fami ki dans tracas kifer ou bizin razout lor tracas la et coz ban cozer enplis mo croire dans lecole bizin comens ene class special ki apel 'rest trankil kan pena narie de bon pou dir' parski zot pa realiser a ki point ban cozer comsa azout lor ene fami so stress surtout ki mo sure zot p lire tout comentaires dans lespoir retrouve zot enfant empathy tousa nepli ena aster ena zis ban ki rode role et rode fer linteressant 🙄","[NAME], 'nu'? Kifer to pa ale rode li alors si to kone tu zafer? Kifer ena dimunn kontan fer linteressant kumsa? Si ou pena nanyin de bon pu dir pu retrouve sa tifi la, kifer ou gaspille ou letan pu vinn dire nerport koi? Peu importe kot li ete, so fami pa au courant donc akoz sa met avis de recherche. Si ti kone kot li ti pu fini rode li. Donc svp, si ou pena nanyin pu dir pu aide enn fami ki dans tracas, kifer ou bizin razout lor tracas la et koze bann koze anplis? Mo croire dans lekol bizin komans enn class special ki apel 'reste trankil kan pena nanyin de bon pu dir'. Parski zot pa realise a ki point bann koze kumsa azoute lor enn fami so stress. Surtout ki mo sure zot pe lire tu komanter dans lespwar retrouve zot enfant. Empathy tusa nepli ena aster! Ena zis bann ki rode role et rode fer linteressant. 🙄","[NAME], nnnu ki fefer to pa  la dole la lor so so so so  oo  on  oufer  e fer  i n  n  n  n  nn  nn  nn  nn  n  n  n  n  n  n  ou son en  ou                                          i pu  i pu pu pu pe pu pe pu pe pe pe pe pe pe pe pe pe pe pe pe pe pe pe",0.7594627594627594,0.9390243902439024,False,punctuation_error;capitalization_error;spacing_error;missing_word_error
test,"[NAME], es qui zot ti connai qui zenfant la ti perdi li capave arriver sa b es qui parents remarquè ou pas n fois mo ti fic en flac n zenfant ine perdi c qui choquant la dans zot ti lor n l'autre la plage zot pas connai si zenfant la ti dans bis avec zot ler zot p vin fic en flac sa li grave","[NAME], eski zot ti kone ki zanfan la ti perdi? Li kapav arrive sa. B eski parents remarke ou pa? Enn fwa mo ti Flic en Flac, enn zanfan inn perdi. Seki choquant la, dans zot ti lor enn lot la plage. Zot pa kone si zanfan la ti dan bis avek zot. Ler zot pe vinn Flic en Flac, sa li grave.","[NAME], es  u izot ti  i kon  u in  zanfan  ti pe di pe di pa pa pa var ve                                                                                                                                                                    a  a  a  a  a  a ",0.6805555555555556,0.9206349206349206,False,punctuation_error;capitalization_error;spacing_error;missing_word_error
test,Guet kot lepep p aler... Dans film ek sa ban buffon la,Get kot lepep pe ale... Dans film ek sa bann boufon la.,Guet kot lepeppe pe ale... Sann filime  e ka bann buffonfla.,0.23636363636363636,0.6666666666666666,False,capitalization_error;spacing_error;missing_word_error
test,Seriously mo pas ti cne ki dimune pas code de la route cumesa... 1 van li p roule lor so main.. 1 camion p srti lor main.. Van la entour??? Neiport ki vitesse 1 vehicle p roule mais mw cne quan mo pas sure quan pou srti lor main ou pas trouv ou srti doucmn pas 1 seul cout,Seriously mo pas ti kone ki dimunn pas code de la route kumsa... 1 van li pe roule lor so main.. 1 camion pe sorti lor main.. Van la antor??? Nerport ki vites 1 vehicle pe roule mais mwa kone quand mo pas sure quand pu sorti lor main ou pas truve ou sorti doucema pas 1 seul kut.,Serioussyy mo pas  i ki ki dimunn pa so de de de de                                                                                                                                                                                                            ,0.8387096774193549,0.9152542372881356,False,punctuation_error;capitalization_error;spacing_error;missing_word_error
test,"[NAME], 😱😟 e get pravine ek ramgoolam👩‍❤️‍👩👭🫣 🤣😂😜👍🏽","[NAME], 😱😟 et get Pravin ek Ramgoolam.👩‍❤️‍👩👭🫣 🤣😂😜👍🏽","[NAME],  e e get pravinne ek kamagolola.",0.46153846153846156,0.625,False,capitalization_error;spacing_error;missing_word_error
test,Ki Bondié Edd Nou Pou Sa Viris La Napa Rantt Dan Nou Pei... AMEN,Ki Bondieu aide nu pu sa viris la napa rantre dan nu peyi... AMEN.,Ki dondidé dddd u u  a   ririss  aa aa ana  an      . [NAME]....,0.5303030303030303,0.9285714285714286,False,punctuation_error;capitalization_error;spacing_error;missing_word_error
test,Si pou revise a la hausse revisité la hausse du service de vos autobus ( bizin ouvert parapluie dans bus kan la plie tomé) ( kan ou guet en bas ou trouve rue ) chauffeur perna permis contolleur pé dessan pou bate dimoin lor simé alors,"Si pu revise a la hausse, revisité la hausse du service de vos autobus ( bizin ouvert parapluie dans bus kan la pli tombe,) ( kan ou get enba ou truve rue ) chauffeur pena permis, contolleur pe desan pu bate dimunn lor sime, alors.",Si pu  revise  aa  aausse resistité la hauss de der der ve ve ve sou sou   bizin  u bann  u  a  u  a  a  a  a                                                                                                                                                  ,0.6406926406926406,0.8888888888888888,False,punctuation_error;capitalization_error;spacing_error;missing_word_error
test,"Fine sanz appelation, b van dimun nhdc ti p paye 1 mensualiter ziska paye cout la case la. ASTER ENA BAN GENIES KI TIR SA MOT MENSUALITER LA LI FER LI VINE RENT, B BAN LOYOS KI GRIMACES.","Finn sanze appelation, b van dimunn NHDC. Ti pe peye 1 mensualite ziska peye kut lakaz la. ASTER ENA BANN GENIES KI TIRE SA MOT MENSUALITE LA LI FER LI VINN RENT, B BANN LOYOS KI GRIMACES?",Finn sann pappelation  bann  dinn dinn din    pe  pe  em me sa se sa sa ki pa ka ka ka  a  a  a  a  a  a                                                                                                                                                       ,0.675531914893617,0.9459459459459459,False,punctuation_error;capitalization_error;spacing_error;missing_word_error
test,Akz saem system la sant pa bn ki s docter s nurse infirmier bzn mentally strong zt deal ek tou kalit dimune e malad ou pa kv expect 1 dimune ki p travaii 24/7 pu deliver services ki zt supoze dne zt mm zt in physically n mentally draine si zt trv en mank de staff prnd dimune pu travaii ena bku jeune ki pna travaii p rod travaii dne zt osii sa opportunite travaii lah astr zt rod bn dimune ki ena l'exprience bien bn b sa ti zeness fek fini lekol lah kt li pu ale tire sa l'experience lah dan lakaz lr la rue zt bzn revoir zt system trv 1 solution,"Akoz samem system la sante pa bon. Ki so docteur, so nurse, infirmier bizin mentally strong. Zot deal ek tu kalite dimunn et malade. Ou pa kapav expect 1 dimunn ki pe travail 24/7 pu deliver services ki zot sipoze donne. Zot mem zot inn physically and mentally drained. Si zot truve en mank de staff pran dimunn pu travail. Ena buku jeune ki pena travail pe rode travail. Donne zot osi sa opportunite travail la. Aster zot rode bann dimunn ki ena lexperyans bien bon. B sa ti zeness fek fini lekol la kot li pu ale tire sa lexeperyans la? Dan lakaz? Lor la rue? Zot bizin revoir zot system, truve 1 solution.",Akzz same sysyem la sa sant pa bann ki  o  so sor sire  nn inn  nn  nn  n  nt bann  tre la te  t  t  t  a                                                                                                                                                      ,0.8404605263157895,0.9478260869565217,False,punctuation_error;capitalization_error;spacing_error;missing_word_error
test,"[NAME], ki coupable la? 😆 🤣 😂","[NAME], ki coupable la? 😆 🤣 😂","[NAME], ki koupable la      😂😂",0.1724137931034483,0.7142857142857143,False,punctuation_error;spacing_error;missing_word_error
test,Sa mem metier ki en hausse a maurice volere lexample vine d'ent haut la honte nu fiere de nous pays mais nu pa fiere de c ki p dirize nu pays la justice pane fer pu tu dimune ena volere capave permete li pran l avocat,"Samem metier ki en hausse a Maurice: voler. Legzanp vinn d'ent haut, la honte. Nu fiere de nous pays mais nu pa fiere de se ki pe dirize nu pays. La justice pann fer pu tu dimunn, ena voler kapav permet li pran l avocat.",Sa mem metie ki enn hauss  aur carrice le lele lemen  denn denn  hant  hant  u  u                                                                                                                                        pu pu pu pu pu pu pu pu pu pe pu pe pu,0.7909090909090909,0.9555555555555556,False,punctuation_error;capitalization_error;spacing_error;missing_word_error
test,Misie minis al laba en casiet san journalis parking vid selmen patient pa kpv servi parking enn patient vinn fer radiotherapi 20 jour 30 jour li roul so loto li vini li bizin park dan canne marse al fer traitement lerla re marse al dan canne pu pren so loto ou pa serye ou p met dur r staff r minister transport get pou ou minister avan ena bann babu p donn consey dan minister ki zot pa compren rod bann professionel pa sa bann coller pa fis la junior minister kote ki so rol li dir li met la main dan la pat li ziss al dan conference dan coup ruban samem tou fer zoli nu tu kone linn rent par recomendation pa vedir pu zis asize rie tir foto b bez la pay junior minister ena bann lezot membre ki dan sa profession la sante zot pa pense ti bizin met enn ladan junior minister mo fami al fer traitement ncc enn martyr sa mo dir ou franc sa bann staff parking la foutan kuma kisiss ek pena ditou compassion dan zot enn lot inn al pu overseas treatment kan li sorti li dir avoy sa ferfout li pren loan li al fer so traitement service la sante kk net omca p fer travail minister ti bizin fer sa mo trouv anguille sou roche moi,"Misye minis, ale laba en kasyet san journalis, parking vide, selma patient pa kapav servi parking. Enn patient vinn fer radiotherapi 20 jour 30 jour, li roule so loto li vini, li bizin park dan canne??? Marse ale fer traitement lerla re marse ale dan canne pu pran so loto??? Ou pa serye. Ou pe met dur ar staff ar minister transport, get pu ou minister avant. Ena bann babu pee donne consey dan minister ki zot pa konpran, rode bann professionel, pa sa bann coller pa fis la. Junior minister kote? Ki so role li? Dir li met la main dan la pat, li zis ale dan conference, dan kut ruban samem tu. Fer zoli. Nu tu kone linn rantre par recomendation, pa vedir pu zis asize rie tire foto b bez la pay junior minister. Ena bann lezot membre ki dan sa profession la sante, zot pa pense ti bizin met enn ladan junior minister? Mo fami ale fer traitement NCC, enn martyr sa mo dir ou franc. Sa bann staff parking la foutan kuma kisiss. Ek pena ditou compassion dan zot. Enn lot inn ale pu overseas treatment, kan li sorti li dir avoy sa ferfoute. Li pran loan li ale fer so traitement. Service la sante kaka net. OMCA pe fer travail minister ti bizin fer. Sa mo truve anguille sou roche moi.",Misie minis la laban en casse san  ourn laraili  pari gen  e  e  pa pe pa pa pa pa pa pa pa pa pa pa pa pa pa pa prini n  a  i pe                                                                                                                              ,0.8951817413355875,0.9559471365638766,False,punctuation_error;capitalization_error;spacing_error;missing_word_error
test,Li mem pou fatiguer avc repone question. Banla pou demand li preuve mai tou in fini zis lir parol kuma li pou prouve sa. Li ouvert la bouche pou dir la veriter apre 9 ans li ena 1gran chance li usi li tasser la,Limem pu fatigue avec reponn question. Banla pu demande li preuve me tu inn fini zis lire parol kuma li pu prouve sa. Li ouvert la bouche pu dir la verite apre 9 ans li ena 1 gran chance li osi li tasse la.,Li mem pu fatigeure ave ren  enn qustinn on  pa dand pu dinn  pu  i n  i  i  i in  i  i  i  i  i  i  i  i                                                                                                                                                      ,0.6213592233009708,0.9318181818181818,False,punctuation_error;capitalization_error;spacing_error;missing_word_error
test,"Ene zafer mo pou dire, sa papier ki zot marké lorla la kan ène candidat kit caserne dans loto pou faire so test et ziska li retourne caserne la b kifer zot pas donne sa candidat la, zot nek dir oune faire tel faute, tel faute, mais ki en réalité pas ti éna tousala, zot pas oulé donne li candidat la donne li so moniteur auto école la, sa ossi zot pas donné, zot faire sa pou ré bèze rs 500 candidat la, kifer pas faire test couma la france ek la réunion faire, to pran leçons kondir avec ène moniteur mais kan to alle passe to test to faire li avec ène lotte moniteur ki pou juge to compétences, sanzé modernize inpé pas nek bèze nou avec bonnet blanc /blanc bonnet mem sa pas pu diminuer accidents ek folies lor la route","Enn zafer mo pu dire: sa papier ki zot marke lor la la kan enn candidat kite Casernes dans loto pu faire so test et ziska li retourne Casernes la—b kifer zot pas donne sa candidat la? Zot nek dir: oun faire tel faute, tel faute, mais ki en réalité pas ti ena tusala. Zot pas oule donne li candidat la, donne li so moniteur auto école la, sa osi zot pas donne. Zot faire sa pu re bez Rs500 candidat la. Kifer pas faire test kuma la France ek la réunion faire? To pran leçons konduire avec enn moniteur, mais kan to ale passe to test, to faire li avec enn lot moniteur ki pu juge to compétences. Sanze, modernize enpe! Pas nek bez nu avec bonnet blanc / blanc bonnet mem. Sa pas pu diminye accidents ek folies lor la route.",Enn zafer  oo pu dire sa sapapier ki kot kot marre la kan  ann  ann dann kan  an dan  a sa sa sa sa sa se  e  e  e  e  e  e  e  e  e  e  e  e  a sa e  a  e  a  e  a  e  a  e  a  e  a  a  a  a  a  a  a  a  a  a  a  a  a  a  a  a  a  a  a  a  a  a  a  a  a ,0.710124826629681,0.9300699300699301,False,punctuation_error;capitalization_error;spacing_error;missing_word_error
test,"Si pou revise a la hausse, revisité la hausse du service de vos autobus ( bizin ouvert parapluie dans bus kan la plie tomé,) ( kan ou guet en bas ou trouve rue ) chauffeur perna permis, contolleur pé dessan pou bate dimoin lor simé, alors.......","Si pu revise a la hausse, revisité la hausse du service de vos autobus ( bizin ouvert parapluie dans bus kan la plie tombe,) ( kan ou get enba ou truve rue ) chauffeur pena permis, contolleur pe desan pu bate dimunn lor sime, alors.......",Si pu  revise  aa  aasse ere  revistilé la su se der se de se ve sou    bizin  u bu bu bu bann  u  a  u  a  u  a  u                                                                                                                                            ,0.6638655462184874,0.8888888888888888,False,punctuation_error;capitalization_error;spacing_error;missing_word_error
test,Zot ti content pou vote sa ban matra menter la aster plorai hahaha 😆 😂 😄 🤣 apre zot ena toupe dire zot piu fer maurice vin singapore 🇸🇬 hahaha 😆 😂 💖 😄,"Zot ti kontan pu vote sa bann matra menter la, aster plore! Hahaha! 😆 😂 😄 🤣 Apre, zot ena toupe dire: zot pu fer Maurice vinn Singapore 🇸🇬. Hahaha! 😆 😂 💖 😄",Zot ti conntent pu vot sa bann mant mante la tart la  a a ha ha ha                                                                                                                                                                                             ,0.6645161290322581,0.8529411764705882,False,punctuation_error;capitalization_error;spacing_error;missing_word_error
test,"[NAME], bro system la ki pas bon chaque 5 ans pas capave change system éducation plus nu lepok cpe mem nu travail pu passe dans 30 a 35 zefant 2 ou 3 ti pe fail demand bane 55 ans a monte zot pu dire ou","[NAME], brother! System la ki pas bon. Chaque 5 ans pas kapav change system éducation. Plus nu lepok CPE mem, nu travail pu passe: dans 30 a 35 zanfan, 2 ou 3 ti pe fail. Demande bann 55 ans a monte, zot pu dire ou.","[NAME], broo sysyem ma  ki pa so bon  chan    sa sa sa sa pas e chans e st sa se  u pu se pu pu pu pu pu pe pu pe                                                                                                                                              ",0.6651162790697674,0.8888888888888888,False,punctuation_error;capitalization_error;spacing_error;missing_word_error
test,Si to 1 bon sofere mo pa trouve camion la en tord sa place la li difficult pou juger parski van la dan 1 trou ek ena 1 ti contour lor la van la fin tap ar la queue camion la si si to ti roule 60 a 80 to ti applik to frein azordi to ti pou gagnant sorry roule vite c mort brite,"Si to 1 bon sofer mo pa truve camion la en tort. Sa place la li difficult pu juger parski van ladan 1 trou ek ena 1 ti contour. Lor la van la finn tape ar la queue camion la. Si to ti roule 60 a 80 to ti applik to frein, azordi to ti pu gagnant. Sorry roule vite, se mort brite.",Si to 1 1on sofer mo  po pa trove caminn la  an  on  o  la  la  la li li li pu  u fer  u  u                                                                                                                                                                    ,0.7230215827338129,0.8412698412698413,False,punctuation_error;capitalization_error;spacing_error;missing_word_error
test,Jis play back fr n live tasse sa,Zis play back fer enn live tasse sa.,Ris play  bakkk ffrr nn live tassesssa.,0.25,0.75,False,capitalization_error;spacing_error;missing_word_error
test,"[NAME], donne moi n rezon ki fer bizin al avec 10 van dans mo landroit ousi fin ena ban arestation koumsa d van vinin prend aller ki fer kot nous zot pas defan zot parse ki nous envi sa fini moi mo dire la police bizin met lachain partou oas less ban dimoun rantre pou al aster e apre ban q p defan ban mafia less zot mort kot mo problem ladent","[NAME], donne moi enn rezon kifer bizin ale avec 10 van? Dans mo landrwat osi finn ena bann arestasyon kumsa. Van vini prend ale. Kifer kot nous zot pas defane zot? Parski nous anvi sa fini: moi mo dire la police bizin met lachain partu pas less bann dimunn rantre pu ale aster. Et apre bann qui pe defane bann mafia less zot mort kot mo problem ladan.","[NAME], donne moi  n nn ren ki fer bizin aa  ave 1 1 1  an  ann  dann  ondin  on   an  an  an  an  an  an  an  an  an  an  an  a  a  a  a  a                                                                                                      i  a         ",0.6448863636363636,0.9558823529411765,False,punctuation_error;capitalization_error;spacing_error;missing_word_error
test,Zot fini re korek 😂,Zot fini re korek. 😂,Zot fini  rekkore  😂😂,0.25,0.6,False,punctuation_error;spacing_error;missing_word_error
test,"[NAME], ouiiiii m même m ena m tipti 4 mois li fini conn virer, gliss glisse lor so tonkin, m dr ou franc même dimoune dr m abitieee li la main pa fr nanier mais m fr mo mieux li ress dans m la main pou m capav veyyyy li bien: zot tros imprevisible ek ena tros bocou problem de cot zanfants de nos jour fr peir","[NAME], oui mo même mo ena mo tipti 4 mois li fini kone vire, gliss glisse lor so tonkin, mo dir ou franc même dimunn dir mo abitiye li la main pa fer nanyin mais mo fer mo mieux li res dans mo la main pu mo kapav veye li bien: zot tro imprevisible ek ena tro buku problem de kote zanfan de nos jour fer per.","[NAME], ouiii m mmmme me man mit       oi   i i i iin  iin  inn  iin  ili gessis lo so so so  or so  or so  or  ou  ou       mann  mann  maminn  mamin  mamin  mami e  mami   mame  mame   mami   mame   mame   mame   mami   me   mame   mame   ma me   mame  ",0.6396103896103896,0.9850746268656716,False,punctuation_error;capitalization_error;spacing_error;missing_word_error
test,SI just boug la TI coner li TI VA trademark so image🤣😂,"Si just boug la ti kone li ti va trademark so image,🤣😂",SI jusst boug la     onn li li      r drradamar kama moma.,0.5,0.75,False,punctuation_error;capitalization_error;spacing_error;missing_word_error
test,Cado lanne pu CG 🐟🐟,Cado lane pu CG: 🐟🐟,Cado lann  pu    ,0.47368421052631576,0.6,False,punctuation_error;capitalization_error;spacing_error;missing_word_error
test,"[NAME], sry b mo penc ki ena un system de shift system. Bien rare des cas cot ena ki fine bizin carry on so shift for 24hrs. Aprs kan ou ti jurè pou sa profession ou ti acpt tou so ban condition. B alors quoi maintenant","[NAME], sorry, b mo pense ki ena un system de shift system. Bien rare des cas kot ena ki finn bizin carry on so shift for 24hr. Apre kan ou ti jure pu sa profession ou ti akceptab tu so bann condition. B alors quoi maintenant.","[NAME], srry  bo oo pencek ki enn  n syste se dist sste ss se se se  e sa se  e sa  e  ki  ki    i n              ron    so fir                                                                                                                                ",0.6106194690265486,0.9347826086956522,False,punctuation_error;capitalization_error;spacing_error;missing_word_error
test,Kan li monte pension torma ek grand ma ti p chatwa so bibit et torpa ek granpa ti p chatwa so la grain et toi pilon ki p critic li to ti chatwa so troufess falourmama maulichien 😈😈👿😈👿 kakaliki 🤣🤣🤣🤣🤣🤣 viagra currency million dans coffre falourmama maulichien kakaliki sa to refaire vine ministre 🤣🤣🤣🤣🤣🤣🤣van fam dan to lacaze so liki falousorma 🤣🤣🤣 maulichien kakaliki 🤣🤣🤣🤣🤣😈🤣😈😈👿👿😈😈👿😈😈👿😈,"Kan li monte pension, torma ek gramer ti pe chatwa so bibit et torpa ek granper ti pe chatwa so la grain et toi pilon ki pe critik li to ti chatwa so troufess falourmama Mauricien 😈😈👿😈👿 kakaliki 🤣🤣🤣🤣🤣🤣 viagra, currency, million dans coffre, falourmama Mauricien kakaliki, sa to refaire vinn ministre 🤣🤣🤣🤣🤣🤣🤣vande fam dan to lakaz so liki falousorma 🤣🤣🤣 Mauricien kakaliki 🤣🤣🤣🤣🤣😈🤣😈😈👿👿😈😈👿😈😈👿😈",Kan li monte pension torma  gran dar di  t  tha t   bat   biti pe  a bant pa pa pa pa ti pa                                                                                                                                                                    ,0.8025641025641026,0.90625,False,punctuation_error;capitalization_error;spacing_error;missing_word_error
test,Van la p fer appel phare akoz ena garde devant sa parceki li pas trouve camion et ni camion la pa trouve li et camion la 1er vue kan li geut dans droit li trouve appel phare li dans so l’esprit van la p donne chemin et van trop près pou arrêt sa 1 sel coût akoz sa place la blind spot bien bisin met robot sel solution ena fois zot bisin guet vidéo bien avant commenter 😂,"Van la pe fer apel phare akoz ena garde devant sa. Parski li pas truve camion et ni camion la pa truve li et camion la 1er vue kan li geut dans droit li truve apel phare, li dans so lespri van la pe donne chemin et van trop près pu aret sa 1 sel kut. Akoz sa place la blind spot. Bien bizin met robot sel. Solution. Ena fois zot bizin get vidéo bien avant commenter. 😂",Van la pe fer pape phare  aaze anzan gaade dan dan  aare sa pa ki pa ki  a  a man  a man  a man  a man   a man                                                                                                                                                 ,0.75,0.9230769230769231,False,punctuation_error;capitalization_error;spacing_error;missing_word_error
test,Met so nom et met1 deposition,Met so nom et met 1 deposition.,Met so  oom et met depoosiition.,0.1935483870967742,0.42857142857142855,False,capitalization_error;spacing_error;missing_word_error
test,"[NAME], ofait saki mne rode dir tou sa laloi p mete la narien pa p change.. Mo trouve p met ban system zis pu ggn cash plito... To p dir lapolice b oui zot entord pck ou p penser la police mari bon zot... Zot mem zot boir zot rouler, zot met nissa zot eum a mort, mo kneu enta fume simik boir sirop.. Zot entord parceki zot eum zot pa p donne bon lexemple.. Zot fort lor zis deboute lor chemin prend contravention ki apel sa bez cash rempli lacaise gov.. Dan lendroit cot moi ena 1 policier so moto ena lesapma tapaz perna laglace... Ki ou expect lezot faire.. La police la eum en couyonade to expect moi pu suivre la loi b moisi mo avoy mo fr saki mo nvi... Enfin ena enta dimoun pu kneu ki mwe dir.","[NAME], ofet seki mon rode dir tu sa lalwa pe met la nanyin pa pe change.. Mo truve pe met bann system zis pu gagne cash plito... To pe dir lapolis: b oui zot antor parski ou pe pense la police mari bon zot... Zot mem zot bwar, zot roule, zot met nisa, zot mem a mort, mo kone enta fume simik bwar sirop.. Zot antor parski zot mem zot pa pe donne bon legzanp.. Zot fort lor zis deboute lor chemin prend contravention ki apel sa bez cash rempli lacaise guvernman.. Dan landrwa kot moi ena 1 policier so moto ena lesapma tapaz pena laglace... Ki ou expect lezot faire.. La police lamem en kuyonad to expect moi pu suivre la loi b moisi mo avoy mo fer seki mo anvi... Enfin ena enta dimunn pu kone ki mo dir.","[NAME], offait sa si men  doderd di  a la la  la pe pe pe  an  an  an pa pa pa pa pe pe pe pe  e     s  s  s  s  s pe s pe s pe s pa s pe pa so pe pe pa pe pe pe po pe po pe po pe po pe po po po po po po  o  o  o  o  o  o  ot  ot  ot  ot  ot  ot  ot  ot  ",0.7347517730496453,0.9432624113475178,False,punctuation_error;capitalization_error;spacing_error;missing_word_error
test,Pas dire ki asterla ena sa tousletemps ti kumsamem sa mais la seule difference 10 ans pas ti ena droit fer publication mais aster la police mem pe encourage publication pou zot prend action necessaire ek li fascillite zot tache tout depend mot dordre donner par la personne a la tete du gouvernement avantla police ki ti fer mari aster la police pe corpere ek bizin nu coorperation nu dans ene sorte partnership avant ti dictatorship,"Pas dire ki asterla ena sa, tultan ti kumsamem sa. Mais la seule difference: 10 ans pas ti ena droit fer publication. Mais aster la police mem pe encourage publication pu zot prend action neceser, ek li facilite zot tache. Tu depend mot dordre donne par la personne a latet du gouvernement. Avant la police ki ti fer mari. Aster la police pe corpere, ek bizin nu coorperation. Nu dans enn sorte partnership. Avant ti dictatorship.",Pas dire ki astere la an sa soustemmest mums mams mams mame sa se sa fer e  sa fer e  a fer e  a sa sa  e  pa sa ti pe pa ti pe pe pa pe pe pa pe pe pa pe pe pa pe pe pe pe pe pe pe pe pe pe pe cotie  pe pe to pe to pe to pe to pe to pe to pe to pe to pe ,0.6488372093023256,0.9473684210526315,False,punctuation_error;capitalization_error;spacing_error;missing_word_error
test,"In fini truv le vre meurtrier, c ou garson mem","Inn fini truve le vre meurtrier, se ou garson mem.",Inn fini  truvve le vere mertre     u gagrosson memommemmmmmmmmmmmmmmmmmmmmmmmmmmmmmmmmmmmmmmmmmmmmmmmmmmmmmmmmmmmmmmmmmmmmmmmmmmmmmmmmmmmmmmmmmmmmmmmmmmmmmmmmmmmmmmmmmmmmmmmmmmmmmmmmmmmmmmmmmmmmmmmmmmmmmmmmmmmmmmmmmmmmmmmmmmmmmmmmmmmmmmmmmmmmmmmmmmmmmmmm,4.34,0.7,False,punctuation_error;capitalization_error;spacing_error;missing_word_error
test,Hans ici si pou fr pareil la😒,Hans ici si pu fer pareil la.😒,Hann  ici si pu fer farrilllla.,0.23333333333333334,0.42857142857142855,False,capitalization_error;spacing_error;missing_word_error
test,"[NAME], to ti pou lor zournal la","[NAME], to ti pu lor zournal la.","[NAME], to ti pu lor  zouralallla.",0.125,0.2857142857142857,False,capitalization_error;spacing_error;missing_word_error
test,SC FAIL.. waste of resources and money.. rembourse si pa passe,SC fail.. Waste of resources and money.. Rembourse si pa passe.,Sy Fe... Masste or sorssers san  monn... Momboursse spassespesse.,0.4444444444444444,1.0,False,punctuation_error;capitalization_error;spacing_error;missing_word_error
test,Hahaha to même nou le roi un fois nous p respirer en liberter,"Hahaha, to même nu le roi, un fois nous pe respire en liberte.",Hahaha to memme no le roi  u  oois  ouss pe prespererere ererererererererererererererererererererererererererererererererererererererererererererererererererererererererererererererererererererererererererererererererererererererererererererererererererer,3.370967741935484,0.7692307692307693,False,punctuation_error;capitalization_error;spacing_error;missing_word_error
test,sancer bane CID la bane bon dimoune sa.. kel blague..,Sanse bann CID la bann bon dimunn sa.. kel blague..,Bancer bann       a bann bonn dimunn sa. le ble...,0.3137254901960784,0.7,False,capitalization_error;spacing_error;missing_word_error
test,Si pa tiena permis a point 🙂. Mes sympathies 😢,Si pa ti ena permis a point. 🙂 Mes sympathies. 😢,Si pa tiina permis  point te  e syemsympathise.,0.3125,0.7272727272727273,False,punctuation_error;capitalization_error;spacing_error;missing_word_error
test,"[NAME], toi to pa pe coze kk","[NAME], toi to pa pe koze kaka.","[NAME], toi to pa pe kozekkkkkkkkkkkkk",0.3548387096774194,0.2857142857142857,False,punctuation_error;capitalization_error;spacing_error;missing_word_error
test,2 kkkiwi en plin 😎,2 kkkiwi en plin. 😎,2kkkkkiw  nn plinn  ,0.3684210526315789,1.0,False,punctuation_error;capitalization_error;spacing_error;missing_word_error
test,Li pa 1secret pu person ki van 15place so reputation deja nu kone ena buku chauffeur zot prece akoz lot course etc sans respecte limit vitesse alor malgre li dan so lane ti kpave evite sa accident la mais malheuresement isi c moris a propos gro camion la li paraitre ki possible li en tord akoz line sorti lor 1stop mais ti ena ac distance ek van la li line pence li gagne ale normal enfin la route continue fair ravaz ek accident tous le jour sad but true may god help us🙏🙏🙏,"Li pa enn secret pu personne ki van 15 place so reputation deza nu kone. Ena buku chauffeur zot presse akoz lot course, etc. Sans respecte limit vites. Alor malgre li dan so lane, ti kapav evite sa accident la, mais malheuresement ici se Moris. A propos gro camion la, li paraitre ki possible li antor akoz linn sorti lor enn stop mais ti ena ase distance ek van la, li linn pense li gagne ale normal. Enfin, la route kontiyn fer ravaz ek accident tulezur. Sad but true, may God help us. 🙏🙏🙏",Li pa sesecret pu personn ki vann 1 pla so couse de pe pe te denn  nu  u  u  u  u  u  u  u  u  ou  e                                                                     a sa sa e  a sa e  a sa sa e  a sa sa sa sa sa sa sa  a sa sa sa sa sa  a sa sa sa sa ,0.7026476578411406,0.9361702127659575,False,punctuation_error;capitalization_error;spacing_error;missing_word_error
test,si zot envi leave apres zot kapav leave...kpv ena lot comunoT aussi ki zt pou truV in rentrer,Si zot anvi leave apre zot kapav leave...kapav ena lot kominote aussi ki zot pu truve inn rentre.,Zi zot ennvi levave apres zot kapavveveve....... kapa  ou  oumous  ki  ki                i  u  rinn renn rertrerererererererererererererererererererererererererererererererererererererererererererererererererererererererererererererererererererererererere,2.0,0.8333333333333334,False,punctuation_error;capitalization_error;spacing_error;missing_word_error
test,Berenger fine casse so someil. B Navin p net dodo,Berenger finn kase so somey. B Navin pe net dodo.,Berenger finn cassessso someli.. Ma vavinn pe nn dedododododoodoooodooooooooooooooooooooooooooooooooooooooooooooooooooooooooooooooooooooooooooooooooooooooooooooooooooooooooooooooooooooooooooooooooooooooooooooooooooooooooooooooooooooooooooooooooooooooooooo,4.36734693877551,0.7,False,capitalization_error;spacing_error;missing_word_error
test,Astr nou gueter si cancel so license et saisi so loto toute suite pa bzin atane case passer pa kpv si case prend 5ans ou 10ans boug soulare roule tjr touy dimounes tjr la bane ki fine blesser la ki ariver la? Eski dimounes la ti demand soulare tape avk zot? Ladan c ca magistrat la ki bzin fer laloi respecter,"Aster nu get si cancel so license ek saisi so loto toute suite. Pa bizin atann case passe, pa kapav si case prend 5 ans ou 10 ans. Boug soular roule tuzur, touy dimunn tuzur. Bann ki finn blesse la, ki arrive la? Eski dimunn la ti demande soular tape avek zot? Ladan se sa magistrat la ki bizin fer la loi respecte.",Astrr nu guete si cancele so licensese sessess so so sot sot sot st ti ti pa bann  a sa pa sa sa sa sa sa sa sa sa  a sa                                                                                                                  i la  a  a  a  a  a  ,0.6571428571428571,0.8888888888888888,False,punctuation_error;capitalization_error;spacing_error;missing_word_error
test,ESKI INFIRMIER DOCTEUR OU ATTANDANT KI REPARE AIRCON ENA PROBLEM LA B LEKIP E S D KI ZOT TRAVAIL FR OPERATION LOR BAN MALADE,"ESKI INFIRMIER, DOCTEUR OU ATTANDANT KI REPARE AIRCON? ENA PROBLEM LA! B LEKIP ESD KI ZOT TRAVAIL FER OPERATION LOR BANN MALADE.",EIIII INAMERI BI TO TOU TO  T  ANANANANA ENA EN  ANA E  ANA  ANA                                                                                                                                                                                               ,0.6953125,0.9545454545454546,False,punctuation_error;capitalization_error;spacing_error;missing_word_error
test,B boss en ti question ou p exize zt travail b ou pa coir bizen pay zt bien kfr ou pa dir ou pm fr zt ggne doub kan wrk dan dimance conze public so non ta bomli 😂😂😂🤣🤣 aret fr semblan lanne in sanzer sanze zt mentality ipokrit la,"B boss enn ti question: ou pe exzize zot travail, b ou pa krwar bizin pay zot bien. Kifer ou pa dir ou premye minis? Fer zot gagne doub kan work dan dimanche. Conge public? So non. Ta bomli 😂😂😂🤣🤣 aret fer semblan. Lane inn sanze. Sanze zot mentality ipokrit la.",B boss enn ti qussisonn ou pe pezez zot travail bo    pa bizin pe bizin pe bizin                                                                                                                                                                         a  an ,0.6551724137931034,0.8235294117647058,False,punctuation_error;capitalization_error;spacing_error;missing_word_error
test,Na sa peut ariver a nerport ki... Nou pas boir nou... Mo garçon ziss devant moi pe joue vue ki pe fer noir li galouper li rentre dans latent dimoun... Lin panique li sorti li continie aler li pe roder emm la li... Issi mo peget li moi... Dimoun in kumance koz ek li... Irla [NAME] prend li... Ariver sa kan fer noir,Non sa peut arrive a nerport ki... Nu pas bwar nu... Mo garçon zis devant moi pe joue vue ki pe fer noir li galoupe li rantre dans latent dimunn... Linn panique li sorti li kontiyn ale li pe rode mem la li... Ici mo pe get li moi... Dimunn inn komans koze ek li... Lerla mon ale prend li... Arrive sa kan fer noir.,Na sa peut arive  a  en nn prot ki pa so bor  o  or on on  zot zon  e                                                                                  i li en  li li li li li li li li li li li li li li li li li li li li li li li li li li li li li li li li,0.6496815286624203,0.8615384615384616,False,punctuation_error;capitalization_error;spacing_error;missing_word_error
test,Zot aller ek visit surprise. That's a blatant lie. Tou dimoune conner kan misnistre fer visit. Al khiz pa dire moi pu pa conne sa jouer la,Zot ale ek visit surprise. That's a blatant lie. Tu dimunn kone kan misnistre fer visit. Al Khiz pa dire moi pu pa kone sa jouer la.,Zot aller ek kisit surrisse.. Shatts sa balant li li dinn  ounn konn kinn  inn si si si si si ti si e                                                                                                                                                          ,0.5151515151515151,0.9259259259259259,False,punctuation_error;capitalization_error;spacing_error;missing_word_error
test,Pardon mais zte p ggn trakas canard zako lolll si zte ti sagrin bn dimune ki in prdi la vie pour Mahashivatree ou seki p dance sega fr boufon lor la priere. BAM BAM MAHADEV LOLL,"Pardon, mais zot pe gagne tracas canard, zako lol. Si zot ti sagrin bann dimunn ki inn perdi lavi pour Mahashivatree, ou seki pe dance sega fer boufon lor lapriyer. BAM BAM MAHADEV LOL.",Pardonn mais zet pe gagn trakaka aand zaka lo li si si si  i n  inn  inn  inn  inn  i din  pu dire  pa dire  pa  e                                                                                                                                             ,0.572972972972973,0.9117647058823529,False,punctuation_error;capitalization_error;spacing_error;missing_word_error
test,"Mais dans sa 12hrs temps la même, zot pas dans l'hôpital. Ena fois ou alle l'hôpital, ena 1 sel docteur. Mais 24/7 la, boucou faire dans zot la case ou soi dans cabinet privé","Mais dans sa 12hr tan lamem, zot pas dans l'hôpital. Ena fois ou ale l'hôpital, ena 1 sel docteur. Mais 24/7 la, buku faire dans zot la case ou soi dans cabinet prive.",Mais dann sa 1hhrr tem pass mame zot pa sa sapass l'haplilal la la la la la la la la la la la la le  la la  la                                                                                                                                                 ,0.6047904191616766,0.9090909090909091,False,punctuation_error;capitalization_error;spacing_error;missing_word_error
test,Steward in vin rapist.... Ki drôle la dans dan tous pays développés ban ado alle babysit..... Et missier la pa ti seul ena so fam ek li... Chk live de channel news zt pou comprend tous.,Steward inn vinn rapist.... Ki drôle ladan dan tu pays développés bann adolesan ale babysit..... Et misye la pa ti seul ena so fam ek li... Sak live de channel news zot pu comprend tu.,Stewaard inn vinn rapist... Ki drrde lad dand dans dans dans pu de pa pe pa pa bans bans bans bans bans la sa se  e                                                                                                                                            ,0.5706521739130435,0.8857142857142857,False,punctuation_error;capitalization_error;spacing_error;missing_word_error
test,Dan la gare curepipe bus ki passe r. Hill beau bassin pena bidin atan one hour.. Ubs met tou bis express p. Louis.. St pierre.. Met la linge b. Bassin r. Hill pna.. Sa ou pa p trouver misier le ministe... Ou ti penser tou dimoune voyage dan loto... Ti dimoune pa kpv acheter loto aster.. Auto recone sorti 500k ine vine 800k.. Aster pa coz auto neuf.. Moudize ena zis mn ti dimoune.. Pou zot dan parlement pna moudize.,"Dan la gare Curepipe bus ki passe Rose Hill, Beau Bassin pena bidin atann one hour.. UBS met tu bis express Port Louis.. St Pierre.. Met la linge Beau Bassin, Rose Hill pena.. Sa ou pa pe truve misye le minis... Ou ti pense tu dimunn voyage dan loto... Ti dimunn pa kapav aste loto aster.. Auto recone sorti 500k inn vinn 800k.. Aster pa koze auto neuf.. Moudize ena zis mon ti dimunn.. Pu zot dan parlement pena moudize.",Dan la gare curepepe bus  ki passe re  bali bbass bans bann  binn  on  ou bon  ou bou bous  ou se  pu se  pu se  pu se                                                    i e                   i n  i e                           i n  ou e             i n  o,0.6769596199524941,0.9125,False,punctuation_error;capitalization_error;spacing_error;missing_word_error
test,Moi mo tifi bizin rentre imtd fini fer enregistrement sane cou mo soner zot dir bizin atane lettre foder l'école rentré après 2 semaine ki pou rentre plutôt li ti conteigne fer so grade 10dan l'école même,"Moi mo tifi bizin rantre MITD, fini fer enregistrement. Sakut mo sone zot, zot dir bizin atann lettre, fode l'école rantre après 2 semaine ki pu rantre. Plutôt li ti kontiyn fer so grade 10 dan l'école même.",Moi mo  tifi bizin rentre ti dinn fenn erere terte t  on  on  oon  oon  on  on  or  or  i bizin  er  e  e  e  e  e  e  e  e  e  e  e  e  e  e                                                                                                                  ,0.6086956521739131,0.8947368421052632,False,punctuation_error;capitalization_error;spacing_error;missing_word_error
test,Juste la mort q pu fer li ale,Just la mort qui pu fer li ale.,Ouste la mort     u fer li lala.,0.25806451612903225,0.5,False,capitalization_error;spacing_error;missing_word_error
test,Ki sa ban baya ki dne li conseil sa boug la li fou ousa li declar pagla rs 44 curepipe - port-louis bel bel chanzment p rod amener selmnt n zafr simple pa p kner,Ki sa bann baya ki donne li conseil sa boug la... Li fou ouswa li deklare pagla.. Rs44 Curepipe - Port Louis... Bel bel chanzment pe rode amenn selma enn zafer simple pa pe kone.,Ki sa bann bayy ki denn li consesile la bou ll lo  u  la  la  la  la                   re pr pre pre pe pe pe pe pe binn pe  e  e  e  e  e  e                                                                                                                  ,0.5393258426966292,0.8285714285714286,False,punctuation_error;capitalization_error;spacing_error;missing_word_error
test,Ki Nimeric Go🐐To PKoze Dimoun Pena Manger,Ki nimeric go? 🐐 To pe koze dimunn pena manze.,Ki Mimeric  oo  o zoz mimunn  anangegne.,0.391304347826087,0.9,False,punctuation_error;capitalization_error;spacing_error;missing_word_error
test,Bien bizin met 1 seryer ar sa bane ki boir et fim simik o volant.... Ki to pou fair... Blie la polis.... Parski simple gard pas entord li parski li simple mem... Bane backing faible sa... Narien zot pa p kav fair parski tou lord vine depi zot chef et chef la oci ggn lorde... Mo prefere ggn case dan place mo fami ki innocent perdi lavie.... Ki to pou fair toi... Mone parer moi..,Bien bizin met 1 serye ar sa bann ki bwar et fim simik o volant.... Ki to pu fer... Bliye lapolis.... Parski simple garde pas antor li parski li simple mem... Bann backing faible sa... Nanyin zot pa pe kapav fer parski tu lord vinn depi zot chef et chef la osi gagne lord... Mo prefere gagne case dan place mo fami ki innocent perdi lavi.... Ki to pu fer toi... Mon pare moi..,Bien bizin met 1 sere  rer  aa bann ki biin  i mimi  o mom lo  ou to . . Li po pa pa pa pais.. Li pa pa sa pa sa pa sa pa pa sa pa pa pa pa pa pa pa pa pa pa pa pa pa pa pa pa pa pa pa pa pa pa pa pa pa pa pa pa pa pa pa pa  e  pa pa  e                   ,0.6170212765957447,0.8918918918918919,False,punctuation_error;capitalization_error;spacing_error;missing_word_error
test,Ena bezz bann femm haut gradé p servi van government ku madir la reine elizabeth p a travail fer shopping bann zomm adsu p risk zott la vie av 2 van pou fer arretatoin bann bareaux la drug zott cvp ggne coutt sapre ou batté pena ranfrote av zott la grand femm p tal fesse dan van conmisair police pa trov sa tout macro ministe met unifrom p assig dan bureau bann pauvre zott ki pena persone protege zott p bezz al arrte bann trafikant danger gutt sa video goodland lo la bann la police ki macro ministre ki ggne promotoin bravo government chagement in ler pou bezz coup pied tire ou dehor,Ena bez bann femme haut gradé pe servi van government kumadir la reine Elizabeth pe a travail fer shopping. Bann zom ADSU pe risk zot la viv avec 2 van pu fer arrestation bann bareaux ladrog zot kapav gagne. Kut sab ou bate pena ranfrote avec zot. La grand femme pe tal fesse dan van. Conmisair police pa truve sa tu macro minis met unifrom pe asize dan bureau bann pauvre zot ki pena personne protez zot pe bez ale aret bann trafikant danger get sa video Goodlands. Lo la bann la police ki macro ministre ki gagne promotoin. Bravo government chagement inn ler pu bez kut pied tire ou deor.,Ena bezz bann fem mam that grade pe ser vaviveng gavenn  an e marden  la dire la e  a bani e  a bant  a pa pa pa pa pa pa pa pa pa pa  a pa  a pa  a  a  a  a  a  a  a  a  a  a  a  a  a  a  a  a  a  a  a  a  a  a  a  a  a  a  a  a  a  a  a  a  a  a  a  a  ,0.6932203389830508,0.954954954954955,False,punctuation_error;capitalization_error;spacing_error;missing_word_error
test,"Camion full entor,, premierment li pa arete pou regard 2 cote, paret li presser.. E mo sur sofer camion ine bizen trouve ki van p flass, sofer camion li sorti mem.., 1 bon sofer ti bizen coner kan 1 transport p flass bizen ena 1 problem, e 2eme paret van la ena 1 problem par c ki li p flass avant mem li trouve camion la.. Mo pence van la ine gagner problem frain???","Camion full antor. Premierment li pa aret pu regard 2 kote, paret li presse.. Et mo sur sofer camion inn bizin truve ki van pe flass, sofer camion li sorti mem.., 1 bon sofer ti bizin kone kan 1 transport pe flass bizin ena 1 problem, et 2eme paret van la ena 1 problem par seki li pe flass avant mem li truve camion la... Mo pense van la inn gagne problem frein???","Camion  lul  nntor, prememmement li pa pare pe re gare                                  so er se so  e  so  e                                                                                                                                                  ",0.7506849315068493,0.9452054794520548,False,punctuation_error;capitalization_error;spacing_error;missing_word_error
test,Is it a movie 😂 but thanks god hats off ma'am 🙏,"Is it a movie? 😂 But thanks God, hats off ma'am. 🙏",Is  tt a movie     butt thans god ghot ha faffam mama.,0.46,0.8333333333333334,False,punctuation_error;capitalization_error;spacing_error;missing_word_error
test,Sha mo bb shaaaaa,Sa mo bebe sa.,Sha mo bbbbahaaaaaaa.,0.7857142857142857,0.75,False,capitalization_error;spacing_error;missing_word_error
test,couraze alla fami,Couraz a la fami.,Pouraze alla fami.,0.17647058823529413,0.75,False,capitalization_error;spacing_error;missing_word_error
test,Sori mo p dir sa apel sa parent iresponsable mw osi mo 1 parent mo ena zenfant pourtan mo zenfant ena 7ans kan nu ale la mer ler ban zenfant rent dan delo mo fer mo devoir papa mo vin debout dan bor delo mo get zot mo mem rent ziska 1 hauter kot mo fini dir zot pas travers mw mo deboute mo vey zot couma mo dir sorti sorti zame mo laiss zot 1 secon dan la mer tousel mem si zot p zoue dan bor avk disable ek la mer mo la,"Sori mo pe dir sa apel sa. Parent iresponsable. Mwa osi mo 1 parent mo ena zanfan pourtan mo zanfan ena 7 ans, kan nu ale la mer ler bann zanfan rantre dan dilo. Mo fer mo devoir papa mo vinn debout dan bor dilo. Mo get zot, momem rantre ziska 1 hauter kot mo fini dir zot pas travers mwa. Mo deboute mo veye zot: kuma mo dir sorti sorti, zame mo less zot 1 secon dan la mer tousel mem si zot pe zwe dan bor avek disable ek la mer, mo la.",Sori mo  pe dir sa sape sa parent rens penssans bo so  o  o  o  on  mann mann mann  ann  ann  ann  ann  ann  ann  ann  ann  ann  ann  e  an  e  a  e  a  e                                       o  o  o  o  o  o  o  o  o  o  o  o  o  o  o  o  o  o  o  o  o ,0.6278538812785388,0.9368421052631579,False,punctuation_error;capitalization_error;spacing_error;missing_word_error
test,"Parler pour ne rien dire!! Zero update. Pa mm kner ki goal zot ena apres ki fini zot workshop.. Zot deza ine classe li comme illegal drug, b workshop pu kieter? Zot p geter si vremm li illegal? Zot pa sure? Ou boen p rode formule plan pu legaliser ou decriminalizer?","Parler pour ne rien dire!! Zero update. Pa mem kone ki goal zot ena apre ki fini zot workshop.. Zot deza inn classe li comme illegal drug, b workshop pu kiete? Zot pe get si vremem li illegal? Zot pa sure? Ou bien pe rode formule plan pu legalize ou decriminalize?",Parler pur  nn reni dire  er  u dupa damame  kome kom ko ko  kot  a  o  o  i zot  o  o  o  o  o  o  o  o  o  o  o  o  o  o  e  o  e  ou e       ou e                                                                                                           ,0.6439393939393939,0.9607843137254902,False,punctuation_error;capitalization_error;spacing_error;missing_word_error
test,Si znfn Kumsa zrdi C akz parents kan miss bat zot dn lkl zot Al lagur dn lkl aster bne znfn la truV zot kav fr cki zot envi zot parents pu la… akz nu dn nu lepok pas ti ena sa,"Si zanfan kumsa zordi, se akoz parents. Kan miss bate zot dan lekol, zot ale lager dan lekol. Aster bann zanfan la truve zot kapav fer seki zot anvi, zot parents pu la… akoz nu dan nu lepok pas ti ena sa.",Si zznn  ummsa zir    ka kazan sann sans mans mat  zot  la la lla la la la la la  la  la  la  an  zon  zot  zot  zot  zot zot  zot zot  a                                                                                                                      ,0.6029411764705882,0.8809523809523809,False,punctuation_error;capitalization_error;spacing_error;missing_word_error
test,Mme to don naissance n satan aret raconte zistoire,"Madame, to donne naissance enn satan aret raconte zistwar.",Mme to donn naissancenn sant aantrant  zot zistior.,0.3620689655172414,0.8888888888888888,False,punctuation_error;capitalization_error;spacing_error;missing_word_error
test,1 TI LAVOIX P DIRE MOI FAM LA ENA REZON 🙄🙄🙄,"1 TI LAVOIX PE DIRE MOI, FAM LA ENA REZON. 🙄🙄🙄",1  I  OU OI      INA O   AME  ANAME  NAME] ?,0.6304347826086957,0.9090909090909091,False,punctuation_error;capitalization_error;spacing_error;missing_word_error
test,Twa e to NTA ek NLTA ek to gouvernment tou mem pouriture.,"Twa et to NTA ek NLTA ek to gouvernment, tu mem pouritir.",Twa e to    e ke  Te ke to gouvennemenn tumem mumurtirur.,0.38596491228070173,0.75,False,punctuation_error;capitalization_error;spacing_error;missing_word_error
test,Incompetent dan tou secteur mem dan leducation!!!,Incompetent dan tu secteur mem dan ledikasyon!!!,Incompeetent dann tu seceeteur mem dandeccactinn!!!!!!,0.3333333333333333,0.7142857142857143,False,punctuation_error;capitalization_error;spacing_error;missing_word_error
test,Mersi a shakeel pu met nite life a portlouis,Mersi a Shakeel pu met night life a Port Louis.,Mersi a  hakeke  pu met tite life  portoulious.,0.2978723404255319,0.5,False,capitalization_error;spacing_error;missing_word_error
test,Pu 1 zenfant collage sa 50r ena valeur sa pu li 50r la couma dir 1000mil la,Pu 1 zanfan collage sa 50 Rs ena valeur sa. Pu li 50 Rs la kumadir 1000 mille la.,Pu 1 zenffant collage sa  re  an avale  au  u                    mama   mimi  100000000000000000,0.654320987654321,0.7894736842105263,False,punctuation_error;capitalization_error;spacing_error;missing_word_error
test,Fran tou bizin fair sa msg pac a fon resp a banla c pna zot nu maurice ti pu cuma sa poubel ki ena 1 ta moutouk la mo resp a zot tou mo ban frer et seour scavenging 🫶,Franc tu! Bizin fer sa message passe a fon. Respe a banla. Si pena zot nu Maurice ti pu kuma sa poubelle ki ena enta moutouk la. Mo respe a zottu mo bann frere et soeur scavenging. 🫶,Frann tu bizin fair sa sa sa  a  o  fon re pe pa pa pa  an   an  an  u  u  u  u  u  u  u  u  u  u  u  u                                                                                                                                                        ,0.6208791208791209,0.9473684210526315,False,punctuation_error;capitalization_error;spacing_error;missing_word_error
test,"[NAME], mari stressant.. Et pas fini zenfan la mm stresser.. Leker fr mal en tant parent, couma pou fr n zenfan prend bus portlouis pou ale rose belle, pna flexibilite. Mo d accord depuis ns change l adresse,, mais nous fr dde transfert,, zt ti bzn ena comprehension ki 1 fille 11 ans pas pou kpv voyager portlouis pou ale r. Belle.. Mo mm par l auto mo pas pou kpv ts les jours","[NAME], mari stressant.. Et pas fini zanfan lamem stresse.. Leker fer mal entant parent, kuma pu fer enn zanfan prend bus Port Louis pu ale Rose Belle, pena flexibilite. Mo dakor depuis nous change l adresse, mais nous fer dde transfert, zot ti bizin ena comprehension ki 1 fille 11 ans pas pu kapav voyage Port Louis pu ale Rose Belle.. Mo mem par loto mo pas ou kapav tulezur.","[NAME], mari sstresssant.. Et pas fans finn zan  lam memssersse se se sa  e  ar  an  an  an  an  an  an  an  pu  an  pu pu pu pu pu pe  pu pe  pu pe                                                                                                           ",0.6957671957671958,0.9,False,punctuation_error;capitalization_error;spacing_error;missing_word_error
test,"Samedi dernier zot ti fer sa r moi sa 2 figures kan mo in alle cherche mo tifi lecon danse a terre rouge, mo ti pres pu amen li lhopital tou mais li refuse aller li ti p rode cash fer semblant lebras in enfler bon dieu grand sa lheure la 1 misier ti p passer lor moto li dire moi madam 1 scam sa zot ban arnaqueurs mo p telephone la police la et misier la dire aller ou madame kuma zot tande sa zot met lor position pattin. Merci Bon dieu et sa misier kin vin a temps la 🙏🙏","Samedi dernier zot ti fer sa ar moi sa 2 figures. Kan mo inn ale cherche mo tifi lesson danse a Terre Rouge, mo ti pre pu amenn li lopital tu mais li refiz ale. Li ti pe rode cash fer semblant lebra inn enfler. Bondieu grand sa ler la 1 misye ti pe passe lor moto li dire moi madam 1 scam sa zot bann arnaqueurs. Mo pe telephone la police la et misye la dire ale ou madame kuma zot tande sa zot met lor position pattin. Merci Bondieu et sa misye kinn vinn a tan la. 🙏🙏",Samedi derenii zot ti fer far   o     i    figre sa  an                                                                                                                                                                                 li  la  e  la  e  la  e,0.7243589743589743,0.91,False,punctuation_error;capitalization_error;spacing_error;missing_word_error
test,Ah seigneur ki nu pa trouv dans sa moris la. Zot penc akoz zot in trouve zot mari joli nu suppose interesse r zot. Non fiiiiii ban la route badia koki nu pa la dan.. To mari li zoli pu tw pa pu nu🤣🤣🤣🤣 alors ramasse to problem kot tw. Pa include nu ladan. Merci,Ah Seigneur! Ki nu pa truve dans sa Moris la. Zot pense akoz zot inn truve zot mari joli nu suppose interese ar zot. Non tifi bann la route badia koki nu pa ladan.. To mari li zoli pu twa pa pu nu🤣🤣🤣🤣 alors ramasse to problem kot twa. Pa include nu ladan. Merci.,Ah seigneur ki  u pa truv van  sa so sor sa  ot sa  ot pe kot  ot  ot  ot  ot  ou  ou  ou  ou  ou  ou  ou  ou  ou  ou  ou so so  ou  o  o  o  o  o  o  o  o  o  o  ou                                                                                          ,0.6221374045801527,0.9444444444444444,False,punctuation_error;capitalization_error;spacing_error;missing_word_error
test,Haut grader la so parents pa ti met nom avec li commissaire de police bizin suspend ce kin don instruction pou fer sa travail la tou le jour esperon la police a dir camera safe city pan record nenrien,Haut gradé la so parents pa ti met nom avec li? Commissaire de police bizin suspend se kinn donne instruction pu fer sa travail la tulezur. Esperons la police a dir camera safe city pann record nanyin.,Haut graader la so parent sa ti ti met mom   mom come somis  poise si pe si pe si pe sinn dinn dinn  n  n  ou  ou  ou                                                                                                                                          ,0.6268656716417911,0.8918918918918919,False,punctuation_error;capitalization_error;spacing_error;missing_word_error
test,Quand 🤡dire li pour met permi a point touts les jour ena mort lor la route chaufer pas p per permi a point missier 🤡nek pas 1 la loa quand ou fair 1 accident et qui ou entort 10 prison direct ni ou pour gagne caution ou guet couma chaufer dresse,Quand 🤡dire li pour met permis a point. Tulezur ena mort lor la route. Chauffeur pas pe per permis a point misye 🤡nek pas 1 la loa quand ou fer 1 accident et qui ou antor 10 prison direct. Ni ou pour gagne caution. Ou get kuma chauffeur dresse.,Quand didire li pu pe met permi paiin tout le sou  our  our  or  or trout  la  pa fer  pe pe pe pe pe pe pe pa pe pa pe                                                                                                                                        ,0.6762295081967213,0.9183673469387755,False,punctuation_error;capitalization_error;spacing_error;missing_word_error
test,4 credit corek sa monter meme sa,"4 credit, korek sa monte mem sa.",R  credit korek sa sommentermem sa.,0.25,0.5714285714285714,False,punctuation_error;capitalization_error;spacing_error;missing_word_error
test,"Van la pe roule vite oui... Mais ene chauffeur bizin cone so vehicle.... Mo ene dimune ki roule camion, loto, bus tout.. Sak vehicle ena so façon roulé.. Ceki pas coné ferme fess.... Ena bann facteur ki sa chauffeur camion la ti bizin prend ene considération.. Par exemple li bizin kapav jugé ki vitesse van la pé vini.. Eski li gagn letemp sorti..? Longueur so vehicle li bizin coné.. Poid so vehicle... Ene loto dans 1 second ou kapav déboucher akoz li pli vif.. Ene camion li pli lourd donc li démarre pli lentemain... Pou mwa.. Chauffeur van la pann réalisé ki cetait ene longue camion.. Linn pensé camion la ti pou gagn letemp sorti... Et chauffeur camion la osi inn fané en pensant ki li gagn letemp sorti et li pann jugé ki van la pé vine vite.... Bann accident ki kapav évité sa.","Van la pe roule vite oui... Mais enn chauffeur bizin kone so vehicle.... Mo enn dimunn ki roule camion, loto, bus tu.. Sak vehicle ena so façon roule.. Seki pas kone ferme fesse.... Ena bann facteur ki sa chauffeur camion la ti bizin prend enn considération.. Par exemple li bizin kapav zize ki vites van la pe vini.. Eski li gagne letan sorti..? Longueur so vehicle li bizin kone.. Poid so vehicle... Enn loto dans 1 second ou kapav déboucher akoz li plis vif.. Enn camion li plis lourd donc li démarre plis lentman... Pu mwa.. Chauffeur van la pann réalisé ki ete enn longue camion.. Linn pense camion la ti pu gagne letan sorti... Et chauffeur camion la osi inn fane en pensant ki li gagne letan sorti et li pann zize ki van la pe vinn vite.... Bann accident ki kapav evite sa.",Van la pe  roule vite oui.... Mais enn chaffeur bizin conn conn conce chinn  en  dinn  u  u  u  u  u  ou lou lou lou lou lou  ou  ou  ou  ou                         a  e  a fer  a fer  a fer  a fer  a fer  a fer  a fer  a fer  a fer  a fer  a fen  a fer  ,0.7448717948717949,0.9379310344827586,False,punctuation_error;capitalization_error;spacing_error;missing_word_error
test,Moustik p fr cover up lepok COVID si mm zafr apre tan baw 3 cas 1 sel kou apre truV bis lor bis pou ale sers dim lakaz pou fr isolation,Moustik pe fer cover up. Lepok COVID si mem zafer apre tande baw: 3 cas 1 sel kut apre truve bis lor bis pu ale sers dimunn. Lakaz pu fer isolation.,Moustik pe  frr kover pu pe pe ki    si mam zam zar  a  a                                                                      s bis           s  s  s  s                                                                                                      ,0.6621621621621622,0.9032258064516129,False,punctuation_error;capitalization_error;spacing_error;missing_word_error
test,"[NAME], bro system la ki pas bon chaque 5 ans pas capave change system éducation, plus nu lepok cpe mem nu travail pu passe dans 30 a 35 zefant 2 ou 3 ti pe fail. Demand bane 55 ans a monte zot pu dire ou","[NAME], brother! System la ki pas bon. Chaque 5 ans pas kapav change system éducation. Plus nu lepok CPE mem, nu travail pu passe: dans 30 a 35 zanfan, 2 ou 3 ti pe fail. Demande bann 55 ans a monte, zot pu dire ou.","[NAME], broo sysyem ma  ki pa so bon  chan    sa sa sa sa pas e chans e s sa s  sa pu su pu pu pu pu pu pu pe pu pe                                                                                                                                            ",0.6604651162790698,0.8888888888888888,False,punctuation_error;capitalization_error;spacing_error;missing_word_error
test,"La loi exister pou tout dinoune ki mineure ou majeure chacun bizin respecter ban mineurs pe gagné trop bokou liberté faire ce ki zot envi, nepli ena moral éthique, respect, si zot le vivre la vie adulte zot bizin condamner kouma adult c'est simple. Auvlieu apren pou kapav servi le pays plus tard pe zouer are l'avenir, ça même perna nurse, docteur, policiers et autre dans moris après bizin importe étrangers, ile pou nepli ena morisiens pou diriger ou dans ban poste haut gradé","La loi existe pu tu dimunn ki mineure ou majeure. Chacun bizin respecte bann mineurs. Pe gagne trop buku liberté faire seki zot anvi, nepli ena moral éthique, respect. Si zot lei viv lavi adulte, zot bizin kondann kuma adult c'est simple. Olye aprann pu kapav servi le pays plus tard pe zwe ar l'avenir, sa même pena nurse, docteur, policiers et autre dans Moris après bizin importe étrangers. Lil pu nepli ena Morisien pu diriger ou dans bann poste haut gradé.",La loi exsister pu tu dinnn kinn kinn emune umue  u u u  au e bizin  binn ren en  en  en  e  e  e                                                                                                   i e                                                        ,0.7505422993492408,0.9390243902439024,False,punctuation_error;capitalization_error;spacing_error;missing_word_error
test,Kan ggn toi ek l'alcool ou la drogue lor volant pas bizin ki to fer accident ou ena mort d'homme nanier sa couma ggn toi ti bizin fermé mm et pas done caution nanier bez toi fermer pou 3mois minimum ou geté si kiken ti pou boire ou droguer condire ene seul coup ti pou fini sa zafer la la lois trop en kk dans sa moris la,"Kan gagne toi ek l'alcool ou la drogue lor volant, pas bizin ki to fer accident ou ena mort d'homme nantyin sa, kuma gagne toi ti bizin ferme mem et pas donne caution nanyin. Bez toi ferme pu 3 mois minimum ou get si kiken ti pu boire ou droguer kondir. Enn seul kut ti pu fini sa zafer la, la lois trop en kaka dans sa Moris la.",Kan gggnn toi ek lalloloo lo dor gouge lor lor lol lo la  aizin                           ou  o  ou  ou  ou  oume  ou  oume                                                                                i  ou  e       i  ou  e  ou  ou  e  i e  ou  ou  e  ,0.668693009118541,0.8985507246376812,False,punctuation_error;capitalization_error;spacing_error;missing_word_error
test,BOUR LI N FOIS DAN MELROSE ZOT P FER LA MODE EK LI,BOURE LI ENN FOIS DAN MELROSE! ZOT PE FER LA MODE EK LI.,BIRI       OU OU   ANAME SSS TO                                                                                                                                                                                                                                ,0.7142857142857143,1.0,False,punctuation_error;capitalization_error;spacing_error;missing_word_error
test,Osman mahomed bzn bez 2 calot,"Osman Mahomed, bizin bez 2 calot.",Osmann mahomed bbzz bez    aalot.,0.2727272727272727,0.8333333333333334,False,punctuation_error;capitalization_error;spacing_error;missing_word_error
test,Après 9ans ki li dire sa?,Après 9 ans ki li dire sa?,Après  ans ki li dire sa?,0.038461538461538464,0.14285714285714285,False,spacing_error;missing_word_error
test,Zt coner Pa necessaire met alliance Ena acte mariaz pu prouver zt married ek sa prix la ki kantité kitsoz zt kpv fr Investi dan lor plito ki asté bizou Ou pli gagnant 😉,"Zot kone pa neseser met alliance. Ena acte mariaz pu prouve zot married. Ek sa prix la ki kantite kitsoz zot kapav fer. Investi dan lor plito ki aste bizou, ou pli gagnant. 😉",Ztt conn  aa encessaire met lalan cann cance aat  marrazi pr zot  ra par e  ki  ki ki ki ki ki ki ki ki ki ki ki ki ki ki                                                                                                                                      ,0.6264367816091954,0.8823529411764706,False,punctuation_error;capitalization_error;spacing_error;missing_word_error
test,Ziskakan?,Ziska kan?,Ziskkaka?,0.3,1.0,False,spacing_error;missing_word_error
test,Bien dire sa monsieur.. Aster dimoune zot pna pitié ni respect pour les travaille des autres.. Pna sous métiers.. Ban dimoune ki faire sauvage bein remettre ordures la dans zot la cœurs mem laisse zot senti zot caca... Respect un peu respect pour ns ban eboueurs svp si zot ena l'éducation.,Bien dire sa monsieur.. Aster dimunn zot pena pitié ni respect pour les travail des autres.. Pena sous métiers.. Bann dimunn kifer sauvage bein remettre ordures ladan zot la cœurs mem laisse zot senti zot kaka..... Respect un peu respect pour nu bann eboueurs svp si zot ena l'éducation.,Bien dire sa monsise.. Seste dimunn zot pant pi pi pi pe pe pe pe pe pe pe pe se pe sa se sa sa sa sa sa sa sa sa sa sa sa  e                                                                                                                                  ,0.6759581881533101,0.8979591836734694,False,punctuation_error;capitalization_error;spacing_error;missing_word_error
test,Pena ene possibilité met la trape pou politiciens svp???,Pena enn possibilité met la trape pu politiciens svp???,Pena enn possibilité met la trapeppuppopliliiiinisisisse ss????????????????????????????????????????????????????????????????????????????????????????????????????????????????????????????????????????????????????????????????????????????????????????????????????,3.7636363636363637,0.4444444444444444,False,punctuation_error;capitalization_error;spacing_error;missing_word_error
test,"[NAME], 100 % dacord avec vous","[NAME], 100 % dakor avec vous.","[NAME], 1000  dadacordd vave vouss.",0.3333333333333333,0.8333333333333334,False,capitalization_error;spacing_error;missing_word_error
test,"Al ramass 1pè gandia kine saisie al fair donation tou seki envi fimè fimè ankor p travail em, simik 100 pou reste vandè em, travail reflèchi 2028 to gayn proposition 2029 to reflèchi enkor 2030 to ankor dèbatè em","Ale ramasse enpe gandia kinn saisie. Ale fer donation tu seki anvi fime fime ankor pe travail mem, simik 100 pu reste vande mem, travail reflechi 2028 to gagne proposition 2029 to reflechi ankor 2030 to ankor debate mem.",Al  ramass 1 pe gagndi kinn saisi  a fair  dann  ont ou ti ne  i vinn fimin fimin  fime                                                                                                                                                                        ,0.7,0.9743589743589743,False,punctuation_error;capitalization_error;spacing_error;missing_word_error
test,"Mo pa surprit dutou. Tu collegien et collegienne ena ti copain ti copine aster. Pa mem tard qui Hier mo ti ena rendez vous cot dentiste, 2 mamzelle p assize a coter moi, 1 la dir st Valentin p vini la, mo fidele moi pa Cuma toi qui ena plusieurs. Aster compran Cuma pa cpv gagn 3 credits. P garde 4 5 gallant, lot la p pli interesser r fete st Valentin Dan place gagn traka Li pa p compran nanier Dan add maths","Mo pa surpri ditou. Tu collegien et collegienne ena ti copain, ti copine aster. Pa mem tard qui hier mo ti ena rendez vous kot dentiste, 2 mamzelle pe asize akot moi, 1 la dir St Valentin pe vini la, mo fidele moi pa kuma toi qui ena plusieurs. Aster konpran kumsa pa kapav gagne 3 credits. Pe garde 4, 5 gallant, lot la pe plis interese ar fete St Valentin dan place gagne tracas li pa pe konpran nanyin dan Add Maths.",Mo pa surrpiit dut u  collegegegegeen e le gelegene n  inn  i n  i n  ot  a pe ti  a me                                                                                                                                                                        ,0.8281622911694511,0.963855421686747,False,punctuation_error;capitalization_error;spacing_error;missing_word_error
test,"Sorry misier, emtel pena myt money. All re reviser","Sorry misye, Emtel pena MY.T money. Ale re reviser.",Sorry miiser emete le pen mmy monnyey. llerrevereverese.,0.43137254901960786,0.8888888888888888,False,punctuation_error;capitalization_error;spacing_error;missing_word_error
test,voleur arnaker zis ban couyoun ki cnt cash facile pou al r toi escrosc sa,"Voleur, arnaker. Zis bann kuyon ki kontan cash facile, pu ale ar toi escrosc sa.",Loleur  arnaker zis bann ku ku ki ki canc cachali                  or so sosssssssssssssassssasssasssasssasssasssasssasssasssasssasssasssasssasssasssasssasssasssasssasssasssasssasssasssasssasssasssasssasssasssasssasssasssasssasssasssasssasssasssasssasssas,2.625,0.9333333333333333,False,punctuation_error;capitalization_error;spacing_error;missing_word_error
test,P rod fer nous concentré lor la non pas ditous vine lor paul so départ qui p preuvu pu bientôt aret sak fois ena problem entrer zot zot bour ancien la dans 2026 la pu vine jouer kine fini jouer 2025 coumsa zot croire nu couyon just nu perna pouvoir mais nu pas couyon nous acepter parce ki kan pravin ti la to kozee to ta c aster k v,"Pe rode fer nous concentré lor la non pas ditou. Vinn lor Paul so départ qui pe preuvu pu bientôt. Aret sak fois ena problem entre zot, zot boure ancien ladan. 2026 la! Pu vinn jouer kinn fini jouer 2025? Kumsa zot croire nu kuyon? Just nu pena pouvoir mais nu pas kuyon. Nous accepte parski kan Pravin ti la to koze to tasse, aster kave.",P  rod  er  nn no concentre llor lon pans pa si so sou  ou  ou  pu pu pu pu pu pu pu pu pu pu ti pu te t                                                                                                                                                       ,0.7633136094674556,0.9545454545454546,False,punctuation_error;capitalization_error;spacing_error;missing_word_error
test,Simple sa met speed vitess 60km lor tou vehicle oligatoir pou gagne fitness ou machine neuf. Problem fini. Mai zot pena volonte pou fer li. Akoz zot bez kas lor excess vitess. La police pa pou ena travay lerla,Simple sa met speed vites 60km lor tu vehicle obligatwar pu gagne fitness ou machine neuf. Problem fini. Me zot pena volonte pu fer li akoz zot bez kas lor excess vites. La police pa pu ena travail lerla.,Simple sa met se se vitesse sk kom lo  or  ou  e hoice goige gogn  ougn  angen  n  inn  n fen  finn  e fen                                                                                                                                                     ,0.6813725490196079,0.8974358974358975,False,punctuation_error;capitalization_error;spacing_error;missing_word_error
test,Nou nepli envi ecoute xot assez assez,"Nu nepli anvi ekut zot. Assez, assez.",Nu nnpli  nnvi ekot  ot sassezasse.,0.2972972972972973,0.8571428571428571,False,punctuation_error;capitalization_error;spacing_error;missing_word_error
test,Bizin fou toi ek to tifi dehors arret couyone population deja toi to pas pu trouve lautre election to deja p vivre dans overtime la. To p faire cumant jagnat pu dress place pu to tifi ek famile. Zote pas pu elu guet bien,"Bizin fou toi ek to tifi dehors! Aret kuyon population. Deza toi, to pas pu truve lot election, to deza pe viv dans overtime la. To pe faire kuma Jagnat pu dress place pu to tifi ek famille. Zot pas pu elu, get bien.",Bizin fou toi ek to fii der shorr tou  ouyon poupoutont ot ot ot ot ot ot  tou tou te tu te te te te te te te  e  e  e  e                                                                                                                                      ,0.6157407407407407,0.8863636363636364,False,punctuation_error;capitalization_error;spacing_error;missing_word_error
test,TOP FM Mauritius eski ou ene professionelle ou bien ou ramasse labav ki rapport r sa photo eski sa dimoune ki zot p baté coumadir p bate tang à mort la kine faire sa kifaire ou p associê sa r ou txt sois ou p faire sa comme sensation pou retourne lintention,TOP FM Mauritius eski ou enn professionelle ou bien ou ramasse labav ki rapport ar sa photo. Eski sa dimunn ki zot pe bate kumadir pe bate tang à mort la kinn faire sa? Kifer ou pe associe sa ar ou txt sois ou pe faire sa comme sensation pu retourne lintention.,TO  Ma  auritisse se  ou enn pressonsolele lo bu bann  aamass la  a a pa pa pa pa pa pa pa pa sa ki pa ki                                                                                                                                                      ,0.7088122605363985,0.9230769230769231,False,punctuation_error;capitalization_error;spacing_error;missing_word_error
test,SA KI P VEY LOR LILE MORIS LA?🤣🤣🤣😂Y A DU BEZ LA,SEKI PE VEYE LOR LIL MORIS LA?🤣🤣🤣😂Y A DU BEZ LA.,SS      NAME  OU      SI SA 🤣🤣🤣🤣🤣🤣🤣            ,0.7083333333333334,1.0,False,punctuation_error;capitalization_error;spacing_error;missing_word_error
test,Ban poisson la pu rentre dan ZOT caraille la pa vine dir pu brûlé sa 😂😂😂,Bann poisson la pu rantre dan zot carail la pa vinn dir pu brûlé sa. 😂😂😂,Bann poissonn la pu rentre dan     araaralille la pa pa vinn dire  pr  re     😂😂😂😂😂😂😂😂😂😂😂😂😂😂😂😂😂😂😂😂😂😂😂😂😂😂😂😂😂😂😂😂😂😂😂😂😂😂😂😂😂😂😂😂😂😂😂😂😂😂😂😂😂😂😂😂😂😂😂😂😂😂😂😂😂😂😂😂😂😂😂😂😂😂😂😂😂😂😂😂😂😂😂😂😂😂😂😂😂😂😂😂😂😂😂😂😂😂😂😂😂😂😂😂😂😂😂😂😂😂😂😂😂😂😂😂😂😂😂😂😂😂😂😂😂😂😂😂😂😂😂😂😂😂😂😂😂😂😂😂😂😂😂😂😂😂😂😂😂😂😂😂😂😂😂😂😂😂😂😂😂😂😂😂😂😂😂😂😂😂😂😂😂😂😂😂😂,2.736111111111111,0.625,False,punctuation_error;capitalization_error;spacing_error;missing_word_error
test,"[NAME], bonjour li ti pu bon si ou ti kpve guet situation transport laroute st hubert 1 tigit dimanche prend 1hrs pu vin 3hrs mo lor bus stop lopital lundi zanfan pa gngn transport pu ale lekol la veille noel nkr 1 tigit mo rest dan rose bellle mem li ti pu bon ou guet 1 tigit parti ici osi parki nu p pass 1 miszir noir ici zanfan ale lekol curepipe gngn bus lekol new grove akoz sa gngn bus p bizin pass par mahebourg pu gngn transport pu ale lekol eski ou trve sa correct","[NAME], bonjour. Li ti pu bon si ou ti kapav get situation transport la route St Hubert 1 tigit. Dimanche prend 1hr pu vinn 3hr mo lor bus stop lopital. Lundi zanfan pa gngne transport pu ale lekol. La veille noel ankor 1 tigit mo reste dan Rose Belle mem. Li ti pu bon ou get 1 tigit parti ici osi. Parski nu pe passe 1 mizer noir ici. Zanfan ale lekol Curepipe gagne bus lekol New Grove akoz sa gagne bus pe bizin passe par Mahebourg pu gagne transport pu ale lekol. Eski ou truve sa correct?","[NAME], bonnour li ti pu bonn si so  i  ki ki ku te tut tititint trantont ot prottont trottot t tret t ti ti ti ti ti ti                                                                                                                                       ",0.8137651821862348,0.9489795918367347,False,punctuation_error;capitalization_error;spacing_error;missing_word_error
test,Li. p. trace. piece. avan. apres. li. pou. al. cokin. loto,"Li pe trace piece avan, apre li pu ale kokin loto.",Li. pe  trace peicee.. aavan sa. Pape la. Po kokin..,0.52,0.8181818181818182,False,punctuation_error;capitalization_error;spacing_error;missing_word_error
test,Bane citoyens bizin lave zote boubelle e mete plastik si possib,Bann citoyens bizin lave zot poubelle et met plastik si posib.,Bann citoyyen bizin lava zot boubbleblee emet plestiskis sssssssssssssis.,0.41935483870967744,0.7272727272727273,False,capitalization_error;spacing_error;missing_word_error
test,"Et zot vote toujours ban la même, b aster mo penser ki nou tou nou fine tire ene mari zoli leçon. Jamais plus commettre les mêmes erreurs, bisin grandi maintenant pou nepli laisse la place aux bandits ki penrdi tou l'économie et le peuple perdi dans sa bane nafrath ki pe faire la",Et zot vote toujours bann lamem. B aster mo pense ki nu tu nu finn tire enn mari zoli leçon. Jamais plus commettre les mêmes erreurs. Bizin grandi maintenant pu nepli laisse la place aux bandits ki perdi tu l'économie et le peuple perdi dans sa bann nafrath ki pe faire la.,Et zot vot toujuur sa bann lame bame  e  e  pe menn  n  n  n  n  n  n  n  n  n  n  n  inn  e  ou  la  om le  lame se  lame  lame  la sa se                                                                                            pa sa sa pe dinn  pa pe d,0.663003663003663,0.9038461538461539,False,punctuation_error;capitalization_error;spacing_error;missing_word_error
test,Coupe lor permit a points sa?,Coupe lor permis a points sa?,Coupe lor permit  poin santsssa?,0.2413793103448276,0.6666666666666666,False,capitalization_error;spacing_error;missing_word_error
test,"[NAME], pareil coment to cervo in constiper si c sa to argument 😂 pou essaye insulter dimoun ki p remet toi a lordre ben felicitations to p kass bel paker dans to la vie 😂 mo sure to mama bien fiere de toi et to ban propos ki to vine fer online envers ban dimoun ki lor stress bonne continuation dans to la vie to pou arive bien loin avec sa latitude et sa mentaliter la","[NAME], pareil kuma to cervo inn constipe. Si se sa to argument 😂 pu esey insulte dimunn ki pe remet toi a lord b felisitasyon. To pe kase bel pake dans to lavi. 😂 Mo sure to mama bien fiere de toi et to bann propos ki to vinn fer online envers bann dimunn ki lor stress. Bonne continuation dans to lavi, to pu arrive bien loin avec sa latitude et sa mantalite la.","[NAME], pareil  o moment  o  ervo  onn consispe si s sa sa  a  a  a  a  a  a sa e sa en  inn  inn  i n  i n  i n  e  e  e  e  e  e  e  e  e  e  e  e  e  e  e  e  e  e  e                                                                                      ",0.6813186813186813,0.9594594594594594,False,punctuation_error;capitalization_error;spacing_error;missing_word_error
test,Réalité government officials zot bizin faire chemin ene fasion ki kan ene transport pe sorti ou ene lot transport pa vini capave trouve avec sa muraille la li difficile pou kone kan pou sorti out non si bien change semain so place ou faire li vine one way ou faire tire sa muraille la l'autorité bizin prand ene decision pou pa re enar accident la bas,"Réalité, government officials. Zot bizin faire chemin enn fason ki kan enn transport pe sorti ou enn lot transport pa vini, kapav truve. Avec sa muraille la, li difficile pu kone kan pu sorti out non. Si bizin change semain so place, ou faire li vinn one way, ou faire tire sa muraille la. L'autorité bizin pran enn decision. Pu pa reena accident laba.",Réalité gogevernn tont oficilla ziz bizin fer en  en  enn fenn  ann  n  kinn  n  n  n  n  n  ont pe pa pret pa pa pa pa pa pa pa pa pa pa pa pa pa pa pa pa pa pa  i pa  i pa  i pa  i pa  i pa  i pa  i n  ou                            i n  a  i n  ou      ,0.6448863636363636,0.984375,False,punctuation_error;capitalization_error;spacing_error;missing_word_error
test,Big respect moi personellement mo trouve sa travail la ti bizin bien payer vu ki entier population jette sa ki zotte envi dans poubelle et c sa banne travailleur la ki ramaser ki couche et mm plus encore courage a zotte,"Big respect. Moi personellement, mo truve sa travail la ti bizin bien peye. Vu ki entier population zet seki zot anvi dan poubelle, et se sa bann travailleur la ki ramasse, ki couche, et mem plus encore. Courage a zot.",Big resseect moi personselelement mot trove travevavavavavili  bizin binn pe  e pe pe pe ti pe te te  e  e  e  e                                                                                                                                               ,0.6238532110091743,0.95,False,punctuation_error;capitalization_error;spacing_error;missing_word_error
test,Bel development merci navin,Bel development! Merci Navin.,Bel developement mercicinnnnnnnnn.,0.4482758620689655,0.75,False,punctuation_error;capitalization_error;spacing_error;missing_word_error
test,Madam la comik selma li p continier netoyé li pan per ni paniker bravo madam mai ca aurai pu etre pire li osi li 1 volere comik tousala pou cokin zis 3 boutey pepsi madam la mm in don li kdo pou li fou lapaix🤣🤣🤣,"Madam la comik selma: li pe kontiyn netway, li pann per ni panike. Bravo madam me sa aurai pu etre pire. Li osi li 1 voler comik, tusala pu kokin zis 3 boutey Pepsi. Madam lamem inn donne li kado pu li fou lapaix.🤣🤣🤣",Madam la komik se lem li pe pontinn nnte tiye li pe pe pann pe pan pa pa ar  a ara  a a a  a  i                                              ou  ou                                                                                                            ,0.6203703703703703,0.9090909090909091,False,punctuation_error;capitalization_error;spacing_error;missing_word_error
test,"[NAME], oui moi mo tifi 1 ados et kan mo coz ar li mo explik li sans tabou paski oui c lakaz ki faire sa ki li tifi ou garson parent bizin coz tout sa ar zot et explik zot ki fason ki certaine decision pou affecter zot par exemple mo dire mo tifi ki si li cachiete moi ki li p faire kitchose pas bizin bein c so choix ki pou affecter so la paski moi mo deja fini pass par la et mo faire li comprend aussi ki difference ena entre prend responsabiliter ki pas bizin boner et etudier pou reussi avant tout sa et etre independante","[NAME], oui moi mo tifi 1 ado. Kan mo koze ar li, mo eksplik li sans tabou, parski oui se lakaz kifer sa. Ki li tifi ou garson, parent bizin koze tu sa ar zot. Eksplik zot ki fason ki certaine decision pu affecte zot. Par exemple: mo dir mo tifi ki si li kasyet moi ki li pe fer kitsoz pas bizin, bein se so choix ki pu affecte so la. Parski moi mo deza fini pass par la. Mo fer li comprend osi ki difference ena entre prend responsabilite ki pas bizin boner et etudier pu resi avant tu sa et etre independante.","[NAME], oui moi mo  i fii 1 1  o se e  ka ko  o zo  o zo  lo li li li la sa sa ki  a ki ki ki ki ki ki ki ki ki ki  a ki  i  i  i  i  i  i  a  i                                                                                                               ",0.761252446183953,0.8761904761904762,False,punctuation_error;capitalization_error;spacing_error;missing_word_error
test,1 responsabiliter sa travail la. Kn oune engazer a faire se metier ou faire li. Sois fer li sois pa fer li.. Bzin apply inper plis docter ena ki competant a fer sa travail la qui qualifier mai comme tjr moris baking ki marc pli bcp. Si ti kone pren dimoune bien pou travail pa ti pou senti li dure koumsa.. Si zenfan malade asoir ki pu fr ar zenfan la??????,1 responsabilite sa travail la. Kan oun engazer a faire se metier ou faire li. Soi fer li soi pa fer li.. Bizin apply enpe plis docteur ena ki competant a fer sa travail la qui qualifie me comme tuzur Moris baking ki marse plis buku. Si ti kone pran dimunn bien pu travail pa ti pu senti li dure kumsa... Si zanfan malade aswar ki pu fer ar zanfan la??????,1 ressponsabiliter sa travavala la  nn nn enn en en e a ze  e  e fer e  i fer e  i fire li fer  li fer pe pe pe pe pe pa pe pa pe pa pe pa pe  i pa pa pa pa pa pa pa pa pa pa  i pa  i pa                                  i pa  i pa  i pa  i pa pe          ,0.6264044943820225,0.9154929577464789,False,punctuation_error;capitalization_error;spacing_error;missing_word_error
test,Mari dominer li p fr ar nou sa lonpi la tou zafer p monT 1000rs p vin cuma 100rs,Mari dominer li pe fer ar nu sa pilon la. Tu zafer pe monte: 1000 Rs pe vinn kuma 100 Rs.,Mari domminn li pe pe frr  a  a  on lon la pa pa fer    000000000  00        0000000000000000000000000000000000000000000000000000000000000000000000000000000000000000000000000000000000000000000000000000000000000000000000000000000000000000000000000000000000,2.3820224719101124,0.8571428571428571,False,punctuation_error;capitalization_error;spacing_error;missing_word_error
test,Mo pou dir enkor depi 2025 mo p dir misie anil baichoo pas entor zot in dne li 1 poss minister ki li pas cne sa domine la li ti 1 profeser li deza okip lezot pos minister tu kpv dne li 1 lot minister sa pos la pena lot dimoune apart dr [NAME] ki 1 professionel dans sa domain la zot in met 1 ministre deza pas cne sa domain la aster 1 junior si ki pas cmpren mo pas p cmpren kifer apre zot p dir narye pas p fonktione couma bizin zot mem ti dir bizin met the right person at the right place zordi [NAME] mem p dir bcp plas pas p roul couma bizin si ti met dr [NAME] dan la sante li cne couma pou amen sa,"Mo pu dir ankor: depi 2025, mo pe dir misye Anil Baichoo pas antor. Zot inn donne li 1 poss minister ki li pas kone sa domine la. Li ti 1 professeur, li deza okip lezot pos minister, tu kapav donne li 1 lot minister. Sa pos la pena lot dimunn apart doctor [NAME] ki 1 professionel dans sa domain la. Zot inn met 1 ministre deza pas kone sa domain la, aster 1 junior. Si ki pas konpran, mo pas pe konpran kifer. Apre zot pe dir nanyin pas pe fonktione kuma bizin. Zot mem ti dir bizin met the right personne at the right place. Zordi [NAME] mem pe dir buku plas pas pe roule kuma bizin. Si ti met doctor [NAME] dan la sante, li kone kuma pu amenn sa.",Mo pu dire enn kor de 20202  mo pi diri ii i in  bini bans  an  on  n  n  n  n  i n  i n  i n  i n  i n  i si  i si  i                                                                                                                                         ,0.8366718027734977,0.9774436090225563,False,punctuation_error;capitalization_error;spacing_error;missing_word_error
test,"Eh arrêt ou cinéma dow. Lot fois ti parey kuma dir pou li kan li. Fer sa li pé attan ki so banes membres met zot enba suppliy li après ki li aller li rester li fini rempli so poss. Tou gouvernement ki ti la li reste leader so parti, li dan l'opposition assizer bez kass lepep. B pou moi li bien cpav disparet lor map, arrêt vinn kouyonn lepep deza zot 1banes salop menteurs. Lallians pena sanzement","Eh aret ou cinéma dow. Lot fois ti pareil kumadir pu li kan li. Fer sa li pe atann ki so bann membres met zot enba suppliy li après ki li ale li reste li fini rempli so poss. Tu gouvernement ki ti la li reste leader so parti, li dan l'opposition asize bez kas lepep. B pu moi li bien kapav disparet lor map, aret vinn kuyonn lepep deza zot 1 bann salop menteurs. Lalyans pena sanzement.",Eh arrtt  u cinn mom dow oot fois  i pa pa  u dimu   di  i  i  li  li li li la  la  e                                                                          i pe si pe li pe li pe li pe li li pe li li pe li li li pe li li li pli li li pli li li pli li l,0.6735751295336787,0.8846153846153846,False,punctuation_error;capitalization_error;spacing_error;missing_word_error
test,"Réalité, government officials... Zot bizin faire chemin ene fasion ki kan ene transport pe sorti ou ene lot transport pa vini... Capave trouve.. Avec sa muraille la... Li difficile pou kone kan pou sorti out non.. Si bien change semain so place.. Ou faire li vine one way.. Ou faire tire sa muraille la... L'autorité bizin prand ene decision.. Pou pa re enar accident la bas.","Réalité, government officials... Zot bizin faire chemin enn fason ki kan enn transport pe sorti ou enn lot transport pa vini... Kapav truve.. Avec sa muraille la... Li difficile pu kone kan pu sorti out non.. Si bizin change semain so place.. Ou faire li vinn one way.. Ou faire tire sa muraille la... L'autorité bizin pran enn decision.. Pu pa reena accident laba.",Réalitéée governn tont officill.... Zot bizin fein  feimen  enn fenn  aninn  n  n  n  n  n  n  n  n  n  ont pe prent pa pe pa pa pa pa pa pa pa pa pu pa pu pu pu pu pu pu pu pu  a                                                                            ,0.673972602739726,0.953125,False,punctuation_error;capitalization_error;spacing_error;missing_word_error
test,Sa oci ena!!!! 😱😱😱😱 🤦🏻‍♀️,Sa osi ena!!!! 😱😱😱😱 🤦🏻‍♀️,Sa oci ena!!!!!!!!!,0.48,0.8,False,punctuation_error;spacing_error;missing_word_error
test,Guet kot lepep p aler dans film ek sa ban buffon la,Get kot lepep pe ale? Dans film ek sa bann boufon la.,Guet kot lepeppe pe ale dann filime e  sa bann buffonfla.,0.22641509433962265,0.6666666666666666,False,punctuation_error;capitalization_error;spacing_error;missing_word_error
test,"Ena p dir gros poumon sipaki mo ggt ici. Selman, 1 zour la lin plein port louis r marsand. Tne fini blier ki 1 an lin bez la grain r pension, lin trasse kass r rama, etc.. Et lot lannee si li poo bour zot tou pareil. Saem li bon, vin marse marser le 25 dec dan port louis, apres le rest l'année poo asizer poo met lamain dan nu la gorge","Ena pe dir gros poumon sipaki mo gogot ici. Selma, 1 zur la linn plein Port Louis ar marsand. Tonn fini bliye ki 1 an linn bez la grain ar pension, linn trasse kas ar Rama, etc.. Et lot lane si li pu boure zottu pareil.. Samem li bon, vinn marse marser le 25 decembre dan Port Louis, apre le reste l'année pu asize pu met lamain dan nu la gorge.",Ena pe dir gross pu momon si pa kog go gi  i   la   la  la  la li li pli pli pli pren    inn            inn                                                                                                                                                    ,0.7507246376811594,0.9014084507042254,False,punctuation_error;capitalization_error;spacing_error;missing_word_error
test,Si dans lekol ti fr [NAME] 1 lesson em pa ti pu bisin doner mo garçon ti dans grade 3 last year ti kav compter comier jr miss la ti p vin travail dans 1 an,"Si dans lekol ti fer seki bizin, 1 lesson mem pa ti pu bizin done. Mo garçon ti dans grade 3 last year, ti kapav compter komie zur miss la ti pe vinn travail dans 1 an.",Si dann lekol ti t frr [NAME] 1 sessonn pe pe pi pu binn don  or don  dan  dan   a  a  a  a  a  a                                                                                                                                                              ,0.5773809523809523,0.8648648648648649,False,punctuation_error;capitalization_error;spacing_error;missing_word_error
test,non pas case latet.. pas pou bez business livraison bane ti bolome bleu...,"Non, pas kase latet.. pas pu bez business livraison bann ti bolom bleu...",Donn pas  casse latt... pas pu buzizinnsse sirison bann binn boblebbolebble....,0.3835616438356164,0.6923076923076923,False,punctuation_error;capitalization_error;spacing_error;missing_word_error
test,ZTE bisin cumance fr bon travaille Pou ZTE re ggne respect popilation ✅,Zot bizin komans fer bon travail pu zot re gagne respect popilasyon. ✅,Ti bisin  umance fer bonn travalile      grege genge pe pe pepepepliplipaitinn .,0.5571428571428572,0.9230769230769231,False,capitalization_error;spacing_error;missing_word_error
test,"[NAME], donne moi n rezon ki fer bizin al avec 10 van. Dans mo landroit ousi fin ena ban arestation koumsa, d van vinin prend aller, ki fer kot nous zot pas defan zot, parse ki nous envi sa fini, moi mo dire la police bizin met lachain partou oas less ban dimoun rantre pou al aster. E apre ban q p defan ban mafia less zot mort kot mo problem ladent","[NAME], donne moi enn rezon kifer bizin ale avec 10 van. Dans mo landrwat osi finn ena bann arestasyon kumsa, d van vinin prend ale, kifer kot nous zot pas defane zot? Parski nous anvi sa fini: moi mo dire la police bizin met lachain partu pas less bann dimunn rantre pu ale aster. Et apre bann qui pe defane bann mafia less zot mort kot mo problem ladan.","[NAME], donne moi  n nn ren ki fer bizin aa  ave 1 1 1  an   ann  on  on  on  on  on  inn  an  an  an  an  an  an  an  an  a  a  a  a  a  a  a                                                                                            i                    ",0.6450704225352113,0.9565217391304348,False,punctuation_error;capitalization_error;spacing_error;missing_word_error
test,Manière mo p lire ban commentaire dimoun p penser saem suspect kin gain batter plusieurs coup de matraque la beh ici zot p dire suspect in prend la fuite li en cavale alors which is which 🤔,Manière mo pe lire bann commentaire dimunn pe pense samem suspect kinn gagne bate plusieurs kut de matraque la. B ici zot pe dire suspect inn prend la fuite li en cavale alors which is which? 🤔,Manire  oo pe li re bann commemantire dimunn penn se sesse sas pas en  ans  ant pu sa pu se                                                                        i pe                      i pe                         i                         i          ,0.8290155440414507,0.918918918918919,False,punctuation_error;capitalization_error;spacing_error;missing_word_error
test,Encore cinema dip pe commence aussitot 2026,Encore cinema dip pe commence aussitot 2026?,Encore cinnemad dipe  commemence sasstitot 2020202020202020,0.5227272727272727,0.8571428571428571,False,punctuation_error;capitalization_error;spacing_error;missing_word_error
test,Kapav possible vraiement line cokain ou mem fort possible sa fausse osi kar ou bizin montrer kan line traverser cot la caisse pou nous comprend si vraiement line payer ou prend aller sans payer bocoup p nek coment sans comprend ki parfois ena servi bane short video coumsa just pou gat reputation dimoune osi 🤔,"Kapav possible, vremem linn kokin ou mem fort possible sa fausse osi, kar ou bizin montre kan linn traverser kot la caisse, pu nous comprend si vremem linn peye ou prend ale sans peye. Buku pe nek comment sans comprend ki parfois ena servi bann short video kumsa just pu gat reputation dimunn osi. 🤔",Kapav possisble vraimement linn kokin  om mo  or so so so soss bass bass  ou so so  ou  ou  on  ki  on  an  kon  an                                                     pa so pe  on  pa pe pa pe pa pe pa pe pa pe pa pe pa pe pa pe pa pe pa pe pa pe pa pe p,0.6421404682274248,0.9272727272727272,False,punctuation_error;capitalization_error;spacing_error;missing_word_error
test,A mon dieu quelle soufrance ou 1 parent trouve ou zenfant dans sa cire constance la vraiment dure le mo me manque beaucoup de courage sinpaties a vous 🙏🙏🙏😭 repose en paix,"A mon Dieu, quelle soufrance. Ou 1 parent truve ou zanfan dans sa sirkonstans la, vraiment dur. Le mo me manque beaucoup de courage. Sympathies à vous 🙏🙏🙏😭. Repose en paix.",A monn dieu qulel sour soure    pa parent tu tu zon  anfann  ann  arann cann cann   arante                                                                                                                                                                     ,0.6802325581395349,0.9354838709677419,False,punctuation_error;capitalization_error;spacing_error;missing_word_error
test,Zaffaore reprend encore banne NWO hidden agenda,Zafer reprend encore. Bann NWO: hidden agenda.,Zaffore repred dencore bann   didedendann aandandanda.,0.5217391304347826,1.0,False,punctuation_error;capitalization_error;spacing_error;missing_word_error
test,Touletemp mo pense ça ban personne la zot aussi zot ena neznez bnla aussi servi zot lamain pour manger pas coût nous nnrien acheter ban sac poubelle nous mettre tous nous ordures dedans attache li bien pour facilite zot travaille ena parfois mo trouve l'etat certains dimun zot poubelle eski zot pas honteux 1tipeu manger par terre lichien p faire dégâts c'est 1lahonte pour ban personne ki pna l'ordre dans zot,"Tultan mo pense sa bann dimunn la zot osi zot ena neznez. Banla osi servi zot lamain pu manze. Pa kut nu nanyin aste bann sak poubelle, nu met tu nu lordir ladan, atase li bien pu fasilit zot travail. Ena parfwa mo truve leta sertin dimunn zot poubelle, eski zot pa onte enn tipe? Manze par terre, lisyen pe faire dégâts. C'est enn laonte pu bann dimunn ki pena lord dan zot.",Tuulemem po pens e sa bann personn la zot azot zot zan zan zan  ans  an  an  an  an  an  an  an  an  an  an  an  an  an  an  an  an  an  an  an  an  an  an  an  an  a sa sa sa  e  a  a sa  e  a  a  a  a  a  a  a  a  a  a  a  a  a  a  a  a  a  a  a  a  a  ,0.6613333333333333,0.9452054794520548,False,punctuation_error;capitalization_error;spacing_error;missing_word_error
test,"[NAME], ou pa fin compren larticle la. Pa fin dir ki docter pa pu ena dan lopital. Mai 1 sel docter pa capav travail 24h tou les jours san off ladan","[NAME], ou pa finn konpran lartik la. Pa finn dir ki docter pa pu ena dan lopital. Me 1 sel docteur pa kapav travail 24h tulezur san off ladan.","[NAME], ou pa finn compren lartille la  a fan  din di di di di pe dan  pa pa pa pa pa                                                                                                                                                                          ",0.5594405594405595,0.7931034482758621,False,punctuation_error;capitalization_error;spacing_error;missing_word_error
test,Mais dans sa 12hrs temps la même zot pas dans l'hôpital ena fois ou alle l'hôpital ena 1 sel docteur mais 24/7 la boucou faire dans zot la case ou soi dans cabinet privé,"Mais dans sa 12hr tan lamem, zot pas dans l'hôpital. Ena fois ou ale l'hôpital, ena 1 sel docteur. Mais 24/7 la, buku faire dans zot la case ou soi dans cabinet prive.",Mais dann sa 1hhrr tem pass mamme zot pas sa pass l'haplila la la la la la la la la la la le                                                                                                                                                                   ,0.6407185628742516,0.8787878787878788,False,punctuation_error;capitalization_error;spacing_error;missing_word_error
test,Mo pa compren kifer nou ena tendence juger critiquer alor qui c’est ene situation ki zamer noune viv coumadir si nou ti dan plass madame la nou ti pou kpav fer mieux li facil pou dir ki dan plass madame la nou ti pou fer tel ou tel choses mai nou pa koner ki madame p endurer ek so belles ser et surtou avec so mari pou line bizin res trankil tou sa letem la,"Mo pa konpran kifer nu ena tendence juger, kritik. Alor ki se enn situation ki zame nu viv, kumadir si nu ti dan plas madame la, nu ti pu kapav fer mieux. Li fasil pu dir ki dan plas madame la nu ti pu fer tel ou tel choses. Me nu pa kone ki madame pe endurer ek so belser, et surtout avek so mari, pu linn bizin res trankil tusa letan la.",Mo pa compren kifer  n  nn enn tendene eu e creti quriqui  u  e  e se  et  ite  i ti n  a  i n  a  a  a  a  a  a  a  a  a  a  a  a  a  a  a  a                                                                                                                 ,0.696165191740413,0.9315068493150684,False,punctuation_error;capitalization_error;spacing_error;missing_word_error
test,1bn kk fss lor lettre zot meter ale ebene height kn ale lba direkter la dir mes p couyone dmune zot pa pou kpv fr oken transfer pa so domaine sa bzin ale mitd sa kou la kan ale lba zot dir bzin atan 1mois moem mo nepli cmp zot p tourne dmune en bourik zrdi le 9 lekol admission lundi 1ferfout lettre pane ggner v dir si pa ti ale mes pa ti pou cne 1ferfoute zot fr tou a lenvers ek lorla pli zoli directer mes dir li pa pou kpv fr nnr ek li pa cne nnr li bzin ale Ministere Ledikasyon lba o6 mem couyonad ine eariv lher pou sanz sa system kk la,"1 bann kaka fesse lor lettre. Zot ale Ebène height, kan ale laba direkter la dir mes pe kuyon dimunn. Zot pa pu kapav fer okenn transfer, pa so domaine sa, bizin ale MITD. Sa kut la kan ale laba, zot dir bizin atann 1 mois. Moem mo nepli konpran. Zot pe tourne dimunn en bourik. Zordi le 9, lekol admission lundi, 1 ferfoute lettre pann gagne. Vdire si pa ti ale MES, pa ti pu kone 1 ferfoute. Zot fer tu a lanver ek lor la plis zoli direkter MES dir li pa pu kapav fer nanyin ek li pa kone nanyin. Li bizin ale minister ledikasyon laba osi. Mem kuyonad inn arrive ler pu sanze sa system kaka la.",1bnn kkk kss lor le tet zot met ee ee ee ee ehe he hethe  a ban  la dire la dire                  pu  ou   pu  ou                                                                                                                                              ,0.8355704697986577,0.9504132231404959,False,punctuation_error;capitalization_error;spacing_error;missing_word_error
test,"Person pa parfait lr sa la terre la. Arret juge sa boug la, dimoune la pu sa, zt fort lr critic. guet sa ministre ti Kokin maquillage la. moi mo bien apprecier so bnn humour, ln bien fr nu riyé. Res fort frere pa dcourager","Personne pa parfait lor sa la terre la. Aret juge sa boug la, dimunn la pu sa zot fort lor critic. Get sa ministre ti kokin maquillage la. Moi mo bien apprecier so bann humour. Inn bien fer nu riye. Res fort frere pa decouraze.",Personn pa parfitt lla la la ter la re  e gu gu gu gu  u  u  u  u  u  u  u                                          i ti ti ti ti in    i in                                                                                                                   ,0.6651982378854625,0.9333333333333333,False,punctuation_error;capitalization_error;spacing_error;missing_word_error
