split,input_text,target_text,prediction,sentence_cer,sentence_wer,exact_match,error_categories
test,Ena so cotée pervers ladan. Devek in fair kroir ok pou miam et in install li. Maintenant aboule le cash et teigne tou la eme,Ena so kote pervers ladan. Devek inn fer krwar ok pu miam et inn install li. Maintenant aboule le cash et teigne tu lamem.,Ena so kote pervers ladan. Devek inn fer krwar ok pu miam et inn install li. Maintenant aboule le cash et teigne tulamem.,0.00819672131147541,0.08333333333333333,False,spacing_error;missing_word_error
test,"1danger public. bzn bez fermer pna caution,cbn case lor li la","1 danger public. Bizin bez ferme pena caution, se bann case lor li la.","1danger public. Bizin bez ferme pena caution, kapav case lor li la.",0.1,0.2857142857142857,False,capitalization_error;spacing_error;missing_word_error
test,Parent ki penser si pa met leson piti la pa pou passer mo ena ene tifi zamer lin pren leson dan so la vie et pourtan lin travay super bien lin mem participe dan ban competition kot lin gagner zordi li p alle universite malgre li pa ti pren okaine leson et li ti tou l temp z best dan so classe dan recre li ti p aide ban zenfan ki ti p pren leson et pa ti p conne zte devoir li re explik zte li ti coma ene ti miss,"Parent ki pense? Si pa met lesson, piti la pa pu passe. Mo ena enn tifi zame linn pran lesson dan so lavi et pourtan linn travail super bien linn mem participe dan bann competition kot linn gagne. Zordi li pe ale universite malgre li pa ti pran okenn lesson. Et li ti tultan the best dan so classe. Dan recre li ti pe aide bann zanfan ki ti pe pran lesson et pa ti pe kone zot devoir li re eksplik zot. Li ti kuma enn ti miss.",Parent ki pense si pa met lesson piti la pa pu passe. Mo ena enn tifi zame linn pran lesson dan so lavi et pourtan linn travail super bien. Linn mem participe dan bann competition kot linn gagne zordi li pe ale universite malgre li pa ti pran okenn lesson,0.4131455399061033,0.5168539325842697,False,punctuation_error;capitalization_error;spacing_error;missing_word_error
test,Kan la met 3 crédit pou hsc ça pas incite ban élève moyen travail plus. Ban ce k brillant pou rest top zot. Tandis ce ki ena trois crédit li dire pas casse la têteo coner mo pou fair hsc. Beaucoup ban ce ki ena 3 crédit bizin faire 3 ans au lieu 2 ans hsc pou gagne ene résultat correct sinon résulta la faible dan la majorité des cas. Pou universitaire bizin ena ene bon bagage. La dans cpv ena 1 ou 2 exception mais en général non. Mo garanti ki le taux de réussite pou chuter encore l’année prochain. Ca quantité resource ki ene parent bizin et ki l’état dépenser mo trouver li mouilleur pou 3 crédit alle vers polytechnique ou technique parceki dans trois ans la bas ou sorti avec ene certificat ki permettre ene employabilité instantané. Moi mo fine faire l’expérience et avec preuve à l’appui mo cpv challenge n’importe ki que ce soit,Kan la met 3 crédit pu HSC sa pas incite bann élève moyen travail plus. Bann seki brillant pu reste top zot. Tandis seki ena trois crédit li dire pas kase la tête kone mo pu fer HSC. Beaucoup bann seki ena 3 crédit bizin faire 3 ans au lieu 2 ans HSC pu gagne enn résultat correct sinon rezilta la faible dan la majorité des cas. Pu universitaire bizin ena enn bon bagage. Ladan kapav ena 1 ou 2 exception mais en général non. Mo garanti ki le taux de réussite pu chuter encore l’année prochain. Sa quantité resource ki enn parent bizin et ki l’état dépenser mo truve li meilleur pu 3 crédit ale vers polytechnique ou technique parski dans trois ans laba ou sorti avec enn certificat ki permettre enn employabilité instantané. Moi mo finn faire l’expérience et avec preuve à l’appui mo kapav challenge n’importe ki que se soit.,Kan la met 3 crédit pu HSC sa pas incite bann élève moyen travail plus. Bann seki brillant pu reste top zot. Tandis seki ena trois crédit li dire pas kase la têteo kone mo pu fer HSC. Beaucoup bann seki ena 3 crédit bizin faire 3 ans au lieu 2 ans H,0.7013301088270859,0.6666666666666666,False,punctuation_error;capitalization_error;spacing_error;missing_word_error
test,Ena 1 prof dan 1 college privee a flacq ki fer computer science mem li pa fer so travail bien dan college lin ramasse tou eleves e donne zot leçon li monte ban eleves so la tete contre les autres prof e prnd les autres prof so eleves si pu li so class leçon computer science rempli e les autres prof zot class pena mem eleve leçon miss la bizin fer so travail honetement dan lekol mem en 1er aulieu monte la tete eleve,"Ena 1 professur dan 1 college prive a Flacq kifer Computer Science. Mem li pa fer so travail bien dan college linn ramasse tu zelev et donne zot leçon, li monte bann eleves so latet contre les autres professeur et prnd les autres professeur so zelev si. Pu li so class leçon Computer Science rempli et les autres professeur zot class pena mem zelev leçon. Miss la bizin fer so travail honetement dan lekol mem en 1er aulieu monte latee zelev.",Ena 1 professeur dan 1 college prive a Flacq kifer computer science mem li pa fer so travail bien dan college. Linn ramasse tu eleves et donne zot leçon li monte bann eleves so latet contre les autres professeur et pran les autres professeur so eleves si,0.45475113122171945,0.5555555555555556,False,punctuation_error;capitalization_error;spacing_error;missing_word_error
test,So garson tou lerla b cuma viv ek sa lor ou conscience kpv viv mem philipe tousin ine bien dir ena dimoune ena leker zanimo tou saki tofer 1zour pou retourne r twa🤷‍♂️🤷‍♂️🤷‍♂️,"So garson tu lerla b kuma viv ek sa lor ou conscience? Kapav viv mem? Philipe tousin inn bien dir, ena dimunn ena leker zanimo. Tu seki to fer, 1 zur pu retourne ar twa. 🤷‍♂️🤷‍♂️🤷‍♂️",So garson tu lerla b kuma viv ek sa lor ou conscience kapav viv mem. Philipe Tousin inn bien dir ena dimunn ena leker zanimo tu seki tofer 1 zur pu retourne ar twa.🤷‍♂️🤷‍♂️🤷‍♂️,0.054945054945054944,0.3055555555555556,False,punctuation_error;capitalization_error;spacing_error;missing_word_error
test,Dan sa video particulier laaa van la ti p deja roule r full phare ena different circonstances kot sa accident laa in kav ariv soffer van laa ou camion laa pa ti atan pu ariv 1 tragedie parey pa nek dur sipa chauffeur van laa en tord ou soi camion laaa entord paski personne pa ti laba sa ler kin ariv sa accident laaa pa nek juge dmun kmsaaa paski jur dmun pu juge ou ou pa pu kntn,"Dan sa video particulier la, van la ti pe deza roule ar full phare. Ena different circonstances kot sa accident la inn kapav arrive. Sofer van la ou camion la pa ti atann pu arrive 1 tragedie pareil. Pa nek dur sipa chauffeur van la en tort ou soi camion la antor parski personne pa ti laba sa ler kinn arrive sa accident la. Pa nek juge dimunn kumsa parski zur dimunn pu juge ou ou pa pu kontan.",Dan sa video particulier la van la ti pe deza roule ar full phare. Ena different circonstances kot sa accident la inn kapav arrive? Sofer van la ou camion la pa ti atann pu arrive 1 tragedie. Pareil pa nek dur sipa chauffeur van la en tort ou soi camion l,0.3686868686868687,0.43037974683544306,False,punctuation_error;capitalization_error;spacing_error;missing_word_error
test,"Manque ene tigit, li change so nom tout...!!!😲","Manque enn tigit, li change so nom tu...!!! 😲","Manque enn tigit, li change so nom tu...!!!😲",0.022222222222222223,0.2222222222222222,False,spacing_error;missing_word_error
test,Aryooo xtraa sa frissonsa coumadire mo p tane so maman ki p crier seigneur donne sa famille la courage stp,"Aryo extra sa frisson sa, kumadir mo pe tande so maman ki pe kriye. Seigneur donne sa famille la courage stp.",Aryo extra sa frissonsa kumadir mo pe tande so maman ki pe kriye. Seigneur donne sa famille la. Courage stp.,0.03669724770642202,0.19047619047619047,False,punctuation_error;capitalization_error;spacing_error;missing_word_error
test,Espérons légume la vine bon marché et vende dan tou coin et boutique marketing board. Li pa mauvaise si li controle par l'état capave ene li choux pou vend 10rs 1lbs aricot 25 rs ban marchand legume la va arête tir Nous manger si se comsa ok. Li vaut la peine.,Espérons légume la vinn bon marse et vande dan tu coin et boutique marketing board. Li pa mauvaise si li controle par l'état kapav enn li choux pu vend 10rs 1lbs aricot 25 rs bann marchand legume la va aret tire Nous manze si se comsa ok. Li vaut la peine.,Espérons légume la vinn bon marché et vende dan tu coin et boutique marketing board. Li pa mauvaise si li controle par l'état kapav enn li choux pu vend 10Rs 1lbs aricot 25 Rs. Bann marchand legume la va aret tire nous manze si sekimsa ok. Li vaut la ,0.07421875,0.17647058823529413,False,capitalization_error;spacing_error;missing_word_error
test,Mes sympathy et courage la fami mon pase laba ver 06:45am pompiyer ti lave sime…… ena dimoune pas souvi code de laroute pa mo pe dire…… ce pour sa ki ena boku accident lor nou larout moris,"Mes sympathy et courage la fami. Mon passe laba ver 06:45 am, pompier ti lave sime…… ena dimunn pas suive code de la route pa mo pe dire…… se pour seki ena buku accident lor nu la route Moris.",Mes sympathy et courage la fami. Mon passe laba ver 06:45am pompiyer ti lave sime…… ena dimunn pas souvi code de la route pa mo pe dire…… se pour seki ena buku accident lor nu la route Moris.,0.03125,0.10256410256410256,False,punctuation_error;capitalization_error;spacing_error;missing_word_error
test,"Everyone has undergo private tuition to pass exams... Karmem ou malin or faible... C 1 system ki 2 letemps ti laaa, so ban parents truv sa efficace envoy zot zenfants pour passc et amem bon resultat... Aster si ena pli ki bizin zenfants croire lor 1 prof.... Kuma pour aret sa????... Laise prof laa faire so travail kuma li envi..","Everyone has undergone private tuition to pass exams... Karmem ou malin or faible... Se 1 system ki 2 letan ti la, so bann parents truve sa efficace anvoy zot zanfan pour passe et amem bon rezilta... Aster si ena plis ki bizin zanfan croire lor 1 professeur.... Kuma pour aret sa????... Laisse professeur la faire so travail kuma li anvi..","Everyone has undergo private tuition to pass exams... Karmem ou malin or faible... Se 1 system ki 2 letan ti la, so bann parents truve sa efficace avoy zot zanfan pour passc et amem bon rezilta... Aster si ena plis ki bizin zanfan croire lor 1 professeur.",0.25073746312684364,0.2833333333333333,False,punctuation_error;capitalization_error;spacing_error;missing_word_error
test,"1 seul zafaire mo pou dire, karma, toi ki pa pe faire travail kuma bizin kot dimoune pe souffert acoz zot, be ena enn bon dieu la haut, zot pou ran compte avec sa bon dieu la haut la, la vie courte, demain nou pa conais si nou pou reussi lever ou bien rest dormi meme permanant... Alors faire bon travail, arrete faire du torr zot prochain, zot pêcher zot pou bizin paye sa lor la terre meme avant kit sa la terre la","1 seul zafer mo pu dire: karma, toi ki pa pe faire travail kuma bizin kot dimunn pe souffert akoz zot, b ena enn Bondieu la haut. Zot pu rande compte avec sa bon la haut la, lavi courte. Demain nu pa kone si nu pu resi leve ou bien reste dormi mem permanant... Alors faire bon travail, aret faire ditor zot prochain, zot peche zot pu bizin peye sa lor la terre mem avant kite sa la terre la.","1 seul zafer mo pu dire, karma, toi ki pa pe faire travail kuma bizin kot dimunn pe souffert akoz zot, b ena enn Bondieu la haut, zot pu rande compte avec sa Bondieu la haut la, lavi courte, demain nu pa kone si nu pu resi leve ou bien reste dormi mem per",0.3836317135549872,0.4125,False,punctuation_error;capitalization_error;spacing_error;missing_word_error
test,Ce normal tou ce ki dirige sa peuple la. Pou ena tout sa largent la. Apres ene dimoune ena 25 case pa ale dan prison. Ene ti dimoune vol un pain vini rentre dan prison ce. Li pena kase. Li rest dan prison. Couma pou apelle sa. Linjustice. Dieu et grand pou sa bann ti dimoune. Government tout dan zot la main. Personne meme magistrate fer 2 eme are zot. Pena jusment ni prison pou zot. Deor president ale prison. Ans. Nius suivi sa de pre,Se normal tu seki dirige sa peuple la. Pu ena tu sa larzan la apre enn dimunn ena 25 case pa ale dan prison. Enn ti dimunn vol un pain vini rantre dan prison se li pena kas li reste dan prison. Kuma pu apel sa? Linzistis. Dieu est grand pu sa bann ti dimunn. Government tu dan zot la main. Personne mem magistrate fer 2eme ar zot pena zizman ni prison pu zot deor president ale prison. And nous suivi sa de pre.,Se normal tu seki dirige sa peuple la. Pu ena tu sa larzan la. Apre enn dimunn ena 25 case pa ale dan prison. Enn ti dimunn vol un pain vini rantre dan prison. Se li pena kase. Li reste dan prison. Kuma pu apel sa linjustice. Dieu et grand pu sa bann ti d,0.4209245742092457,0.4642857142857143,False,punctuation_error;capitalization_error;spacing_error;missing_word_error
test,Piscine gonflable sa ki faire journaliste p poster foto piscine article a la con,Piscine gonflable sa. Kifer journaliste pe poste foto piscine? Article a la con.,Piscine gonflable seki faire? Journaliste pe poste foto piscine article a lakon.,0.15,0.5384615384615384,False,punctuation_error;capitalization_error;spacing_error;missing_word_error
test,Dan 4ans zot oci nous pou retire😂et pas bliye nou oci nous pou met latrap😉,Dan 4 ans zot osi nous pu retire 😂et pas bliye nu osi nous pu met latrap.😉,Dan 4 ans zot osi nous pu retire😂et pas bliye nu osi nous pu met latrap.😉,0.013513513513513514,0.11764705882352941,False,spacing_error;missing_word_error
test,"Mo conné se ki li fine fer li impardonnable mais famille pa fine avoy li boire ek droguer, enn minimum compassion pou la famille, parce ki certain commentaire li blessant pou la famille. Enn double peine ler zot lire sa bane commentaire la","Mo kone se ki li finn fer li impardonneable mais famille pa finn avoy li boire ek droguer. Enn minimum compassion pu la famille, parski certain commentaire li blessant pu la famille. Enn double peine ler zot lire sa bann commentaire la.","Mo kone seki li finn fer li impardonnable mais famille pa finn avoy li boire ek droguer, enn minimum compassion pu la famille, parski certain commentaire li blessant pu la famille. Enn double peine ler zot lire sa bann commentaire la.",0.01694915254237288,0.11904761904761904,False,punctuation_error;capitalization_error;spacing_error;missing_word_error
test,N professor ki travaille lekol apres lheur llekol p donne lecon prive ek p prend 30 a 40 eleve dns lecon la bizin pa alle bane parent ek zenfant bzn kne fr le choice simple ena professor ki prend zis 10 a 15 eleve ek ki vrement fr zenfant la arrive ek zenfant lamm ou truv bane seki gourmand kass la ou pu fni truve,"Enn professor ki travail lekol, apre ler lekol pe donne lesson prive ek pe prend 30 a 40 zelev dans lesson la. Bizin pa ale, bann parent ek zanfan bizin kone fer le choice. Simple. Ena professor ki prend zis 10 a 15 zelev ek ki vremem fer zanfan la arrive, ek zanfan lamem ou truve. Bann seki gourmand kas la, ou pu fini truve.",Enn professor ki travail lekol apre ler lekol pe donne lesson prive ek pe prend 30 a 40 elev dans lesson la. Bizin pa ale bann parent ek zanfan bizin kone fer le choice simple. Ena professor ki prend zis 10 a 15 elev ek ki vremem fer zanfan la arrive ek z,0.22324159021406728,0.3076923076923077,False,punctuation_error;capitalization_error;spacing_error;missing_word_error
test,Humain pli ale pe degrade zot nepli ena pitie pu le autre... Cuma ou kav pa pense sa ban dimoun ki kan ou p dormi banla p met devan ou la porte prope. Mentalite et leker prope li trouve dan ou action de tout le jur. Merci a sa ban dimoun ki contribute pu aide nu tout le jur. Respect,Humain plis ale pe degrade zot nepli ena pitie pu les autre... Kuma ou kapav pa pense sa bann dimunn ki kan ou pe dormi banla pe met divan ou la porte prope... Mantalite et leker prope li truve dan ou action de tu le zur. Merci a sa bann dimunn ki contribute pu aide nu tulezur. Respect.,Humain plis ale pe degrade zot nepli ena pitie pu le autre... Kuma ou kapav pa pense sa bann dimunn ki kan ou pe dormi banla pe met devan ou la porte prope. Mentalite et leker prope li truve dan ou action de tu le jur. Merci a sa bann dimunn ki contribute,0.12195121951219512,0.1724137931034483,False,punctuation_error;capitalization_error;spacing_error;missing_word_error
test,Ena beser la tonn bless so l'orgueil femme la pren so mari meg 😂😂😂 pas bon to faire dimoun redi la vein coumsa 😏😏 (you know what i mean by lavein 🫣🤭),"Ena bez la: tonn bless so l'orgueil femme la, pran so mari meg 😂😂😂 Pas bon to faire dimunn redi la vein kumsa 😏😏 (you know what I mean by lavein 🫣🤭).",Ena bese la tonn bless so l'orgueil femme la pran so mari meg. 😂😂😂 pas bon to faire dimunn redi lavein kumsa. 😏😏 (you know what i mean by lavein 🫣🤭),0.06711409395973154,0.3125,False,punctuation_error;capitalization_error;spacing_error;missing_word_error
test,"[NAME], gagne droit faire baby sitting here","[NAME], gagne droit faire baby sitting here?","[NAME], gagne droit faire babysitting here.",0.045454545454545456,0.42857142857142855,False,punctuation_error;spacing_error;missing_word_error
test,Sa 1 grnd kouyoner sa lin fni trv kaka ti fan r li lin perdi dimune so cnfiance li nek amen sa rol sanc lin sanz met bajou kurta fr namaz tusala p kouyon dimune zis pu gn kass apre ladan t gn 1 bhai long long labarbe fr video sanc p fr par million li ek so tifi sipa koi dan morice liem pli grnd swindle kiena la pur le moment,"Sa 1 grand kuyon sa. Linn fni truve kaka ti fane et li linn perdi dimunn so confiance. Li nek amenn sa role sanse linn sanze: met bajou, kurta, fer namaz. Tusala pe kuyon dimunn zis pu gagne kas apre ladan to gagne 1 bhai long, long labarbe fer video sanse pe fer par million, li ek so tifi sipakoi. Dan Moris limem plis grand swindle kiena la pour le moment.",Sa 1 grand kuyoner sa linn fini truve kaka ti fane ar li linn perdi dimunn so confiance li nek amenn sa role sanse linn sanze met bajou kurta fer namaz. Tusala pe kuyon dimunn zis pu gagne kas. Apre ladan to gagne 1 bhai long long labarbe fer video sanse ,0.3286908077994429,0.4647887323943662,False,punctuation_error;capitalization_error;spacing_error;missing_word_error
test,Quand guét sa video la trouver bien claire ki van 15place p fullphare camion b r sa signal mwa mo comprnd ki van la p donne mwa chemin pou mo debourser et saem chauffr camion la ine faire van ki entore d'aprés lorde ti p rode l'argent lassurnce sa ou donne signal fullphare et lerla ou alle bour sa r li,"Quand get sa video la truve bien claire ki van 15 place pe full phare camion. B ar sa signal, mwa mo comprend ki van la pe donne mwa chemin pu mo debouse et samem chaffeur camion la inn faire. Van ki antor dapre lord ti pe rode l'argent lasirans sa. Ou donne signal full phare et lerla ou ale boure sa ar li.",Quand get sa video la truve bien claire ki van 15 place pe fullphare camion b ar sa signal mwa. Mo konpran ki van la pe donne mwa chemin pu mo debourser et samem chauffeur camion la inn faire van ki antor d'aprés lord ti pe rode l'argent lasirnce sa ou d,0.2435064935064935,0.421875,False,punctuation_error;capitalization_error;spacing_error;missing_word_error
test,Ma fille retourne kot twa mo pas conne la cause kine pousse twa fer sa tou problème ena ene solution 🙏bane parents s’il vous plaît dialogue important coumesa meme nu pou connais ki p passé dan la tête nu zenfan mo connais zordi nu pna bcp letemp meme mais essaie trouve letemp important sa 🥹,"Ma fille, retourne kot twa. Mo pas kone la cause kinn pousse twa fer sa. Tu problème ena enn solution. 🙏 Bann parents s’il vous plaît, dialogue important. Kumsamem nu pu kone ki pe passe dan la tête nu zanfan. Mo kone zordi nu pena buku letan mem, mais essaie truve letan. Important sa. 🥹",Ma fille retourne kot twa. Mo pas kone la cause kinn pousse twa fer sa. Tu problème ena enn solution. 🙏bann parents s’il vous plaît dialogue important kumsamem nu pu kone ki pe passé dan la tête nu zanfan mo kone zordi nu pena buku letan mem mais,0.1597222222222222,0.2909090909090909,False,punctuation_error;capitalization_error;spacing_error;missing_word_error
test,Sa ki appell la police bravo 👏,Sa ki apel la police. Bravo. 👏,"Seki apel la police, bravo. 👏",0.13333333333333333,0.5714285714285714,False,punctuation_error;capitalization_error;spacing_error;missing_word_error
test,Defimedia info kot ou bn journalist in al prn zt degree kot 58rrr met n title precise dimun p pense hopital pu ferme 🤦‍♀️🤦‍♀️ doctor la kn exiger aret 24/7 savedir kn arive tantot li p ggn releve li p al so lakz n lot pu prn charge travail la ek mauricien pa coz kuma met n zafr la fni tir conclusion sans mm cmprn,Defimedia.info kot ou bann journalist inn ale pran zot degree? Kot 58rrr. Met enn title precise. Dimunn pe pense lopital pu ferme. 🤦‍♀️🤦‍♀️ Doctor la kan exiger aret 24/7 savedir kinn arrive tantot li pe gagne releve li pe ale so lakez. Enn lot pu pran charge travail la. Ek Mauricien pa koze. Kuma met enn zafer la fini tire conclusion sans mem konpran.,Defimedia info kot ou bann journalist inn ale pran zot degree kot 58 Rs met enn title precise dimunn pe pense hopital pu ferme. 🤦‍♀️🤦‍♀️ Doctor la kan exiger aret 24/7 savedir kan arrive tantot li pe gagne releve li pe ale so lakaz enn l,0.3559322033898305,0.515625,False,punctuation_error;capitalization_error;spacing_error;missing_word_error
test,C tjrs sahh! Pena nom dimun la dohh. Fishyyy heinn,Se tuzur sa! Pena nom dimunn la dow. Fishy hein.,Se tuzur sa! Pena nom dimunn ladow. Fishy hein.,0.020833333333333332,0.2,False,spacing_error;missing_word_error
test,Nice strategy. Bravo zotoo😎,Nice strategy. Bravo zot. 😎,Nice strategy. Bravo zot.😎,0.037037037037037035,0.4,False,spacing_error;missing_word_error
test,"[NAME], 'nou' kifer to pa al rode li alors si to conne tou zafer kifer ena dimoun content fer linteressant comsa si ou pena narie de bon pou dir pou retrouve sa tifi la kifer ou gaspille ou letemps pou vine dire nimporte koi peu importe kot li etait so fami pa au courant donc lakoz sa met avis de recherche si ti conner kot li ti pou fini rode li donc svp si ou pena narie pou dir pou aide ene fami ki dans tracas kifer ou bizin razout lor tracas la et coz ban cozer enplis mo croire dans lecole bizin comens ene class special ki apel 'rest trankil kan pena narie de bon pou dir' parski zot pa realiser a ki point ban cozer comsa azout lor ene fami so stress surtout ki mo sure zot p lire tout comentaires dans lespoir retrouve zot enfant empathy tousa nepli ena aster ena zis ban ki rode role et rode fer linteressant 🙄","[NAME], 'nu'? Kifer to pa ale rode li alors si to kone tu zafer? Kifer ena dimunn kontan fer linteressant kumsa? Si ou pena nanyin de bon pu dir pu retrouve sa tifi la, kifer ou gaspille ou letan pu vinn dire nerport koi? Peu importe kot li ete, so fami pa au courant donc akoz sa met avis de recherche. Si ti kone kot li ti pu fini rode li. Donc svp, si ou pena nanyin pu dir pu aide enn fami ki dans tracas, kifer ou bizin razout lor tracas la et koze bann koze anplis? Mo croire dans lekol bizin komans enn class special ki apel 'reste trankil kan pena nanyin de bon pu dir'. Parski zot pa realise a ki point bann koze kumsa azoute lor enn fami so stress. Surtout ki mo sure zot pe lire tu komanter dans lespwar retrouve zot enfant. Empathy tusa nepli ena aster! Ena zis bann ki rode role et rode fer linteressant. 🙄","[NAME], 'nu' kifer to pa ale rode li? Alors si to kone tu zafer kifer ena dimunn kontan fer linteressant kumsa? Si ou pena nanyin de bon pu dir pu retrouve sa tifi la? Kifer ou gaspille ou letan pu vinn dire nerport koi peu importe kot li ete so fami pa a",0.6984126984126984,0.7439024390243902,False,punctuation_error;capitalization_error;spacing_error;missing_word_error
test,"[NAME], es qui zot ti connai qui zenfant la ti perdi li capave arriver sa b es qui parents remarquè ou pas n fois mo ti fic en flac n zenfant ine perdi c qui choquant la dans zot ti lor n l'autre la plage zot pas connai si zenfant la ti dans bis avec zot ler zot p vin fic en flac sa li grave","[NAME], eski zot ti kone ki zanfan la ti perdi? Li kapav arrive sa. B eski parents remarke ou pa? Enn fwa mo ti Flic en Flac, enn zanfan inn perdi. Seki choquant la, dans zot ti lor enn lot la plage. Zot pa kone si zanfan la ti dan bis avek zot. Ler zot pe vinn Flic en Flac, sa li grave.","[NAME], eski zot ti kone qui zanfan la ti perdi li kapav arrive sa? B eski parents remarque ou pas enn fois mo ti fic en flac enn zanfan inn perdi se qui choquant ladan zot ti lor enn l'autre la plage zot pas kone si zanfan la ti dans bis avec zot ler zot",0.2465277777777778,0.49206349206349204,False,punctuation_error;capitalization_error;spacing_error;missing_word_error
test,C ene signe lalliance pial casser,Se enn signe lalyans pe ale kase.,Se enn signe lalliance piale kase.,0.18181818181818182,0.42857142857142855,False,capitalization_error;spacing_error;missing_word_error
test,[NAME] pa's pe capave faire naryier pour2 apres minist transport sa met lorde la bhai ki pe attane pour met la line zone neck pour bez chauffeur controller mem,"[NAME] pas pe kapav faire nanyin. Pour 2 apre minis transport sa met lord la, bhai. Ki pe atann pu met la linn zon nek pu bez chauffeur controller mem?",[NAME] pas pe kapav faire nanyin pour2 apre minis transport sa. Met lord la bhai ki pe atann pour met la linn zone neck pour bez chauffeur controller mem.,0.09933774834437085,0.43333333333333335,False,punctuation_error;capitalization_error;spacing_error;missing_word_error
test,Seriously mo pas ti cne ki dimune pas code de la route cumesa... 1 van li p roule lor so main.. 1 camion p srti lor main.. Van la entour??? Neiport ki vitesse 1 vehicle p roule mais mw cne quan mo pas sure quan pou srti lor main ou pas trouv ou srti doucmn pas 1 seul cout,Seriously mo pas ti kone ki dimunn pas code de la route kumsa... 1 van li pe roule lor so main.. 1 camion pe sorti lor main.. Van la antor??? Nerport ki vites 1 vehicle pe roule mais mwa kone quand mo pas sure quand pu sorti lor main ou pas truve ou sorti doucema pas 1 seul kut.,Seriously mo pas ti kone ki dimunn pas code de la route kumsa... 1 van li pe roule lor so main.. 1 camion pe sorti lor main.. Van la antour??? Neiport ki vites 1 vehicle pe roule mais mwa kone quan mo pas sure quan pu sorti lor main ou pas truve ou sorti ,0.1003584229390681,0.15254237288135594,False,punctuation_error;capitalization_error;spacing_error;missing_word_error
test,Akz saem system la sant pa bn ki s docter s nurse infirmier bzn mentally strong zt deal ek tou kalit dimune e malad ou pa kv expect 1 dimune ki p travaii 24/7 pu deliver services ki zt supoze dne zt mm zt in physically n mentally draine si zt trv en mank de staff prnd dimune pu travaii ena bku jeune ki pna travaii p rod travaii dne zt osii sa opportunite travaii lah astr zt rod bn dimune ki ena l'exprience bien bn b sa ti zeness fek fini lekol lah kt li pu ale tire sa l'experience lah dan lakaz lr la rue zt bzn revoir zt system trv 1 solution,"Akoz samem system la sante pa bon. Ki so docteur, so nurse, infirmier bizin mentally strong. Zot deal ek tu kalite dimunn et malade. Ou pa kapav expect 1 dimunn ki pe travail 24/7 pu deliver services ki zot sipoze donne. Zot mem zot inn physically and mentally drained. Si zot truve en mank de staff pran dimunn pu travail. Ena buku jeune ki pena travail pe rode travail. Donne zot osi sa opportunite travail la. Aster zot rode bann dimunn ki ena lexperyans bien bon. B sa ti zeness fek fini lekol la kot li pu ale tire sa lexeperyans la? Dan lakaz? Lor la rue? Zot bizin revoir zot system, truve 1 solution.",Akoz samem system la sante pa bon ki so docteur so nurse infirmier bizin mentally strong zot deal ek tu kalite dimunn et malade ou pa kapav expect 1 dimunn ki pe travail 24/7 pu deliver services ki zot supoze donne zot mem. Zot inn physically enn mentally,0.59375,0.7043478260869566,False,punctuation_error;capitalization_error;spacing_error;missing_word_error
test,Sa mem metier ki en hausse a maurice volere lexample vine d'ent haut la honte nu fiere de nous pays mais nu pa fiere de c ki p dirize nu pays la justice pane fer pu tu dimune ena volere capave permete li pran l avocat,"Samem metier ki en hausse a Maurice: voler. Legzanp vinn d'ent haut, la honte. Nu fiere de nous pays mais nu pa fiere de se ki pe dirize nu pays. La justice pann fer pu tu dimunn, ena voler kapav permet li pran l avocat.",Samem metier ki en hausse a Maurice voler lexample vinn dent haut la honte. Nu fiere de nous pays mais nu pa fiere de. Seki pe dirize nu pays. La justice pann fer pu tu dimunn ena voler kapav permet li pran l'avocat.,0.06818181818181818,0.24444444444444444,False,punctuation_error;capitalization_error;spacing_error;missing_word_error
test,Misie minis al laba en casiet san journalis parking vid selmen patient pa kpv servi parking enn patient vinn fer radiotherapi 20 jour 30 jour li roul so loto li vini li bizin park dan canne marse al fer traitement lerla re marse al dan canne pu pren so loto ou pa serye ou p met dur r staff r minister transport get pou ou minister avan ena bann babu p donn consey dan minister ki zot pa compren rod bann professionel pa sa bann coller pa fis la junior minister kote ki so rol li dir li met la main dan la pat li ziss al dan conference dan coup ruban samem tou fer zoli nu tu kone linn rent par recomendation pa vedir pu zis asize rie tir foto b bez la pay junior minister ena bann lezot membre ki dan sa profession la sante zot pa pense ti bizin met enn ladan junior minister mo fami al fer traitement ncc enn martyr sa mo dir ou franc sa bann staff parking la foutan kuma kisiss ek pena ditou compassion dan zot enn lot inn al pu overseas treatment kan li sorti li dir avoy sa ferfout li pren loan li al fer so traitement service la sante kk net omca p fer travail minister ti bizin fer sa mo trouv anguille sou roche moi,"Misye minis, ale laba en kasyet san journalis, parking vide, selma patient pa kapav servi parking. Enn patient vinn fer radiotherapi 20 jour 30 jour, li roule so loto li vini, li bizin park dan canne??? Marse ale fer traitement lerla re marse ale dan canne pu pran so loto??? Ou pa serye. Ou pe met dur ar staff ar minister transport, get pu ou minister avant. Ena bann babu pee donne consey dan minister ki zot pa konpran, rode bann professionel, pa sa bann coller pa fis la. Junior minister kote? Ki so role li? Dir li met la main dan la pat, li zis ale dan conference, dan kut ruban samem tu. Fer zoli. Nu tu kone linn rantre par recomendation, pa vedir pu zis asize rie tire foto b bez la pay junior minister. Ena bann lezot membre ki dan sa profession la sante, zot pa pense ti bizin met enn ladan junior minister? Mo fami ale fer traitement NCC, enn martyr sa mo dir ou franc. Sa bann staff parking la foutan kuma kisiss. Ek pena ditou compassion dan zot. Enn lot inn ale pu overseas treatment, kan li sorti li dir avoy sa ferfoute. Li pran loan li ale fer so traitement. Service la sante kaka net. OMCA pe fer travail minister ti bizin fer. Sa mo truve anguille sou roche moi.","Misye minis ale laba en kasyet san journalis parking vide. Selma patient pa kapav servi parking enn patient vinn fer radiotherapi 20 jour, 30 jour li roule so loto li vini. Li bizin park dan canne marse ale fer traitement. Lerla re marse ale dan canne pu ",0.7920540997464074,0.8546255506607929,False,punctuation_error;capitalization_error;spacing_error;missing_word_error
test,"Ene zafer mo pou dire, sa papier ki zot marké lorla la kan ène candidat kit caserne dans loto pou faire so test et ziska li retourne caserne la b kifer zot pas donne sa candidat la, zot nek dir oune faire tel faute, tel faute, mais ki en réalité pas ti éna tousala, zot pas oulé donne li candidat la donne li so moniteur auto école la, sa ossi zot pas donné, zot faire sa pou ré bèze rs 500 candidat la, kifer pas faire test couma la france ek la réunion faire, to pran leçons kondir avec ène moniteur mais kan to alle passe to test to faire li avec ène lotte moniteur ki pou juge to compétences, sanzé modernize inpé pas nek bèze nou avec bonnet blanc /blanc bonnet mem sa pas pu diminuer accidents ek folies lor la route","Enn zafer mo pu dire: sa papier ki zot marke lor la la kan enn candidat kite Casernes dans loto pu faire so test et ziska li retourne Casernes la—b kifer zot pas donne sa candidat la? Zot nek dir: oun faire tel faute, tel faute, mais ki en réalité pas ti ena tusala. Zot pas oule donne li candidat la, donne li so moniteur auto école la, sa osi zot pas donne. Zot faire sa pu re bez Rs500 candidat la. Kifer pas faire test kuma la France ek la réunion faire? To pran leçons konduire avec enn moniteur, mais kan to ale passe to test, to faire li avec enn lot moniteur ki pu juge to compétences. Sanze, modernize enpe! Pas nek bez nu avec bonnet blanc / blanc bonnet mem. Sa pas pu diminye accidents ek folies lor la route.","Enn zafer mo pu dire, sa papier ki zot marke lor la la kan enn candidat kite Casernes dans loto pu faire so test et ziska li retourne Casernes la, b kifer zot pas donne sa candidat la? Zot nek dir ou faire tel faute, tel faute, mais ki en réalité pas ti",0.6546463245492372,0.6713286713286714,False,punctuation_error;capitalization_error;spacing_error;missing_word_error
test,Si to 1 bon sofere mo pa trouve camion la en tord sa place la li difficult pou juger parski van la dan 1 trou ek ena 1 ti contour lor la van la fin tap ar la queue camion la si si to ti roule 60 a 80 to ti applik to frein azordi to ti pou gagnant sorry roule vite c mort brite,"Si to 1 bon sofer mo pa truve camion la en tort. Sa place la li difficult pu juger parski van ladan 1 trou ek ena 1 ti contour. Lor la van la finn tape ar la queue camion la. Si to ti roule 60 a 80 to ti applik to frein, azordi to ti pu gagnant. Sorry roule vite, se mort brite.",Si to 1 bon sofer mo pa truve camion la antor sa place la. Li difficult pu juger parski van la dan 1 trou ek ena 1 ti contour lor la van la finn tape ar la queue camion la. Si si to ti roule 60 a 80 to ti applik to frein azordi to ti pu gagnant. Sorry rou,0.13309352517985612,0.25396825396825395,False,punctuation_error;capitalization_error;spacing_error;missing_word_error
test,Ncc c 1 couloir d la mort... Pna mm bon lapproche ni treatment ki bizin dn sa lopital la.. P dpense par milliard.. Pna bon technician ni bon element... Money minded... Kn ou perdi ou fami ou va senti... Amene docters depi etranger ki conner expert dn tretment cancer pu cpv sapp bn patients ki p soufert....,NCC se 1 couloir de la mort... Pena mem bon lapproche ni treatment ki bizin dan sa lopital la.. Pe depense par milliard.. Pena bon technician ni bon element... Money minded... Kan ou perdi ou fami ou va senti... Amenn docters depi etranzer ki kone expert dan tretman cancer pu kapav sap bann patients ki pe sufer....,NCC se 1 couloir de la mort... Pena mem bon lapproche ni treatment ki bizin dan sa lopital la.. Pe depense par milliard.. Pena bon technician ni bon element... Money minded... Kan ou perdi ou fami ou va senti... Amenn docteurs depi etranzer ki kone expert,0.19936708860759494,0.21052631578947367,False,punctuation_error;capitalization_error;spacing_error;missing_word_error
test,"[NAME], donne moi n rezon ki fer bizin al avec 10 van dans mo landroit ousi fin ena ban arestation koumsa d van vinin prend aller ki fer kot nous zot pas defan zot parse ki nous envi sa fini moi mo dire la police bizin met lachain partou oas less ban dimoun rantre pou al aster e apre ban q p defan ban mafia less zot mort kot mo problem ladent","[NAME], donne moi enn rezon kifer bizin ale avec 10 van? Dans mo landrwat osi finn ena bann arestasyon kumsa. Van vini prend ale. Kifer kot nous zot pas defane zot? Parski nous anvi sa fini: moi mo dire la police bizin met lachain partu pas less bann dimunn rantre pu ale aster. Et apre bann qui pe defane bann mafia less zot mort kot mo problem ladan.","[NAME], donne moi enn rezon kifer bizin ale avec 10 van dans mo landrwa osi finn ena bann arestation kumsa de van vinin prend ale kifer kot nous zot pas defane zot parski nous anvi sa fini. Moi mo dire la police bizin met lasin partu oas less bann dimunn ",0.32670454545454547,0.5147058823529411,False,punctuation_error;capitalization_error;spacing_error;missing_word_error
test,"[NAME], ouiiiii m même m ena m tipti 4 mois li fini conn virer, gliss glisse lor so tonkin, m dr ou franc même dimoune dr m abitieee li la main pa fr nanier mais m fr mo mieux li ress dans m la main pou m capav veyyyy li bien: zot tros imprevisible ek ena tros bocou problem de cot zanfants de nos jour fr peir","[NAME], oui mo même mo ena mo tipti 4 mois li fini kone vire, gliss glisse lor so tonkin, mo dir ou franc même dimunn dir mo abitiye li la main pa fer nanyin mais mo fer mo mieux li res dans mo la main pu mo kapav veye li bien: zot tro imprevisible ek ena tro buku problem de kote zanfan de nos jour fer per.","[NAME], oui mo même mo ena mo tipti 4 mois li fini kone vire, gliss glisse lor so tonkin, mo dir ou franc même dimunn dir mo abitie li la main pa fer nanyin mais mo fer mo mieux li res dans mo la main pu mo kapav veye li bien: zot tros imprevisible ek e",0.18506493506493507,0.208955223880597,False,punctuation_error;capitalization_error;spacing_error;missing_word_error
test,Kan li monte pension torma ek grand ma ti p chatwa so bibit et torpa ek granpa ti p chatwa so la grain et toi pilon ki p critic li to ti chatwa so troufess falourmama maulichien 😈😈👿😈👿 kakaliki 🤣🤣🤣🤣🤣🤣 viagra currency million dans coffre falourmama maulichien kakaliki sa to refaire vine ministre 🤣🤣🤣🤣🤣🤣🤣van fam dan to lacaze so liki falousorma 🤣🤣🤣 maulichien kakaliki 🤣🤣🤣🤣🤣😈🤣😈😈👿👿😈😈👿😈😈👿😈,"Kan li monte pension, torma ek gramer ti pe chatwa so bibit et torpa ek granper ti pe chatwa so la grain et toi pilon ki pe critik li to ti chatwa so troufess falourmama Mauricien 😈😈👿😈👿 kakaliki 🤣🤣🤣🤣🤣🤣 viagra, currency, million dans coffre, falourmama Mauricien kakaliki, sa to refaire vinn ministre 🤣🤣🤣🤣🤣🤣🤣vande fam dan to lakaz so liki falousorma 🤣🤣🤣 Mauricien kakaliki 🤣🤣🤣🤣🤣😈🤣😈😈👿👿😈😈👿😈😈👿😈",Kan li monte pension torma ek grand ma ti pe chatwa so bibit et torpa ek granpa ti pe chatwa so la grain et toi pilon ki pe critic li. To ti chatwa so troufess. Falourmama Maulichien 😈😈👿😈👿 kakaliki 🤣🤣🤣🤣🤣🤣 viagra currency m,0.47692307692307695,0.546875,False,punctuation_error;capitalization_error;spacing_error;missing_word_error
test,Van la p fer appel phare akoz ena garde devant sa parceki li pas trouve camion et ni camion la pa trouve li et camion la 1er vue kan li geut dans droit li trouve appel phare li dans so l’esprit van la p donne chemin et van trop près pou arrêt sa 1 sel coût akoz sa place la blind spot bien bisin met robot sel solution ena fois zot bisin guet vidéo bien avant commenter 😂,"Van la pe fer apel phare akoz ena garde devant sa. Parski li pas truve camion et ni camion la pa truve li et camion la 1er vue kan li geut dans droit li truve apel phare, li dans so lespri van la pe donne chemin et van trop près pu aret sa 1 sel kut. Akoz sa place la blind spot. Bien bizin met robot sel. Solution. Ena fois zot bizin get vidéo bien avant commenter. 😂",Van la pe fer apel phare akoz ena garde devant sa. Parski li pas truve camion et ni camion la pa truve li et camion la 1er vue kan li get dans droit li truve apel phare li dans so l’esprit. Van la pe donne chemin et van trop près pu aret sa 1 sel coût,0.33967391304347827,0.34615384615384615,False,punctuation_error;capitalization_error;spacing_error;missing_word_error
test,"[NAME], ofait saki mne rode dir tou sa laloi p mete la narien pa p change.. Mo trouve p met ban system zis pu ggn cash plito... To p dir lapolice b oui zot entord pck ou p penser la police mari bon zot... Zot mem zot boir zot rouler, zot met nissa zot eum a mort, mo kneu enta fume simik boir sirop.. Zot entord parceki zot eum zot pa p donne bon lexemple.. Zot fort lor zis deboute lor chemin prend contravention ki apel sa bez cash rempli lacaise gov.. Dan lendroit cot moi ena 1 policier so moto ena lesapma tapaz perna laglace... Ki ou expect lezot faire.. La police la eum en couyonade to expect moi pu suivre la loi b moisi mo avoy mo fr saki mo nvi... Enfin ena enta dimoun pu kneu ki mwe dir.","[NAME], ofet seki mon rode dir tu sa lalwa pe met la nanyin pa pe change.. Mo truve pe met bann system zis pu gagne cash plito... To pe dir lapolis: b oui zot antor parski ou pe pense la police mari bon zot... Zot mem zot bwar, zot roule, zot met nisa, zot mem a mort, mo kone enta fume simik bwar sirop.. Zot antor parski zot mem zot pa pe donne bon legzanp.. Zot fort lor zis deboute lor chemin prend contravention ki apel sa bez cash rempli lacaise guvernman.. Dan landrwa kot moi ena 1 policier so moto ena lesapma tapaz pena laglace... Ki ou expect lezot faire.. La police lamem en kuyonad to expect moi pu suivre la loi b moisi mo avoy mo fer seki mo anvi... Enfin ena enta dimunn pu kone ki mo dir.","[NAME], ofet seki mon rode dir tu sa lalwa pe met la nanyin pa pe change.. Mo truve pe met bann system zis pu gagne cash plito... To pe dir lapolis b oui zot antor parski ou pe pense la police mari bon zot... Zot mem zot bwar zot roule, zot met nisa zot m",0.6382978723404256,0.6382978723404256,False,punctuation_error;capitalization_error;spacing_error;missing_word_error
test,"[NAME], omoin 1 dmoune enn resi dr ha et cnpren ki c naturel nn pa acoz péché dmoune spki🙄","[NAME], omoin 1 dimunn enn resi dir sa ek konpran ki se naturel. Non pa akoz péché dimunn sipaki. 🙄","[NAME], omoin 1 demoune enn resi dir ha et konpran ki se naturel non pa akoz péché dimunn spki.🙄",0.10101010101010101,0.35,False,punctuation_error;capitalization_error;spacing_error;missing_word_error
test,Pa bzn presse r sofere la atane li gagne so caution pa zordi demain pu bzn ena ¹zur pour ou so la familes mm pu joyeux,"Pa bizin presse ar sofer la, atann li gagne so caution. Pa zordi demain, pu bizin ena 1 zur pour ou so la famille mem pu joyeux.",Pa bizin presse ar sofer la atann li gagne so caution pa zordi. Demain pu bizin ena ¹zur pour ou so la famille mem pu joyeux.,0.0625,0.25925925925925924,False,punctuation_error;capitalization_error;spacing_error;missing_word_error
test,Pas dire ki asterla ena sa tousletemps ti kumsamem sa mais la seule difference 10 ans pas ti ena droit fer publication mais aster la police mem pe encourage publication pou zot prend action necessaire ek li fascillite zot tache tout depend mot dordre donner par la personne a la tete du gouvernement avantla police ki ti fer mari aster la police pe corpere ek bizin nu coorperation nu dans ene sorte partnership avant ti dictatorship,"Pas dire ki asterla ena sa, tultan ti kumsamem sa. Mais la seule difference: 10 ans pas ti ena droit fer publication. Mais aster la police mem pe encourage publication pu zot prend action neceser, ek li facilite zot tache. Tu depend mot dordre donne par la personne a latet du gouvernement. Avant la police ki ti fer mari. Aster la police pe corpere, ek bizin nu coorperation. Nu dans enn sorte partnership. Avant ti dictatorship.",Pas dire ki asterla ena sa tultan ti kumsamem sa. Mais la seule difference 10 ans pas ti ena droit fer publication mais aster la police mem pe encourage publication pu zot prend action necessaire ek li fascillite zot tache tu depend mot dordre donne par l,0.43488372093023253,0.5,False,punctuation_error;capitalization_error;spacing_error;missing_word_error
test,"Eta u h, to ete bous to fesssss, al get sait [NAME] ki in dir na (haye dhoye kiya huwa, jo maan mai mail samye, min sada jal mai rahe, dhoye bass na jaye)apre sa dan kalyug indir pu ena beau cumsa po leve, get jour grand bassin, bandrol pu ena plus ki societ ki rien a fot","Etaey, to ete bous to fesse, ale get saint [NAME] ki inn dir: na (haye dhoye kiya huwa, jo maan me mail samye, min sada jal me rahe, dhoye bass na jaye). Apre sa dan kalyug indir pu ena beau kumsa pu leve, get jour Grand Bassin, bandrol pu ena plus ki societe ki rien a foute.","Eta uh, to ete bous to fesse, ale get sait [NAME] ki inn dir na (haye dhoye kiya huwa, jo maan me mail samey, minis sada jal me rahe, dhoye bass na jaye)apre sa dan kalyug indir pu ena beau kumsa po leve, get jour Grand Bassin, bandrol pu ena plus ki soci",0.11956521739130435,0.24561403508771928,False,punctuation_error;capitalization_error;spacing_error;missing_word_error
test,Hahaha to même nou le roi un fois nous p respirer en liberter,"Hahaha, to même nu le roi, un fois nous pe respire en liberte.",Hahaha tomem nu le roi un fois nous pe respire en liberte.,0.08064516129032258,0.3076923076923077,False,punctuation_error;capitalization_error;spacing_error;missing_word_error
test,Ena bez la kitfwa ena dimounn nek vini kraz loto etc alor ki zenfan dans lignorance ek fautifs ek parents negligence,Ena bez la! Kite fwa ena dimunn nek vini kraze loto etc. Alor ki zanfan dans linnyorans ek fautifs. Ek parents negligence.,Ena bez la kitsoz ena dimunn nek vini kraze loto etc alor ki zanfan dans lignorance ek fautifs ek parents negligence.,0.12295081967213115,0.36363636363636365,False,punctuation_error;capitalization_error;spacing_error;missing_word_error
test,Li pa 1secret pu person ki van 15place so reputation deja nu kone ena buku chauffeur zot prece akoz lot course etc sans respecte limit vitesse alor malgre li dan so lane ti kpave evite sa accident la mais malheuresement isi c moris a propos gro camion la li paraitre ki possible li en tord akoz line sorti lor 1stop mais ti ena ac distance ek van la li line pence li gagne ale normal enfin la route continue fair ravaz ek accident tous le jour sad but true may god help us🙏🙏🙏,"Li pa enn secret pu personne ki van 15 place so reputation deza nu kone. Ena buku chauffeur zot presse akoz lot course, etc. Sans respecte limit vites. Alor malgre li dan so lane, ti kapav evite sa accident la, mais malheuresement ici se Moris. A propos gro camion la, li paraitre ki possible li antor akoz linn sorti lor enn stop mais ti ena ase distance ek van la, li linn pense li gagne ale normal. Enfin, la route kontiyn fer ravaz ek accident tulezur. Sad but true, may God help us. 🙏🙏🙏",Li pa 1 secret pu personne ki van 15 place so reputation deza nu kone ena buku chauffeur zot prece akoz lot course etc sans respecte limit vites. Alor malgre li dan so lane ti kapav evite sa accident la. Mais malheuresement isi se Moris a propos gro camio,0.4969450101832994,0.6276595744680851,False,punctuation_error;capitalization_error;spacing_error;missing_word_error
test,😂😂😂😂😂😂😂😂😢😢😂😂😂😂😂😂😢😢😂😂😂😂😂😂😂😢😂😂😂😂nous finne de stresser quand nous finne regarde sa video merci,"😂😂😂😂😂😂😂😂😢😢😂😂😂😂😂😂😢😢😂😂😂😂😂😂😂😢😂😂😂😂nous finn de stresse quand nous finn regarde sa video, merci.",😂😂😂😂😂😂😂😂😂😂😂😂😂😂😂😂😂😂😂😂😂😂😂😂😂😂😂😂😂😂😂😂😂😂😂😂😂😂😂😂😂😂😂😂😂😂😂😂😂😂😂😂😂😂😂😂😂😂😂😂😂😂😂,0.7252747252747253,1.0,False,punctuation_error;capitalization_error;spacing_error;missing_word_error
test,Astr nou gueter si cancel so license et saisi so loto toute suite pa bzin atane case passer pa kpv si case prend 5ans ou 10ans boug soulare roule tjr touy dimounes tjr la bane ki fine blesser la ki ariver la? Eski dimounes la ti demand soulare tape avk zot? Ladan c ca magistrat la ki bzin fer laloi respecter,"Aster nu get si cancel so license ek saisi so loto toute suite. Pa bizin atann case passe, pa kapav si case prend 5 ans ou 10 ans. Boug soular roule tuzur, touy dimunn tuzur. Bann ki finn blesse la, ki arrive la? Eski dimunn la ti demande soular tape avek zot? Ladan se sa magistrat la ki bizin fer la loi respecte.",Aster nu get si cancel so license et saisi so loto toute suite pa bizin atann case passe pa kapav si case prend 5 ans ou 10 ans boug soulare roule tuzur touy dimunn tuzur la bann ki finn blesse la ki arrive la? Eski dimunn la ti demande soulare tape avek ,0.23492063492063492,0.3968253968253968,False,punctuation_error;capitalization_error;spacing_error;missing_word_error
test,B boss en ti question ou p exize zt travail b ou pa coir bizen pay zt bien kfr ou pa dir ou pm fr zt ggne doub kan wrk dan dimance conze public so non ta bomli 😂😂😂🤣🤣 aret fr semblan lanne in sanzer sanze zt mentality ipokrit la,"B boss enn ti question: ou pe exzize zot travail, b ou pa krwar bizin pay zot bien. Kifer ou pa dir ou premye minis? Fer zot gagne doub kan work dan dimanche. Conge public? So non. Ta bomli 😂😂😂🤣🤣 aret fer semblan. Lane inn sanze. Sanze zot mentality ipokrit la.",B boss en ti question ou pe exize zot travail? B ou pa krwar bizin peye zot bien kafer ou pa dir ou premye minis fer zot gagne doub kan work dan dimance konze public so non ta bomli. 😂😂😂🤣🤣 aret fer semblan lane inn sanze sanze zot mentality,0.1417624521072797,0.45098039215686275,False,punctuation_error;capitalization_error;spacing_error;missing_word_error
test,Na sa peut ariver a nerport ki... Nou pas boir nou... Mo garçon ziss devant moi pe joue vue ki pe fer noir li galouper li rentre dans latent dimoun... Lin panique li sorti li continie aler li pe roder emm la li... Issi mo peget li moi... Dimoun in kumance koz ek li... Irla [NAME] prend li... Ariver sa kan fer noir,Non sa peut arrive a nerport ki... Nu pas bwar nu... Mo garçon zis devant moi pe joue vue ki pe fer noir li galoupe li rantre dans latent dimunn... Linn panique li sorti li kontiyn ale li pe rode mem la li... Ici mo pe get li moi... Dimunn inn komans koze ek li... Lerla mon ale prend li... Arrive sa kan fer noir.,Na sa peut arrive a nerport ki... Nu pas bwar nu... Mo garçon zis devant moi pe joue vue ki pe fer noir li galoupe li rantre dans latent dimunn... Linn panique li sorti li kontiyn ale li pe rode mem la li... Isi mo peget li moi... Dimunn inn komans koze ,0.20063694267515925,0.24615384615384617,False,punctuation_error;capitalization_error;spacing_error;missing_word_error
test,Sa gate la pou partager sa cki pena gate vine chercher,Sa gate la pu partage sa seki pena gate vinn cherche.,Sa gate la pu partage seki pena gate vinn cherche.,0.05660377358490566,0.09090909090909091,False,capitalization_error;spacing_error;missing_word_error
test,Dan la gare curepipe bus ki passe r. Hill beau bassin pena bidin atan one hour.. Ubs met tou bis express p. Louis.. St pierre.. Met la linge b. Bassin r. Hill pna.. Sa ou pa p trouver misier le ministe... Ou ti penser tou dimoune voyage dan loto... Ti dimoune pa kpv acheter loto aster.. Auto recone sorti 500k ine vine 800k.. Aster pa coz auto neuf.. Moudize ena zis mn ti dimoune.. Pou zot dan parlement pna moudize.,"Dan la gare Curepipe bus ki passe Rose Hill, Beau Bassin pena bidin atann one hour.. UBS met tu bis express Port Louis.. St Pierre.. Met la linge Beau Bassin, Rose Hill pena.. Sa ou pa pe truve misye le minis... Ou ti pense tu dimunn voyage dan loto... Ti dimunn pa kapav aste loto aster.. Auto recone sorti 500k inn vinn 800k.. Aster pa koze auto neuf.. Moudize ena zis mon ti dimunn.. Pu zot dan parlement pena moudize.",Dan la gare Curepipe bus ki passe Rose Hill Beau Bassin pena bidin atann one hour.. UBS met tu bis Express Port Louis.. St Pierre.. Met la linge Beau Bassin Rose Hill pena.. Sa ou pa pe truve misye le minis... Ou ti pense tu dimunn voyage dan loto... Ti d,0.39667458432304037,0.4125,False,punctuation_error;capitalization_error;spacing_error;missing_word_error
test,Moi si mo pa apprécié enn zafer mo ti pou fer mo la route trankil ena bcp p commentaires dégradant pou met piti la down ena pencor conn la terre 7couleurs mais bougue inn fini gagnel’invitation pou alle lor rodrigue dieu inn crée l’homme par son image,Moi si mo pa apprécié enn zafer mo ti pu fer mo la route trankil. Ena buku pe commentaires dégradant pu met piti la down. Ena pankor kone la terre 7 couleurs mais bougue inn fini gagne l’invitation pu ale lor Rodrigues. Dieu inn crée l’homme par son image.,Moi si mo pa apprécié enn zafer mo ti pu fer. Mo la route trankil ena buku pe commentaires dégradant pu met piti la down ena pankor kone la terre 7 couleurs mais boug inn fini gagne l’invitation pu ale lor Rodrigues. Dieu inn crée l’homme par son ,0.05859375,0.16326530612244897,False,punctuation_error;capitalization_error;spacing_error;missing_word_error
test,Ki sa ban baya ki dne li conseil sa boug la li fou ousa li declar pagla rs 44 curepipe - port-louis bel bel chanzment p rod amener selmnt n zafr simple pa p kner,Ki sa bann baya ki donne li conseil sa boug la... Li fou ouswa li deklare pagla.. Rs44 Curepipe - Port Louis... Bel bel chanzment pe rode amenn selma enn zafer simple pa pe kone.,Ki sa bann baya ki donne li conseil sa boug la? Li fou ouswa li deklare pagla Rs44 Curepipe - Port-Louis. Bel bel chanzment pe rode amenn selma enn zafer simple pa pe kone.,0.0449438202247191,0.11428571428571428,False,punctuation_error;spacing_error;missing_word_error
test,La loi moris pan donn la police oken pouvoir Nek ena paper work Ici dimoun innocent p implik dan ban accident dan fausse a koz ban cochon ki content nek boire gramatin tanto met la vie publik en danger Govt pan fer narien et pa pu fer narien La cour mem zafer larguer sur parole caution liberer ale re fann kk,"La loi Moris pann donne la police okenn pouvoir. Nek ena paper work. Ici dimunn innocent pe implik dan bann accident dan fausse, akoz bann cochon ki kontan nek boire gramatin tanto met lavi publik en danger. Guvernman pann fer nanyin, et pa pu fer nanyin. Lakour mem zafer: larguer sur parole, caution, liberer, ale ar fann kaka.",La loi Moris pann donne la police okenn pouvoir. Nek ena paper work. Ici dimunn innocent pe implik dan bann accident dan fausse akoz bann cochon ki kontan nek boire gramatin tanto met lavi publik en danger. Guvernman pann fer nanyin et pa pu fer nanyin. L,0.22492401215805471,0.2413793103448276,False,punctuation_error;capitalization_error;spacing_error;missing_word_error
test,Parent la pa rode so zenfants eski zot ena 1 peu responsabilité ou pas tous les temps ena banes insouciants kumsa,Parent la pa rode so zanfan? Eski zot ena 1 peu responsabilité ou pas? Tu letan ena bann insouciants kumsa.,Parent la pa rode so zanfan? Eski zot ena 1 peu responsabilité ou pas tultan ena bann insouciants kumsa?,0.04672897196261682,0.2,False,punctuation_error;capitalization_error;spacing_error;missing_word_error
test,Ki Nimeric Go🐐To PKoze Dimoun Pena Manger,Ki nimeric go? 🐐 To pe koze dimunn pena manze.,Ki Nimeric Go🐐To pekoz dimunn pena manze.,0.15217391304347827,0.6,False,punctuation_error;capitalization_error;spacing_error;missing_word_error
test,Bien bizin met 1 seryer ar sa bane ki boir et fim simik o volant.... Ki to pou fair... Blie la polis.... Parski simple gard pas entord li parski li simple mem... Bane backing faible sa... Narien zot pa p kav fair parski tou lord vine depi zot chef et chef la oci ggn lorde... Mo prefere ggn case dan place mo fami ki innocent perdi lavie.... Ki to pou fair toi... Mone parer moi..,Bien bizin met 1 serye ar sa bann ki bwar et fim simik o volant.... Ki to pu fer... Bliye lapolis.... Parski simple garde pas antor li parski li simple mem... Bann backing faible sa... Nanyin zot pa pe kapav fer parski tu lord vinn depi zot chef et chef la osi gagne lord... Mo prefere gagne case dan place mo fami ki innocent perdi lavi.... Ki to pu fer toi... Mon pare moi..,Bien bizin met 1 serye ar sa bann ki bwar et fim simik o volant.... Ki to pu fer... Bliye la polis.... Parski simple garde pas antor li parski li simple mem... Bann backing faible sa... Nanyin zot pa pe kapav fer parski tu lord vinn depi zot chef et chef ,0.32978723404255317,0.35135135135135137,False,punctuation_error;capitalization_error;spacing_error;missing_word_error
test,Ena bezz bann femm haut gradé p servi van government ku madir la reine elizabeth p a travail fer shopping bann zomm adsu p risk zott la vie av 2 van pou fer arretatoin bann bareaux la drug zott cvp ggne coutt sapre ou batté pena ranfrote av zott la grand femm p tal fesse dan van conmisair police pa trov sa tout macro ministe met unifrom p assig dan bureau bann pauvre zott ki pena persone protege zott p bezz al arrte bann trafikant danger gutt sa video goodland lo la bann la police ki macro ministre ki ggne promotoin bravo government chagement in ler pou bezz coup pied tire ou dehor,Ena bez bann femme haut gradé pe servi van government kumadir la reine Elizabeth pe a travail fer shopping. Bann zom ADSU pe risk zot la viv avec 2 van pu fer arrestation bann bareaux ladrog zot kapav gagne. Kut sab ou bate pena ranfrote avec zot. La grand femme pe tal fesse dan van. Conmisair police pa truve sa tu macro minis met unifrom pe asize dan bureau bann pauvre zot ki pena personne protez zot pe bez ale aret bann trafikant danger get sa video Goodlands. Lo la bann la police ki macro ministre ki gagne promotoin. Bravo government chagement inn ler pu bez kut pied tire ou deor.,Ena bez bann femme haut gradé pe servi van government ku madir la Reine Elizabeth pe a travail fer shopping. Bann zom ADSU pe risk zot lavi ave 2 van pu fer aretatoin. Bann bareaux la drug zot kapav gagne kut sapre ou bate pena ranfrote ave zot. La grand,0.5949152542372881,0.6846846846846847,False,punctuation_error;capitalization_error;spacing_error;missing_word_error
test,Ncc c 1 couloir d la mort pna mm bon lapproche ni treatment ki bizin dn sa lopital la p dpense par milliard pna bon technician ni bon element money minded kn ou perdi ou fami ou va senti amene docters depi etranger ki conner expert dn tretment cancer pu cpv sapp bn patients ki p soufert,NCC se 1 couloir de la mort. Pena mem bon lapproche ni treatment ki bizin dan sa lopital la. Pe depense par milliard. Pena bon technician ni bon element. Money minded. Kan ou perdi ou fami ou va senti. Amenn docters depi etranzer ki kone expert dan tretman cancer pu kapav sap bann patients ki pe sufer.,NCC se 1 couloir de la mort pena mem bon lapproche ni treatment ki bizin dan sa lopital la pe depense par milliard. Pena bon technician ni bon element. Money minded kan ou perdi ou fami ou va senti amenn docteurs depi etranzer ki kone expert dan tretment ,0.18151815181518152,0.3333333333333333,False,punctuation_error;capitalization_error;spacing_error;missing_word_error
test,"Camion full entor,, premierment li pa arete pou regard 2 cote, paret li presser.. E mo sur sofer camion ine bizen trouve ki van p flass, sofer camion li sorti mem.., 1 bon sofer ti bizen coner kan 1 transport p flass bizen ena 1 problem, e 2eme paret van la ena 1 problem par c ki li p flass avant mem li trouve camion la.. Mo pence van la ine gagner problem frain???","Camion full antor. Premierment li pa aret pu regard 2 kote, paret li presse.. Et mo sur sofer camion inn bizin truve ki van pe flass, sofer camion li sorti mem.., 1 bon sofer ti bizin kone kan 1 transport pe flass bizin ena 1 problem, et 2eme paret van la ena 1 problem par seki li pe flass avant mem li truve camion la... Mo pense van la inn gagne problem frein???","Camion full antor, premierment li pa aret pu regard 2 kote, paret li presse.. Et mo sur sofer camion inn bizin truve ki van pe flass, sofer camion li sorti mem.., 1 bon sofer ti bizin kone kan 1 transport pe flass bizin ena 1 problem, et 2eme paret van la",0.30684931506849317,0.3287671232876712,False,punctuation_error;capitalization_error;spacing_error;missing_word_error
test,Toujours le maintien de suspense par paul est un perte de temps au lieu de travailler pour le pays ki li meme ti dire ti enbas lao avec ancien regime.. Tous les semaines suspenses meme. Dire li pran so critik ek so decision ale lakaz ene fois. Pas ti vote li pu garde pays en suspense couramment,Toujours le maintien de suspense par Paul est un perte de tan au lieu de travayer pour le pays ki limem ti dire ti enba lao avec ancien regime... Tu les semaines suspenses mem. Dire li pran so critik ek so decision ale lakaz enn fois. Pas ti vote li pu garde pays en suspense couramment.,Tuzur le maintien de suspense par Paul est un perte de tan au lieu de travail pour le pays ki limem ti dire ti enba lao avec ancien regime.. Tulezur suspenses mem. Dire li pran so critik ek so decision ale lakaz enn fois. Pas ti vote li pu garde pays en s,0.13240418118466898,0.14285714285714285,False,punctuation_error;capitalization_error;spacing_error;missing_word_error
test,couraze alla fami,Couraz a la fami.,Couraz ala fami.,0.058823529411764705,0.5,False,spacing_error;missing_word_error
test,Sori mo p dir sa apel sa parent iresponsable mw osi mo 1 parent mo ena zenfant pourtan mo zenfant ena 7ans kan nu ale la mer ler ban zenfant rent dan delo mo fer mo devoir papa mo vin debout dan bor delo mo get zot mo mem rent ziska 1 hauter kot mo fini dir zot pas travers mw mo deboute mo vey zot couma mo dir sorti sorti zame mo laiss zot 1 secon dan la mer tousel mem si zot p zoue dan bor avk disable ek la mer mo la,"Sori mo pe dir sa apel sa. Parent iresponsable. Mwa osi mo 1 parent mo ena zanfan pourtan mo zanfan ena 7 ans, kan nu ale la mer ler bann zanfan rantre dan dilo. Mo fer mo devoir papa mo vinn debout dan bor dilo. Mo get zot, momem rantre ziska 1 hauter kot mo fini dir zot pas travers mwa. Mo deboute mo veye zot: kuma mo dir sorti sorti, zame mo less zot 1 secon dan la mer tousel mem si zot pe zwe dan bor avek disable ek la mer, mo la.",Sori mo pe dir sa apel sa parent iresponsable mwa osi. Mo 1 parent mo ena zanfan pourtant mo zanfan ena 7 ans kan nu ale la mer ler bann zanfan rantre dan dilo mo fer mo devoir papa mo vinn debout dan bor dilo. Mo get zot momem rantre ziska 1 hauter kot m,0.4360730593607306,0.5473684210526316,False,punctuation_error;capitalization_error;spacing_error;missing_word_error
test,Camion la full entord mais ene zafer louche¾ camion la fini sorti couma soffeur van la pane trouve li,"Camion la full antor mais enn zafer louche. ¾ camion la fini sorti, kuma sofer van la pann truve li?",Camion la full antor mais enn zafer louche¾ camion la fini sorti kuma soffeur van la pann truve li.,0.06,0.25,False,punctuation_error;capitalization_error;spacing_error;missing_word_error
test,Twa e to NTA ek NLTA ek to gouvernment tou mem pouriture.,"Twa et to NTA ek NLTA ek to gouvernment, tu mem pouritir.",Twa et to NTA ek NLTA ek to gouvernment tumem pouriture.,0.07017543859649122,0.3333333333333333,False,punctuation_error;capitalization_error;spacing_error;missing_word_error
test,"[NAME], mari stressant.. Et pas fini zenfan la mm stresser.. Leker fr mal en tant parent, couma pou fr n zenfan prend bus portlouis pou ale rose belle, pna flexibilite. Mo d accord depuis ns change l adresse,, mais nous fr dde transfert,, zt ti bzn ena comprehension ki 1 fille 11 ans pas pou kpv voyager portlouis pou ale r. Belle.. Mo mm par l auto mo pas pou kpv ts les jours","[NAME], mari stressant.. Et pas fini zanfan lamem stresse.. Leker fer mal entant parent, kuma pu fer enn zanfan prend bus Port Louis pu ale Rose Belle, pena flexibilite. Mo dakor depuis nous change l adresse, mais nous fer dde transfert, zot ti bizin ena comprehension ki 1 fille 11 ans pas pu kapav voyage Port Louis pu ale Rose Belle.. Mo mem par loto mo pas ou kapav tulezur.","[NAME], mari stressant.. Et pas fini zanfan lamem stresse.. Leker fer mal entant parent, kuma pu fer enn zanfan prend bus Port Louis pu ale Rose Belle, pena flexibilite. Mo de accord depuis nos change ladresse, mais nous fer dde transfert, zot ti bizin en",0.3492063492063492,0.44285714285714284,False,punctuation_error;capitalization_error;spacing_error;missing_word_error
test,"Samedi dernier zot ti fer sa r moi sa 2 figures kan mo in alle cherche mo tifi lecon danse a terre rouge, mo ti pres pu amen li lhopital tou mais li refuse aller li ti p rode cash fer semblant lebras in enfler bon dieu grand sa lheure la 1 misier ti p passer lor moto li dire moi madam 1 scam sa zot ban arnaqueurs mo p telephone la police la et misier la dire aller ou madame kuma zot tande sa zot met lor position pattin. Merci Bon dieu et sa misier kin vin a temps la 🙏🙏","Samedi dernier zot ti fer sa ar moi sa 2 figures. Kan mo inn ale cherche mo tifi lesson danse a Terre Rouge, mo ti pre pu amenn li lopital tu mais li refiz ale. Li ti pe rode cash fer semblant lebra inn enfler. Bondieu grand sa ler la 1 misye ti pe passe lor moto li dire moi madam 1 scam sa zot bann arnaqueurs. Mo pe telephone la police la et misye la dire ale ou madame kuma zot tande sa zot met lor position pattin. Merci Bondieu et sa misye kinn vinn a tan la. 🙏🙏","Samedi dernier zot ti fer sa ar moi sa 2 figures kan mo inn ale cherche mo tifi lesson danse a Terre Rouge, mo ti pre pu amenn li lopital tu mais li refiz ale li ti pe rode cash fer semblant lebras inn enfler Bondieu grand sa ler la 1 misye ti pe passe lo",0.4636752136752137,0.51,False,punctuation_error;capitalization_error;spacing_error;missing_word_error
test,A few moments later li fer 150m la semaine li li pu ena kings counsel hahahahaha,A few moments later: li fer 150 mo la semaine li li pu ena kings counsel. Hahahahaha.,A few moments later li fer 150m la semaine li li pu ena kings counsel. Hahahahaha.,0.03529411764705882,0.17647058823529413,False,punctuation_error;capitalization_error;spacing_error;missing_word_error
test,B kot mineur la so declaration accuser la coter mineur étranger mais li vine fer baby-sitting dans ene l’endroit li pa coner,B kot mineur la so deklarasyon? Accuse la kot? Mineur étranger mais li vinn fer baby-sitting dans enn l’endroit li pa kone?,B kot mineur la so declaration accuser lakote mineur étranger mais li vinn fer baby-sitting dans enn l’endroit li pa kone.,0.08130081300813008,0.2727272727272727,False,punctuation_error;capitalization_error;spacing_error;missing_word_error
test,Ah seigneur ki nu pa trouv dans sa moris la. Zot penc akoz zot in trouve zot mari joli nu suppose interesse r zot. Non fiiiiii ban la route badia koki nu pa la dan.. To mari li zoli pu tw pa pu nu🤣🤣🤣🤣 alors ramasse to problem kot tw. Pa include nu ladan. Merci,Ah Seigneur! Ki nu pa truve dans sa Moris la. Zot pense akoz zot inn truve zot mari joli nu suppose interese ar zot. Non tifi bann la route badia koki nu pa ladan.. To mari li zoli pu twa pa pu nu🤣🤣🤣🤣 alors ramasse to problem kot twa. Pa include nu ladan. Merci.,Ah Seigneur ki nu pa truve dans sa Moris la. Zot pense akoz zot inn truve zot mari joli nu suppose interese ar zot. Non fi bann la route Badia koki nu pa ladan.. To mari li zoli pu twa pa pu nu🤣🤣🤣🤣 alors ramasse to problem kot twa. Pa include ,0.08396946564885496,0.12962962962962962,False,punctuation_error;capitalization_error;spacing_error;missing_word_error
test,Bon courage les enfants pour le [NAME] et hsc results,Bon courage! Les enfants pour le rezilta SC et HSC results.,Bon courage les enfants pour le [NAME] et HSC rezilta.,0.2542372881355932,0.45454545454545453,False,punctuation_error;capitalization_error;spacing_error;missing_word_error
test,Top net il faut bien plus que sa pas juste au moment de la fête pense que on roule tout le jours,Top net! Il faut bien plus que sa pas just au moment de la fête pense que on roule tu le jours.,Top net il faut bien plus que sa. Pas just au moment de la fête pense que on roule tulezur.,0.09473684210526316,0.3181818181818182,False,punctuation_error;capitalization_error;spacing_error;missing_word_error
test,"Van la pe roule vite oui... Mais ene chauffeur bizin cone so vehicle.... Mo ene dimune ki roule camion, loto, bus tout.. Sak vehicle ena so façon roulé.. Ceki pas coné ferme fess.... Ena bann facteur ki sa chauffeur camion la ti bizin prend ene considération.. Par exemple li bizin kapav jugé ki vitesse van la pé vini.. Eski li gagn letemp sorti..? Longueur so vehicle li bizin coné.. Poid so vehicle... Ene loto dans 1 second ou kapav déboucher akoz li pli vif.. Ene camion li pli lourd donc li démarre pli lentemain... Pou mwa.. Chauffeur van la pann réalisé ki cetait ene longue camion.. Linn pensé camion la ti pou gagn letemp sorti... Et chauffeur camion la osi inn fané en pensant ki li gagn letemp sorti et li pann jugé ki van la pé vine vite.... Bann accident ki kapav évité sa.","Van la pe roule vite oui... Mais enn chauffeur bizin kone so vehicle.... Mo enn dimunn ki roule camion, loto, bus tu.. Sak vehicle ena so façon roule.. Seki pas kone ferme fesse.... Ena bann facteur ki sa chauffeur camion la ti bizin prend enn considération.. Par exemple li bizin kapav zize ki vites van la pe vini.. Eski li gagne letan sorti..? Longueur so vehicle li bizin kone.. Poid so vehicle... Enn loto dans 1 second ou kapav déboucher akoz li plis vif.. Enn camion li plis lourd donc li démarre plis lentman... Pu mwa.. Chauffeur van la pann réalisé ki ete enn longue camion.. Linn pense camion la ti pu gagne letan sorti... Et chauffeur camion la osi inn fane en pensant ki li gagne letan sorti et li pann zize ki van la pe vinn vite.... Bann accident ki kapav evite sa.","Van la pe roule vite oui... Mais enn chauffeur bizin kone so vehicle.... Mo enn dimunn ki roule camion, loto, bus tu.. Sak vehicle ena so façon roule.. Seki pas kone ferme fesse.... Ena bann facteur ki sa chauffeur camion la ti bizin prend enn considéra",0.6756410256410257,0.6896551724137931,False,punctuation_error;capitalization_error;spacing_error;missing_word_error
test,"La loi exister pou tout dinoune ki mineure ou majeure chacun bizin respecter ban mineurs pe gagné trop bokou liberté faire ce ki zot envi, nepli ena moral éthique, respect, si zot le vivre la vie adulte zot bizin condamner kouma adult c'est simple. Auvlieu apren pou kapav servi le pays plus tard pe zouer are l'avenir, ça même perna nurse, docteur, policiers et autre dans moris après bizin importe étrangers, ile pou nepli ena morisiens pou diriger ou dans ban poste haut gradé","La loi existe pu tu dimunn ki mineure ou majeure. Chacun bizin respecte bann mineurs. Pe gagne trop buku liberté faire seki zot anvi, nepli ena moral éthique, respect. Si zot lei viv lavi adulte, zot bizin kondann kuma adult c'est simple. Olye aprann pu kapav servi le pays plus tard pe zwe ar l'avenir, sa même pena nurse, docteur, policiers et autre dans Moris après bizin importe étrangers. Lil pu nepli ena Morisien pu diriger ou dans bann poste haut gradé.","La loi existe pu tu dinoune ki mineure ou majeure chacun bizin respecte bann mineurs pe gagne trop buku liberté faire seki zot anvi, nepli ena moral éthique, respect, si zot le viv lavi adulte zot bizin condamner kuma adult c'est simple. Ovelieu apre pu",0.48156182212581344,0.5975609756097561,False,punctuation_error;capitalization_error;spacing_error;missing_word_error
test,Kan ggn toi ek l'alcool ou la drogue lor volant pas bizin ki to fer accident ou ena mort d'homme nanier sa couma ggn toi ti bizin fermé mm et pas done caution nanier bez toi fermer pou 3mois minimum ou geté si kiken ti pou boire ou droguer condire ene seul coup ti pou fini sa zafer la la lois trop en kk dans sa moris la,"Kan gagne toi ek l'alcool ou la drogue lor volant, pas bizin ki to fer accident ou ena mort d'homme nantyin sa, kuma gagne toi ti bizin ferme mem et pas donne caution nanyin. Bez toi ferme pu 3 mois minimum ou get si kiken ti pu boire ou droguer kondir. Enn seul kut ti pu fini sa zafer la, la lois trop en kaka dans sa Moris la.",Kan gagne toi ek l'alcool ou la drogue lor volant pas bizin ki to fer accident ou ena mort d'homme nanyin. Sa kuma gagne toi ti bizin ferme mem et pas donne caution nanyin. Bez toi ferme pu 3 mois minimum ou get si kiken ti pu boire ou droguer kondire enn,0.23404255319148937,0.3188405797101449,False,punctuation_error;capitalization_error;spacing_error;missing_word_error
test,Mo dman mooi sa bne kine sipoze pren leçon ek li la eski zt ine ggn kass plis ki li ou bien non parski tout le temps limem ki plis kass ki zt,Mo demande moi sa bann kinn sipoze pran leçon ek li la eski zot inn gagne kas plis ki li ou bien non? Parski tu letan limem ki plis kas ki zot.,Mo demande moi sa bann kinn sipoze pran leçon ek li la? Eski zot inn gagne kas plis ki li ou bien non? Parski tultan limem ki plis kas ki zot.,0.027972027972027972,0.125,False,punctuation_error;capitalization_error;spacing_error;missing_word_error
test,𝑭𝒊𝒏𝒊 𝒕𝒊𝒓𝒆́ 𝒔𝒂 𝒏𝒐 𝒘𝒂𝒓𝒏𝒊𝒏𝒈 𝒛𝒕 𝒆𝒏𝒓𝒆𝒕𝒂𝒓𝒅🤣🤣🤣🤣,"𝑭𝒊𝒏𝒊 𝒕𝒊𝒓𝒆e 𝒔𝒂 𝒏𝒐 𝒘𝒂𝒓𝒏𝒊𝒏𝒈, 𝒛o𝒕 𝒆𝒏𝒓𝒆𝒕𝒂𝒓𝒅.🤣🤣🤣🤣",𝑭𝒊𝒏𝒊 𝒕𝒊𝒓𝒆 𝒔𝒂 𝒏𝒐 𝒘𝒂𝒓𝒆𝒕𝒂𝒓𝒅🤣🤣🤣🤣,0.3488372093023256,0.5714285714285714,False,punctuation_error;capitalization_error;spacing_error;missing_word_error
test,"[NAME], kan pa kone servi fizi avek balle servi fizi delo to trouver la to p bizin dormi dan lopital 1 grand kumensment lannée🤣","[NAME], kan pa kone servi fizi avek balle, servi fizi dilo. To truve la: to pe bizin dormi dan lopital, 1 grand kumensman lannée. 🤣","[NAME], kan pa kone servi fizi avek balle, servi fizi dilo to truve la. To pe bizin dormi dan lopital 1 grand kumansment lane.🤣",0.08396946564885496,0.32,False,punctuation_error;capitalization_error;spacing_error;missing_word_error
test,Ziskakan?,Ziska kan?,Ziskakan?,0.1,1.0,False,spacing_error;missing_word_error
test,Bien dire sa monsieur.. Aster dimoune zot pna pitié ni respect pour les travaille des autres.. Pna sous métiers.. Ban dimoune ki faire sauvage bein remettre ordures la dans zot la cœurs mem laisse zot senti zot caca... Respect un peu respect pour ns ban eboueurs svp si zot ena l'éducation.,Bien dire sa monsieur.. Aster dimunn zot pena pitié ni respect pour les travail des autres.. Pena sous métiers.. Bann dimunn kifer sauvage bein remettre ordures ladan zot la cœurs mem laisse zot senti zot kaka..... Respect un peu respect pour nu bann eboueurs svp si zot ena l'éducation.,Bien dire sa monsieur.. Aster dimunn zot pena pitié ni respect pour les travail des autres.. Pena sous métiers.. Bann dimunn ki faire sauvage bein remettre ordures ladan zot lakour mem laisse zot senti zot kaka... Respect un peu respect pour nos bann eb,0.1602787456445993,0.24489795918367346,False,punctuation_error;capitalization_error;spacing_error;missing_word_error
test,"Ladrogue ek ena p sorti pa mem chek zot, zot ena zot dimoune ki fr zot sorti, sa zot pa guete sa","Ladrog ek ena pe sorti pa mem chek zot, zot ena zot dimunn ki fer zot sorti, sa zot pa get sa.","Ladrog ek ena pe sorti pa mem chek zot, zot ena zot dimunn kifer zot sorti, sa zot pa get sa.",0.010638297872340425,0.09090909090909091,False,spacing_error;missing_word_error
test,"[NAME], paré tw pou al fer dezord laein😂😂","[NAME], Pare twa pu ale fer dezord la ein.😂😂","[NAME], pare twa pu ale fer dezord lain.😂😂",0.06818181818181818,0.3333333333333333,False,capitalization_error;spacing_error;missing_word_error
test,Toule2 noyer en mem temp? 19. 30? Imp drole ein,Tulde noye en mem tan? 19. 30? Enpe drole ein.,Tulde noye en mem tan? 19.30? Enpe drole ein.,0.021739130434782608,0.2,False,spacing_error;missing_word_error
test,Pas capave soigne so zenfan fine rode la vie moris ey madame tourn page gagne nausée ecoute ou tous maman jamais pas accepter zotte garçon faire crime la presse manque travail coz avec banne nimporte🙄🙄🙄🙄,"Pas kapav soigne so zanfan, finn rode lavi Moris. Ey madame, tourne page. Gagne nausée ekut ou. Tu maman jamais pas accepte zot garçon faire crime. La presse manque travail, koze avec bann nerport. 🙄🙄🙄🙄",Pas kapav soigne so zanfan finn rode lavi Moris. Ey madame tourn page gagne nausée. Ekut ou tu maman jamais pas accepte zot garçon faire crime. La presse manque travail koze avec bann nerport.🙄🙄🙄🙄,0.054455445544554455,0.34285714285714286,False,punctuation_error;capitalization_error;spacing_error;missing_word_error
test,"Mo pa surprit dutou. Tu collegien et collegienne ena ti copain ti copine aster. Pa mem tard qui Hier mo ti ena rendez vous cot dentiste, 2 mamzelle p assize a coter moi, 1 la dir st Valentin p vini la, mo fidele moi pa Cuma toi qui ena plusieurs. Aster compran Cuma pa cpv gagn 3 credits. P garde 4 5 gallant, lot la p pli interesser r fete st Valentin Dan place gagn traka Li pa p compran nanier Dan add maths","Mo pa surpri ditou. Tu collegien et collegienne ena ti copain, ti copine aster. Pa mem tard qui hier mo ti ena rendez vous kot dentiste, 2 mamzelle pe asize akot moi, 1 la dir St Valentin pe vini la, mo fidele moi pa kuma toi qui ena plusieurs. Aster konpran kumsa pa kapav gagne 3 credits. Pe garde 4, 5 gallant, lot la pe plis interese ar fete St Valentin dan place gagne tracas li pa pe konpran nanyin dan Add Maths.","Mo pa surprit ditou. Tu collegien et collegienne ena ti copain ti copine aster. Pa mem tard qui hier mo ti ena rendez vous kot dentiste, 2 mamzelle pe asize akote moi, 1 la dir St Valentin pe vini la, mo fidele moi pa kuma toi qui ena plusieurs. Aster kon",0.4009546539379475,0.43373493975903615,False,punctuation_error;capitalization_error;spacing_error;missing_word_error
test,P rod fer nous concentré lor la non pas ditous vine lor paul so départ qui p preuvu pu bientôt aret sak fois ena problem entrer zot zot bour ancien la dans 2026 la pu vine jouer kine fini jouer 2025 coumsa zot croire nu couyon just nu perna pouvoir mais nu pas couyon nous acepter parce ki kan pravin ti la to kozee to ta c aster k v,"Pe rode fer nous concentré lor la non pas ditou. Vinn lor Paul so départ qui pe preuvu pu bientôt. Aret sak fois ena problem entre zot, zot boure ancien ladan. 2026 la! Pu vinn jouer kinn fini jouer 2025? Kumsa zot croire nu kuyon? Just nu pena pouvoir mais nu pas kuyon. Nous accepte parski kan Pravin ti la to koze to tasse, aster kave.",Pe rode fer nous concentré lor la. Non pas ditou vinn lor Paul so départ qui pe preuvu pu bientôt. Aret sak fois ena problem entre zot. Zot boure ancien ladan 2026 la pu vinn jouer kinn fini jouer 2025 kumsa. Zot croire nu kuyon just nu pena pouvoir ma,0.28994082840236685,0.4696969696969697,False,punctuation_error;capitalization_error;spacing_error;missing_word_error
test,"[NAME], bonjour li ti pu bon si ou ti kpve guet situation transport laroute st hubert 1 tigit dimanche prend 1hrs pu vin 3hrs mo lor bus stop lopital lundi zanfan pa gngn transport pu ale lekol la veille noel nkr 1 tigit mo rest dan rose bellle mem li ti pu bon ou guet 1 tigit parti ici osi parki nu p pass 1 miszir noir ici zanfan ale lekol curepipe gngn bus lekol new grove akoz sa gngn bus p bizin pass par mahebourg pu gngn transport pu ale lekol eski ou trve sa correct","[NAME], bonjour. Li ti pu bon si ou ti kapav get situation transport la route St Hubert 1 tigit. Dimanche prend 1hr pu vinn 3hr mo lor bus stop lopital. Lundi zanfan pa gngne transport pu ale lekol. La veille noel ankor 1 tigit mo reste dan Rose Belle mem. Li ti pu bon ou get 1 tigit parti ici osi. Parski nu pe passe 1 mizer noir ici. Zanfan ale lekol Curepipe gagne bus lekol New Grove akoz sa gagne bus pe bizin passe par Mahebourg pu gagne transport pu ale lekol. Eski ou truve sa correct?","[NAME], bonjour li ti pu bon si ou ti kapav get situation transport la route St Hubert 1 tigit dimanche prend 1hr pu vinn 3hr mo lor bus stop lopital lundi zanfan pa gagne transport pu ale lekol la veille noel Nekr 1 tigit. Mo reste dan Rose Belle mem li ",0.5060728744939271,0.6224489795918368,False,punctuation_error;capitalization_error;spacing_error;missing_word_error
test,"Et zot vote toujours ban la même, b aster mo penser ki nou tou nou fine tire ene mari zoli leçon. Jamais plus commettre les mêmes erreurs, bisin grandi maintenant pou nepli laisse la place aux bandits ki penrdi tou l'économie et le peuple perdi dans sa bane nafrath ki pe faire la",Et zot vote toujours bann lamem. B aster mo pense ki nu tu nu finn tire enn mari zoli leçon. Jamais plus commettre les mêmes erreurs. Bizin grandi maintenant pu nepli laisse la place aux bandits ki perdi tu l'économie et le peuple perdi dans sa bann nafrath ki pe faire la.,"Et zot vote toujours bann lamem, b aster mo pense ki nu tu nu finn tire enn mari zoli leçon. Jamais plus commettre les mêmes erreurs, bizin grandi maintenant pu nepli laisse la place aux bandits ki pena radi tu l'économie et le peuple perdi dans sa ban",0.12087912087912088,0.23076923076923078,False,punctuation_error;capitalization_error;spacing_error;missing_word_error
test,"[NAME], pareil coment to cervo in constiper si c sa to argument 😂 pou essaye insulter dimoun ki p remet toi a lordre ben felicitations to p kass bel paker dans to la vie 😂 mo sure to mama bien fiere de toi et to ban propos ki to vine fer online envers ban dimoun ki lor stress bonne continuation dans to la vie to pou arive bien loin avec sa latitude et sa mentaliter la","[NAME], pareil kuma to cervo inn constipe. Si se sa to argument 😂 pu esey insulte dimunn ki pe remet toi a lord b felisitasyon. To pe kase bel pake dans to lavi. 😂 Mo sure to mama bien fiere de toi et to bann propos ki to vinn fer online envers bann dimunn ki lor stress. Bonne continuation dans to lavi, to pu arrive bien loin avec sa latitude et sa mantalite la.","[NAME], pareil comment to cervo inn constipe si se sa to argument 😂 pu essaye insulte dimunn ki pe remet toi a lord ben felicitations to pe kase bel pake dans to lavi. 😂 Mo sure to mama bien fiere de toi et to bann propos ki to vinn fer online enver",0.38186813186813184,0.40540540540540543,False,punctuation_error;capitalization_error;spacing_error;missing_word_error
test,Réalité government officials zot bizin faire chemin ene fasion ki kan ene transport pe sorti ou ene lot transport pa vini capave trouve avec sa muraille la li difficile pou kone kan pou sorti out non si bien change semain so place ou faire li vine one way ou faire tire sa muraille la l'autorité bizin prand ene decision pou pa re enar accident la bas,"Réalité, government officials. Zot bizin faire chemin enn fason ki kan enn transport pe sorti ou enn lot transport pa vini, kapav truve. Avec sa muraille la, li difficile pu kone kan pu sorti out non. Si bizin change semain so place, ou faire li vinn one way, ou faire tire sa muraille la. L'autorité bizin pran enn decision. Pu pa reena accident laba.",Réalité government officials. Zot bizin faire chemin enn fasion ki kan enn transport pe sorti ou enn lot transport pa vini kapav truve avec sa muraille la. Li difficile pu kone kan pu sorti out. Non si bien change semain so place ou faire li vinn one wa,0.3096590909090909,0.453125,False,punctuation_error;capitalization_error;spacing_error;missing_word_error
test,Ena bez la.... Kitfwa ena dimounn nek vini kraz loto etc... Alor ki zenfan dans lignorance ek fautifs.. Ek parents negligence,Ena bez la.... Kite fwa ena dimunn nek vini kraze loto etc... Alor ki zanfan dans linnyorans ek fautifs.. Ek parents negligence.,Ena bez la.... Kitfwa ena dimunn nek vini kraze loto etc... Alor ki zanfan dans lignorance ek fautifs.. Ek parents negligence.,0.046875,0.13636363636363635,False,capitalization_error;spacing_error;missing_word_error
test,"Ministre pe faire so maximum, site visit surprise etc.. Mais si ban personnel lamem pas faire zefforts pou donne ene bon service, pas capav faire narien malheureusement.. Si ene dimoune li pas content sa profession mais a cause security employee dans gouvernement, alors change metier, pas continuer met la vie dimounes en jeu","Ministre pe faire so maximum, site visit surprise etc.. Mais si bann personnel lamem pas faire zefor pu donne enn bon service, pas kapav faire nayin malheureusement.. Si enn dimunn li pas kontan sa profession mais a cause security employee dans gouvernement, alors change metier, pas kontiyn met lavi dimunn en jeu.","Ministre pe faire so maximum, site visit surprise etc.. Mais si bann personnel lamem pas faire zefor pu donne enn bon service, pas kapav faire nanyin malheureusement.. Si enn dimunn li pas kontan sa profession mais a cause security employee dans gouvernem",0.19682539682539682,0.23076923076923078,False,punctuation_error;capitalization_error;spacing_error;missing_word_error
test,"[NAME], oui moi mo tifi 1 ados et kan mo coz ar li mo explik li sans tabou paski oui c lakaz ki faire sa ki li tifi ou garson parent bizin coz tout sa ar zot et explik zot ki fason ki certaine decision pou affecter zot par exemple mo dire mo tifi ki si li cachiete moi ki li p faire kitchose pas bizin bein c so choix ki pou affecter so la paski moi mo deja fini pass par la et mo faire li comprend aussi ki difference ena entre prend responsabiliter ki pas bizin boner et etudier pou reussi avant tout sa et etre independante","[NAME], oui moi mo tifi 1 ado. Kan mo koze ar li, mo eksplik li sans tabou, parski oui se lakaz kifer sa. Ki li tifi ou garson, parent bizin koze tu sa ar zot. Eksplik zot ki fason ki certaine decision pu affecte zot. Par exemple: mo dir mo tifi ki si li kasyet moi ki li pe fer kitsoz pas bizin, bein se so choix ki pu affecte so la. Parski moi mo deza fini pass par la. Mo fer li comprend osi ki difference ena entre prend responsabilite ki pas bizin boner et etudier pu resi avant tu sa et etre independante.","[NAME], oui moi mo tifi 1 ados et kan mo koze ar li mo explik li sans tabou parski oui se lakaz kifer sa ki li tifi ou garson parent bizin koze tu sa ar zot et explik zot ki fason ki certaine decision pu affecte zot par exemple mo dire mo tifi ki si li ka",0.538160469667319,0.638095238095238,False,punctuation_error;capitalization_error;spacing_error;missing_word_error
test,1 responsabiliter sa travail la. Kn oune engazer a faire se metier ou faire li. Sois fer li sois pa fer li.. Bzin apply inper plis docter ena ki competant a fer sa travail la qui qualifier mai comme tjr moris baking ki marc pli bcp. Si ti kone pren dimoune bien pou travail pa ti pou senti li dure koumsa.. Si zenfan malade asoir ki pu fr ar zenfan la??????,1 responsabilite sa travail la. Kan oun engazer a faire se metier ou faire li. Soi fer li soi pa fer li.. Bizin apply enpe plis docteur ena ki competant a fer sa travail la qui qualifie me comme tuzur Moris baking ki marse plis buku. Si ti kone pran dimunn bien pu travail pa ti pu senti li dure kumsa... Si zanfan malade aswar ki pu fer ar zanfan la??????,1 responsabilite sa travail la. Kan ou engazer a faire se metier ou faire li. Soi fer li soi pa fer li.. Bizin apply enpe plis docteur ena ki competant a fer sa travail la qui qualifier me comme tuzur Moris baking ki marse plis buku. Si ti kone pran dimun,0.2893258426966292,0.323943661971831,False,punctuation_error;capitalization_error;spacing_error;missing_word_error
test,Aussi banne minis et deputes ki vine faire soy/palabes dans ganga talao bizin pousse zot toute suite c'est ene place sacre pas ene place pou faire palabes asking for a friend,"Aussi bann minis et deputes ki vinn faire soy/palabes dans Ganga Talao bizin pousse zot toute suite. C'est enn place sacre, pas enn place pu faire palab, asking for a friend.",Aussi bann minis et deputes ki vinn faire soy/palabes dans Ganga Talao bizin pousse zot tusuite. C'est enn place sacre pas enn place pu faire palabes. Asking for a friend.,0.05172413793103448,0.16129032258064516,False,punctuation_error;capitalization_error;spacing_error;missing_word_error
test,Mo pou dir enkor depi 2025 mo p dir misie anil baichoo pas entor zot in dne li 1 poss minister ki li pas cne sa domine la li ti 1 profeser li deza okip lezot pos minister tu kpv dne li 1 lot minister sa pos la pena lot dimoune apart dr [NAME] ki 1 professionel dans sa domain la zot in met 1 ministre deza pas cne sa domain la aster 1 junior si ki pas cmpren mo pas p cmpren kifer apre zot p dir narye pas p fonktione couma bizin zot mem ti dir bizin met the right person at the right place zordi [NAME] mem p dir bcp plas pas p roul couma bizin si ti met dr [NAME] dan la sante li cne couma pou amen sa,"Mo pu dir ankor: depi 2025, mo pe dir misye Anil Baichoo pas antor. Zot inn donne li 1 poss minister ki li pas kone sa domine la. Li ti 1 professeur, li deza okip lezot pos minister, tu kapav donne li 1 lot minister. Sa pos la pena lot dimunn apart doctor [NAME] ki 1 professionel dans sa domain la. Zot inn met 1 ministre deza pas kone sa domain la, aster 1 junior. Si ki pas konpran, mo pas pe konpran kifer. Apre zot pe dir nanyin pas pe fonktione kuma bizin. Zot mem ti dir bizin met the right personne at the right place. Zordi [NAME] mem pe dir buku plas pas pe roule kuma bizin. Si ti met doctor [NAME] dan la sante, li kone kuma pu amenn sa.",Mo pu dir ankor depi 2025. Mo pe dir misye Anil Baichoo pas antor. Zot inn donne li 1 poss minister ki li pas kone sa domine la. Li ti 1 professeur li deza okip lezot pos minister. Tu kapav donne li 1 lot minister. Sa pos la pena lot dimunn apart dir [NAM,0.613251155624037,0.6466165413533834,False,punctuation_error;capitalization_error;spacing_error;missing_word_error
test,"Eh arrêt ou cinéma dow. Lot fois ti parey kuma dir pou li kan li. Fer sa li pé attan ki so banes membres met zot enba suppliy li après ki li aller li rester li fini rempli so poss. Tou gouvernement ki ti la li reste leader so parti, li dan l'opposition assizer bez kass lepep. B pou moi li bien cpav disparet lor map, arrêt vinn kouyonn lepep deza zot 1banes salop menteurs. Lallians pena sanzement","Eh aret ou cinéma dow. Lot fois ti pareil kumadir pu li kan li. Fer sa li pe atann ki so bann membres met zot enba suppliy li après ki li ale li reste li fini rempli so poss. Tu gouvernement ki ti la li reste leader so parti, li dan l'opposition asize bez kas lepep. B pu moi li bien kapav disparet lor map, aret vinn kuyonn lepep deza zot 1 bann salop menteurs. Lalyans pena sanzement.","Eh aret ou cinéma dow. Lot fois ti pareil kumadir pu li kan li. Fer sa li pe atann ki so bann membres met zot enba suppliy li après ki li ale li reste li fini rempli so poss. Tu gouvernement ki ti la li reste leader so parti, li dan l'opposition asize b",0.344559585492228,0.32051282051282054,False,punctuation_error;capitalization_error;spacing_error;missing_word_error
test,"Réalité, government officials... Zot bizin faire chemin ene fasion ki kan ene transport pe sorti ou ene lot transport pa vini... Capave trouve.. Avec sa muraille la... Li difficile pou kone kan pou sorti out non.. Si bien change semain so place.. Ou faire li vine one way.. Ou faire tire sa muraille la... L'autorité bizin prand ene decision.. Pou pa re enar accident la bas.","Réalité, government officials... Zot bizin faire chemin enn fason ki kan enn transport pe sorti ou enn lot transport pa vini... Kapav truve.. Avec sa muraille la... Li difficile pu kone kan pu sorti out non.. Si bizin change semain so place.. Ou faire li vinn one way.. Ou faire tire sa muraille la... L'autorité bizin pran enn decision.. Pu pa reena accident laba.","Réalité, government officials... Zot bizin faire chemin enn fasion ki kan enn transport pe sorti ou enn lot transport pa vini... Kapav truve.. Avec sa muraille la... Li difficile pu kone kan pu sorti out non.. Si bien change semain so place.. Ou faire l",0.3150684931506849,0.34375,False,punctuation_error;capitalization_error;spacing_error;missing_word_error
test,Ena expert dans tous zaffaires a maurice meteo politique lla loi et accident etc kuma dire tout ce p mette pathetique ti sur place aumoment ti ena sa accident,"Ena expert dans tu zafer a Maurice: meteo, politique, la loi et accident, etc. Kumadir tu se pe met pathetique ti sur place au moment ti ena sa accident.",Ena expert dans tu zafers à Maurice. Meteo politique la loi et accident etc. Kumadir tu se pe met pathetique ti sur place aumoment ti ena sa accident.,0.05228758169934641,0.27586206896551724,False,punctuation_error;capitalization_error;spacing_error;missing_word_error
test,"Ena p dir gros poumon sipaki mo ggt ici. Selman, 1 zour la lin plein port louis r marsand. Tne fini blier ki 1 an lin bez la grain r pension, lin trasse kass r rama, etc.. Et lot lannee si li poo bour zot tou pareil. Saem li bon, vin marse marser le 25 dec dan port louis, apres le rest l'année poo asizer poo met lamain dan nu la gorge","Ena pe dir gros poumon sipaki mo gogot ici. Selma, 1 zur la linn plein Port Louis ar marsand. Tonn fini bliye ki 1 an linn bez la grain ar pension, linn trasse kas ar Rama, etc.. Et lot lane si li pu boure zottu pareil.. Samem li bon, vinn marse marser le 25 decembre dan Port Louis, apre le reste l'année pu asize pu met lamain dan nu la gorge.","Ena pe dir gros poumon sipaki mo gogot ici. Selma 1 zur la linn plein Port Louis ar Marsand. Tonn fini bliye ki 1 an linn bez la grain ar pension, linn trasse kas ar rama, etc.. Et lot lane si li pu boure zot tu pareil. Samem li bon, vinn marse marse le 2",0.27246376811594203,0.352112676056338,False,punctuation_error;capitalization_error;spacing_error;missing_word_error
test,Si dans lekol ti fr [NAME] 1 lesson em pa ti pu bisin doner mo garçon ti dans grade 3 last year ti kav compter comier jr miss la ti p vin travail dans 1 an,"Si dans lekol ti fer seki bizin, 1 lesson mem pa ti pu bizin done. Mo garçon ti dans grade 3 last year, ti kapav compter komie zur miss la ti pe vinn travail dans 1 an.",Si dans lekol ti fer [NAME] 1 lesson mem pa ti pu bizin donne. Mo garçon ti dans grade 3 last year ti kapav compter. Komie zur miss la ti pe vinn travail dans 1 an.,0.08928571428571429,0.16216216216216217,False,punctuation_error;capitalization_error;spacing_error;missing_word_error
test,Cmbien Zot pas p montrer Astr lol ca cki Zot p mntrei dimune la b Derier sa Cmbien million p fr labas Zot pas p montrer,"Komie zot pas pe montre aster lol? Sa seki zot pe montre dimunn la. B deryer sa, komie million pe fer laba? Zot pas pe montre.","Cembien zot pas pe montre aster lol. Seki zot pe montre dimunn la, b deryer sa kumbien million pe fer laba. Zot pas pe montre.",0.11904761904761904,0.34615384615384615,False,punctuation_error;capitalization_error;spacing_error;missing_word_error
test,ZTE bisin cumance fr bon travaille Pou ZTE re ggne respect popilation ✅,Zot bizin komans fer bon travail pu zot re gagne respect popilasyon. ✅,Zot bizin komans fer bon travail pu zot regagne respect popilation. ✅,0.04285714285714286,0.23076923076923078,False,spacing_error;missing_word_error
test,"[NAME], donne moi n rezon ki fer bizin al avec 10 van. Dans mo landroit ousi fin ena ban arestation koumsa, d van vinin prend aller, ki fer kot nous zot pas defan zot, parse ki nous envi sa fini, moi mo dire la police bizin met lachain partou oas less ban dimoun rantre pou al aster. E apre ban q p defan ban mafia less zot mort kot mo problem ladent","[NAME], donne moi enn rezon kifer bizin ale avec 10 van. Dans mo landrwat osi finn ena bann arestasyon kumsa, d van vinin prend ale, kifer kot nous zot pas defane zot? Parski nous anvi sa fini: moi mo dire la police bizin met lachain partu pas less bann dimunn rantre pu ale aster. Et apre bann qui pe defane bann mafia less zot mort kot mo problem ladan.","[NAME], donne moi enn rezon kifer bizin ale avec 10 van. Dans mo landrwa osi finn ena bann arestation kumsa, de van vinin prend ale, kifer kot nous zot pas defane zot, parski nous anvi sa fini, moi mo dire la police bizin met lachain partu oas less bann d",0.30422535211267604,0.391304347826087,False,punctuation_error;capitalization_error;spacing_error;missing_word_error
test,Kapav possible vraiement line cokain ou mem fort possible sa fausse osi kar ou bizin montrer kan line traverser cot la caisse pou nous comprend si vraiement line payer ou prend aller sans payer bocoup p nek coment sans comprend ki parfois ena servi bane short video coumsa just pou gat reputation dimoune osi 🤔,"Kapav possible, vremem linn kokin ou mem fort possible sa fausse osi, kar ou bizin montre kan linn traverser kot la caisse, pu nous comprend si vremem linn peye ou prend ale sans peye. Buku pe nek comment sans comprend ki parfois ena servi bann short video kumsa just pu gat reputation dimunn osi. 🤔",Kapav possible vraiment linn kokin ou mem fort possible. Sa fausse osi kar ou bizin montre kan linn traverser kot la caisse pu nous comprend si vraiment linn peye ou prend ale sans peye. Buku pe nek comment sans comprend ki parfois ena servi bann short vi,0.19732441471571907,0.2909090909090909,False,punctuation_error;capitalization_error;spacing_error;missing_word_error
test,"Narien pa p changer.. Zis le peuple ki bizin respecter la loi.. Pou ban seki la haut, tou pareil.. Election n fer, ban la tete n changer.. System la enkor pareil, plito li pli danbez","Nanyin pa pe change... Zis le peuple ki bizin respecte la loi... Pu bann seki la haut, tu pareil... Election inn fer, bann latet inn change... System la ankor pareil, plito li plis dan bez.","Nanyin pa pe change.. Zis le peuple ki bizin respecte la loi.. Pu bann seki la haut, tu pareil.. Election enn fer, bann latet enn change.. System la ankor pareil, plito li plis danbez.",0.037037037037037035,0.22857142857142856,False,punctuation_error;spacing_error;missing_word_error
test,Look at this recklees& irresponsible driving licence bizin sauter ca,"Look at this recklees & irresponsible driving, licence bizin saute sa.",Look at this recklees& irresponsible driving licence bizin sauter sa.,0.04285714285714286,0.36363636363636365,False,punctuation_error;capitalization_error;spacing_error;missing_word_error
test,Less li line fr so bonus li mme....,Les li linn fer so bonus li madame....,Less li linn fer so bonus limem....,0.15789473684210525,0.375,False,capitalization_error;spacing_error;missing_word_error
test,Touletemp mo pense ça ban personne la zot aussi zot ena neznez bnla aussi servi zot lamain pour manger pas coût nous nnrien acheter ban sac poubelle nous mettre tous nous ordures dedans attache li bien pour facilite zot travaille ena parfois mo trouve l'etat certains dimun zot poubelle eski zot pas honteux 1tipeu manger par terre lichien p faire dégâts c'est 1lahonte pour ban personne ki pna l'ordre dans zot,"Tultan mo pense sa bann dimunn la zot osi zot ena neznez. Banla osi servi zot lamain pu manze. Pa kut nu nanyin aste bann sak poubelle, nu met tu nu lordir ladan, atase li bien pu fasilit zot travail. Ena parfwa mo truve leta sertin dimunn zot poubelle, eski zot pa onte enn tipe? Manze par terre, lisyen pe faire dégâts. C'est enn laonte pu bann dimunn ki pena lord dan zot.",Tultan mo pense sa bann personne la zot aussi zot ena neznez banla aussi servi zot lamain pour manze. Pas kut nous nanyin achete bann sac poubelle. Nous met tu nous ordures dedans attache li bien pour facilite zot travail. Ena parfois mo truve l'etat cert,0.504,0.6575342465753424,False,punctuation_error;capitalization_error;spacing_error;missing_word_error
test,Mo pa compren kifer nou ena tendence juger critiquer alor qui c’est ene situation ki zamer noune viv coumadir si nou ti dan plass madame la nou ti pou kpav fer mieux li facil pou dir ki dan plass madame la nou ti pou fer tel ou tel choses mai nou pa koner ki madame p endurer ek so belles ser et surtou avec so mari pou line bizin res trankil tou sa letem la,"Mo pa konpran kifer nu ena tendence juger, kritik. Alor ki se enn situation ki zame nu viv, kumadir si nu ti dan plas madame la, nu ti pu kapav fer mieux. Li fasil pu dir ki dan plas madame la nu ti pu fer tel ou tel choses. Me nu pa kone ki madame pe endurer ek so belser, et surtout avek so mari, pu linn bizin res trankil tusa letan la.",Mo pa konpran kifer nu ena tendence juger critik alor qui c’est enn situation ki zame nu viv kumadir si nu ti dan plas madame la nu ti pu kapav fer mieux li fasil pu dir ki dan plas madame la nu ti pu fer tel ou tel choses. Me nu pa kone ki madame pe en,0.2920353982300885,0.3561643835616438,False,punctuation_error;capitalization_error;spacing_error;missing_word_error
test,1bn kk fss lor lettre zot meter ale ebene height kn ale lba direkter la dir mes p couyone dmune zot pa pou kpv fr oken transfer pa so domaine sa bzin ale mitd sa kou la kan ale lba zot dir bzin atan 1mois moem mo nepli cmp zot p tourne dmune en bourik zrdi le 9 lekol admission lundi 1ferfout lettre pane ggner v dir si pa ti ale mes pa ti pou cne 1ferfoute zot fr tou a lenvers ek lorla pli zoli directer mes dir li pa pou kpv fr nnr ek li pa cne nnr li bzin ale Ministere Ledikasyon lba o6 mem couyonad ine eariv lher pou sanz sa system kk la,"1 bann kaka fesse lor lettre. Zot ale Ebène height, kan ale laba direkter la dir mes pe kuyon dimunn. Zot pa pu kapav fer okenn transfer, pa so domaine sa, bizin ale MITD. Sa kut la kan ale laba, zot dir bizin atann 1 mois. Moem mo nepli konpran. Zot pe tourne dimunn en bourik. Zordi le 9, lekol admission lundi, 1 ferfoute lettre pann gagne. Vdire si pa ti ale MES, pa ti pu kone 1 ferfoute. Zot fer tu a lanver ek lor la plis zoli direkter MES dir li pa pu kapav fer nanyin ek li pa kone nanyin. Li bizin ale minister ledikasyon laba osi. Mem kuyonad inn arrive ler pu sanze sa system kaka la.",1 bann kaka fesse lor lettre zot met ale ebene height kan ale loba direkter la. Dir mes pe kuyon dimunn zot pa pu kapav fer okenn transfer pa so domaine sa. Bizin ale MITD sa kut la kan ale loba zot dir bizin atann 1 mois momem mo nepli komie zot pe tourn,0.610738255033557,0.7355371900826446,False,punctuation_error;capitalization_error;spacing_error;missing_word_error
test,Aster sommeil case. Pendant 2025 cote ti ete pas ti trouve sa ban problem la. Fin faire abc,"Aster, sommeil kase. Pendant 2025, kot ti ete? Pas ti truve sa bann problem la. Fin faire asize bez kas.",Aster sommeil case. Pendant 2025 kot ti ete? Pas ti truve sa bann problem la. Finn faire ABC.,0.16346153846153846,0.35,False,punctuation_error;capitalization_error;spacing_error;missing_word_error
test,"[NAME], cest vre plito lin manz so kou lapolice nek vine mt n menot dans lamain fini lavenir kouma pou viv ou dan prison madam zenfant so koter ayo gan frisson kn mazine sa ki bondieu protez nou noou pa vine nerport avec banne nerport","[NAME], se vre plito linn manze so kut lapolis nek vinn met enn menotte dans lamain fini lavenir. Kuma pu viv ou dan prison madam zanfan so kote ayo gagne frisson kan mazine sa. Ki Bondieu protez nu. Nu pa vinn nerport avec bann nerport.","[NAME], se vre plito linn manze so kut lapolis nek vinn mot enn menot dans lamain fini lavenir kuma pu viv ou dan prison. Madam, zanfan so kote ayo gagne frisson kan mazine. Seki Bondieu protez nu nu pa vinn nerport avec bann nerport.",0.06751054852320675,0.24444444444444444,False,punctuation_error;capitalization_error;spacing_error;missing_word_error
